tweet_id,author_id,inbound,created_at,text,response_tweet_id,in_response_to_tweet_id,clean_text,intent,escalation_decision
889418,AmazonHelp,False,Sat Oct 21 23:41:00 +0000 2017,"@331160 The account specialist is better suited to handle your account information, as we do not have access to your Amazon account. ^WM",889419,889417.0,"@331160 the account specialist is better suited to handle your account information, as we do not have access to your amazon account. ^wm",account_access,escalate
1102333,AmazonHelp,False,Sun Oct 15 07:33:23 +0000 2017,@380108 Sorry to know about the trouble you're facing with your account. Could you let us know if your account is on hold? ^AK,1102334,1102335.0,@380108 sorry to know about the trouble you're facing with your account. could you let us know if your account is on hold? ^ak,account_access,escalate
2578489,AmazonHelp,False,Thu Nov 16 21:56:00 +0000 2017,@731024 Can you tell us more about what's going on? Are you having trouble logging in to your account? ^RA,,2578490.0,@731024 can you tell us more about what's going on? are you having trouble logging in to your account? ^ra,account_access,escalate
421330,AmazonHelp,False,Tue Oct 10 14:47:00 +0000 2017,"@215399 Being a social media platform, we will not have access to your account details. ^KS 1/2",,421327.0,"@215399 being a social media platform, we will not have access to your account details. ^ks 1/2",account_access,escalate
889418,AmazonHelp,False,Sat Oct 21 23:41:00 +0000 2017,"@331160 The account specialist is better suited to handle your account information, as we do not have access to your Amazon account. ^WM",889419,889417.0,"@331160 the account specialist is better suited to handle your account information, as we do not have access to your amazon account. ^wm",account_access,escalate
432346,AmazonHelp,False,Tue Oct 10 16:01:00 +0000 2017,@206017 I understand your concern. We will not be able to access your account over twitter. (1/2) ^HD,"432347,432348",432343.0,@206017 i understand your concern. we will not be able to access your account over twitter. (1/2) ^hd,account_access,escalate
2578489,AmazonHelp,False,Thu Nov 16 21:56:00 +0000 2017,@731024 Can you tell us more about what's going on? Are you having trouble logging in to your account? ^RA,,2578490.0,@731024 can you tell us more about what's going on? are you having trouble logging in to your account? ^ra,account_access,escalate
2578489,AmazonHelp,False,Thu Nov 16 21:56:00 +0000 2017,@731024 Can you tell us more about what's going on? Are you having trouble logging in to your account? ^RA,,2578490.0,@731024 can you tell us more about what's going on? are you having trouble logging in to your account? ^ra,account_access,escalate
483053,AmazonHelp,False,Fri Dec 01 14:22:56 +0000 2017,"@229893 Hello, Jason! Have you received an email with instructions for unlocking your account? ^RO",483047,483054.0,"@229893 hello, jason! have you received an email with instructions for unlocking your account? ^ro",account_access,escalate
421330,AmazonHelp,False,Tue Oct 10 14:47:00 +0000 2017,"@215399 Being a social media platform, we will not have access to your account details. ^KS 1/2",,421327.0,"@215399 being a social media platform, we will not have access to your account details. ^ks 1/2",account_access,escalate
523420,AmazonHelp,False,Sat Dec 02 04:53:00 +0000 2017,"@240945 Hey, don't let the bank accounts, get you down! We got your back! ^HS",,523421.0,"@240945 hey, don't let the bank accounts, get you down! we got your back! ^hs",account_access,escalate
931573,AmazonHelp,False,Sat Oct 28 12:56:56 +0000 2017,"@340990 We certainly don't want you to feel this way, Madara! Without sharing account details, what's going on? ^AB",,931574.0,"@340990 we certainly don't want you to feel this way, madara! without sharing account details, what's going on? ^ab",account_access,escalate
539813,AmazonHelp,False,Sat Dec 02 14:58:00 +0000 2017,"@215812 I'm sorry for the poor experience. Without including any account details, can you tell us more about what's happened? We'd like to help from here! ^ZW",,539814.0,"@215812 i'm sorry for the poor experience. without including any account details, can you tell us more about what's happened? we'd like to help from here! ^zw",account_access,escalate
1075273,AmazonHelp,False,Thu Oct 26 01:56:41 +0000 2017,"@354052 We'll not be able to access your account over twitter, Sayantan. Please reply to the email. I'll get back to you. ^HD","1075274,1075275",1075272.0,"@354052 we'll not be able to access your account over twitter, sayantan. please reply to the email. i'll get back to you. ^hd",account_access,escalate
931573,AmazonHelp,False,Sat Oct 28 12:56:56 +0000 2017,"@340990 We certainly don't want you to feel this way, Madara! Without sharing account details, what's going on? ^AB",,931574.0,"@340990 we certainly don't want you to feel this way, madara! without sharing account details, what's going on? ^ab",account_access,escalate
1074607,AmazonHelp,False,Sun Oct 15 00:28:31 +0000 2017,"@373547 I'm sorry for the frustration. Without providing any account details, will you tell us more about what's going on? ^KB","1074608,1074609",1074610.0,"@373547 i'm sorry for the frustration. without providing any account details, will you tell us more about what's going on? ^kb",account_access,escalate
539813,AmazonHelp,False,Sat Dec 02 14:58:00 +0000 2017,"@215812 I'm sorry for the poor experience. Without including any account details, can you tell us more about what's happened? We'd like to help from here! ^ZW",,539814.0,"@215812 i'm sorry for the poor experience. without including any account details, can you tell us more about what's happened? we'd like to help from here! ^zw",account_access,escalate
539813,AmazonHelp,False,Sat Dec 02 14:58:00 +0000 2017,"@215812 I'm sorry for the poor experience. Without including any account details, can you tell us more about what's happened? We'd like to help from here! ^ZW",,539814.0,"@215812 i'm sorry for the poor experience. without including any account details, can you tell us more about what's happened? we'd like to help from here! ^zw",account_access,escalate
989791,AmazonHelp,False,Sat Nov 25 11:02:51 +0000 2017,"@354471 Hi. I'm very sorry to learn of your poor experiences. As we don't have access to account info here, we would ask you to get in touch - https://t.co/JzP7hlA23B so we can look into your concern in more detail. ^TP",989792,989793.0,"@354471 hi. i'm very sorry to learn of your poor experiences. as we don't have access to account info here, we would ask you to get in touch -  so we can look into your concern in more detail. ^tp",account_access,escalate
1197537,AmazonHelp,False,Wed Oct 25 03:42:37 +0000 2017,@401372 Please reach us via: https://t.co/vlvfJr4nN9 &gt; login to your Amazon.in account or select Skip Signin &gt; (1/3) ^VM,,1197533.0,@401372 please reach us via:  &gt; login to your amazon.in account or select skip signin &gt; (1/3) ^vm,account_access,escalate
2310279,AmazonHelp,False,Mon Nov 13 04:26:25 +0000 2017,"@616844 I'm sorry for the trouble accessing your account. When you have a moment, please reach out to us here: https://t.co/B66jrrR39c ^CL",2310280,2310281.0,"@616844 i'm sorry for the trouble accessing your account. when you have a moment, please reach out to us here:  ^cl",account_access,escalate
1102333,AmazonHelp,False,Sun Oct 15 07:33:23 +0000 2017,@380108 Sorry to know about the trouble you're facing with your account. Could you let us know if your account is on hold? ^AK,1102334,1102335.0,@380108 sorry to know about the trouble you're facing with your account. could you let us know if your account is on hold? ^ak,account_access,escalate
1102333,AmazonHelp,False,Sun Oct 15 07:33:23 +0000 2017,@380108 Sorry to know about the trouble you're facing with your account. Could you let us know if your account is on hold? ^AK,1102334,1102335.0,@380108 sorry to know about the trouble you're facing with your account. could you let us know if your account is on hold? ^ak,account_access,escalate
432346,AmazonHelp,False,Tue Oct 10 16:01:00 +0000 2017,@206017 I understand your concern. We will not be able to access your account over twitter. (1/2) ^HD,"432347,432348",432343.0,@206017 i understand your concern. we will not be able to access your account over twitter. (1/2) ^hd,account_access,escalate
539813,AmazonHelp,False,Sat Dec 02 14:58:00 +0000 2017,"@215812 I'm sorry for the poor experience. Without including any account details, can you tell us more about what's happened? We'd like to help from here! ^ZW",,539814.0,"@215812 i'm sorry for the poor experience. without including any account details, can you tell us more about what's happened? we'd like to help from here! ^zw",account_access,escalate
523420,AmazonHelp,False,Sat Dec 02 04:53:00 +0000 2017,"@240945 Hey, don't let the bank accounts, get you down! We got your back! ^HS",,523421.0,"@240945 hey, don't let the bank accounts, get you down! we got your back! ^hs",account_access,escalate
727380,AmazonHelp,False,Wed Oct 11 06:44:28 +0000 2017,@294247 Hi Katy- Sorry to hear about your account. Can you report this to us directly via:https://t.co/y1k4sjkBTh Thank you ^NV,,727381.0,@294247 hi katy- sorry to hear about your account. can you report this to us directly via: thank you ^nv,account_access,escalate
432346,AmazonHelp,False,Tue Oct 10 16:01:00 +0000 2017,@206017 I understand your concern. We will not be able to access your account over twitter. (1/2) ^HD,"432347,432348",432343.0,@206017 i understand your concern. we will not be able to access your account over twitter. (1/2) ^hd,account_access,escalate
889418,AmazonHelp,False,Sat Oct 21 23:41:00 +0000 2017,"@331160 The account specialist is better suited to handle your account information, as we do not have access to your Amazon account. ^WM",889419,889417.0,"@331160 the account specialist is better suited to handle your account information, as we do not have access to your amazon account. ^wm",account_access,escalate
234827,AmazonHelp,False,Thu Oct 05 13:17:36 +0000 2017,"@171913 Very sorry to hear this.If you were charged twice, this must have occurred on different accounts. Have you reached out to us?^CR",234828,234829.0,"@171913 very sorry to hear this.if you were charged twice, this must have occurred on different accounts. have you reached out to us?^cr",account_access,escalate
889418,AmazonHelp,False,Sat Oct 21 23:41:00 +0000 2017,"@331160 The account specialist is better suited to handle your account information, as we do not have access to your Amazon account. ^WM",889419,889417.0,"@331160 the account specialist is better suited to handle your account information, as we do not have access to your amazon account. ^wm",account_access,escalate
2061569,AmazonHelp,False,Sun Nov 26 12:09:31 +0000 2017,"@609702 I know this situation is stressful. It isn't that our representatives don't want to help you, they can't. Only our account specialist can review the information and assist you. It may take some time, but they will be in touch. Keep us posted! ^DA",2061570,2061571.0,"@609702 i know this situation is stressful. it isn't that our representatives don't want to help you, they can't. only our account specialist can review the information and assist you. it may take some time, but they will be in touch. keep us posted! ^da",account_access,escalate
483053,AmazonHelp,False,Fri Dec 01 14:22:56 +0000 2017,"@229893 Hello, Jason! Have you received an email with instructions for unlocking your account? ^RO",483047,483054.0,"@229893 hello, jason! have you received an email with instructions for unlocking your account? ^ro",account_access,escalate
528301,AmazonHelp,False,Sat Dec 02 16:06:52 +0000 2017,"@242309 As we do not have account access, we would be unable to assist with order details even if you provide us that information. Please reach out to us here: https://t.co/JzP7hlA23B so we may further assist. ^RO",,528297.0,"@242309 as we do not have account access, we would be unable to assist with order details even if you provide us that information. please reach out to us here:  so we may further assist. ^ro",account_access,escalate
2061569,AmazonHelp,False,Sun Nov 26 12:09:31 +0000 2017,"@609702 I know this situation is stressful. It isn't that our representatives don't want to help you, they can't. Only our account specialist can review the information and assist you. It may take some time, but they will be in touch. Keep us posted! ^DA",2061570,2061571.0,"@609702 i know this situation is stressful. it isn't that our representatives don't want to help you, they can't. only our account specialist can review the information and assist you. it may take some time, but they will be in touch. keep us posted! ^da",account_access,escalate
234827,AmazonHelp,False,Thu Oct 05 13:17:36 +0000 2017,"@171913 Very sorry to hear this.If you were charged twice, this must have occurred on different accounts. Have you reached out to us?^CR",234828,234829.0,"@171913 very sorry to hear this.if you were charged twice, this must have occurred on different accounts. have you reached out to us?^cr",account_access,escalate
931573,AmazonHelp,False,Sat Oct 28 12:56:56 +0000 2017,"@340990 We certainly don't want you to feel this way, Madara! Without sharing account details, what's going on? ^AB",,931574.0,"@340990 we certainly don't want you to feel this way, madara! without sharing account details, what's going on? ^ab",account_access,escalate
1102333,AmazonHelp,False,Sun Oct 15 07:33:23 +0000 2017,@380108 Sorry to know about the trouble you're facing with your account. Could you let us know if your account is on hold? ^AK,1102334,1102335.0,@380108 sorry to know about the trouble you're facing with your account. could you let us know if your account is on hold? ^ak,account_access,escalate
889418,AmazonHelp,False,Sat Oct 21 23:41:00 +0000 2017,"@331160 The account specialist is better suited to handle your account information, as we do not have access to your Amazon account. ^WM",889419,889417.0,"@331160 the account specialist is better suited to handle your account information, as we do not have access to your amazon account. ^wm",account_access,escalate
539813,AmazonHelp,False,Sat Dec 02 14:58:00 +0000 2017,"@215812 I'm sorry for the poor experience. Without including any account details, can you tell us more about what's happened? We'd like to help from here! ^ZW",,539814.0,"@215812 i'm sorry for the poor experience. without including any account details, can you tell us more about what's happened? we'd like to help from here! ^zw",account_access,escalate
421330,AmazonHelp,False,Tue Oct 10 14:47:00 +0000 2017,"@215399 Being a social media platform, we will not have access to your account details. ^KS 1/2",,421327.0,"@215399 being a social media platform, we will not have access to your account details. ^ks 1/2",account_access,escalate
1102333,AmazonHelp,False,Sun Oct 15 07:33:23 +0000 2017,@380108 Sorry to know about the trouble you're facing with your account. Could you let us know if your account is on hold? ^AK,1102334,1102335.0,@380108 sorry to know about the trouble you're facing with your account. could you let us know if your account is on hold? ^ak,account_access,escalate
523420,AmazonHelp,False,Sat Dec 02 04:53:00 +0000 2017,"@240945 Hey, don't let the bank accounts, get you down! We got your back! ^HS",,523421.0,"@240945 hey, don't let the bank accounts, get you down! we got your back! ^hs",account_access,escalate
528301,AmazonHelp,False,Sat Dec 02 16:06:52 +0000 2017,"@242309 As we do not have account access, we would be unable to assist with order details even if you provide us that information. Please reach out to us here: https://t.co/JzP7hlA23B so we may further assist. ^RO",,528297.0,"@242309 as we do not have account access, we would be unable to assist with order details even if you provide us that information. please reach out to us here:  so we may further assist. ^ro",account_access,escalate
989791,AmazonHelp,False,Sat Nov 25 11:02:51 +0000 2017,"@354471 Hi. I'm very sorry to learn of your poor experiences. As we don't have access to account info here, we would ask you to get in touch - https://t.co/JzP7hlA23B so we can look into your concern in more detail. ^TP",989792,989793.0,"@354471 hi. i'm very sorry to learn of your poor experiences. as we don't have access to account info here, we would ask you to get in touch -  so we can look into your concern in more detail. ^tp",account_access,escalate
483053,AmazonHelp,False,Fri Dec 01 14:22:56 +0000 2017,"@229893 Hello, Jason! Have you received an email with instructions for unlocking your account? ^RO",483047,483054.0,"@229893 hello, jason! have you received an email with instructions for unlocking your account? ^ro",account_access,escalate
2061569,AmazonHelp,False,Sun Nov 26 12:09:31 +0000 2017,"@609702 I know this situation is stressful. It isn't that our representatives don't want to help you, they can't. Only our account specialist can review the information and assist you. It may take some time, but they will be in touch. Keep us posted! ^DA",2061570,2061571.0,"@609702 i know this situation is stressful. it isn't that our representatives don't want to help you, they can't. only our account specialist can review the information and assist you. it may take some time, but they will be in touch. keep us posted! ^da",account_access,escalate
421330,AmazonHelp,False,Tue Oct 10 14:47:00 +0000 2017,"@215399 Being a social media platform, we will not have access to your account details. ^KS 1/2",,421327.0,"@215399 being a social media platform, we will not have access to your account details. ^ks 1/2",account_access,escalate
483053,AmazonHelp,False,Fri Dec 01 14:22:56 +0000 2017,"@229893 Hello, Jason! Have you received an email with instructions for unlocking your account? ^RO",483047,483054.0,"@229893 hello, jason! have you received an email with instructions for unlocking your account? ^ro",account_access,escalate
931573,AmazonHelp,False,Sat Oct 28 12:56:56 +0000 2017,"@340990 We certainly don't want you to feel this way, Madara! Without sharing account details, what's going on? ^AB",,931574.0,"@340990 we certainly don't want you to feel this way, madara! without sharing account details, what's going on? ^ab",account_access,escalate
1075273,AmazonHelp,False,Thu Oct 26 01:56:41 +0000 2017,"@354052 We'll not be able to access your account over twitter, Sayantan. Please reply to the email. I'll get back to you. ^HD","1075274,1075275",1075272.0,"@354052 we'll not be able to access your account over twitter, sayantan. please reply to the email. i'll get back to you. ^hd",account_access,escalate
1197537,AmazonHelp,False,Wed Oct 25 03:42:37 +0000 2017,@401372 Please reach us via: https://t.co/vlvfJr4nN9 &gt; login to your Amazon.in account or select Skip Signin &gt; (1/3) ^VM,,1197533.0,@401372 please reach us via:  &gt; login to your amazon.in account or select skip signin &gt; (1/3) ^vm,account_access,escalate
483053,AmazonHelp,False,Fri Dec 01 14:22:56 +0000 2017,"@229893 Hello, Jason! Have you received an email with instructions for unlocking your account? ^RO",483047,483054.0,"@229893 hello, jason! have you received an email with instructions for unlocking your account? ^ro",account_access,escalate
2061569,AmazonHelp,False,Sun Nov 26 12:09:31 +0000 2017,"@609702 I know this situation is stressful. It isn't that our representatives don't want to help you, they can't. Only our account specialist can review the information and assist you. It may take some time, but they will be in touch. Keep us posted! ^DA",2061570,2061571.0,"@609702 i know this situation is stressful. it isn't that our representatives don't want to help you, they can't. only our account specialist can review the information and assist you. it may take some time, but they will be in touch. keep us posted! ^da",account_access,escalate
539813,AmazonHelp,False,Sat Dec 02 14:58:00 +0000 2017,"@215812 I'm sorry for the poor experience. Without including any account details, can you tell us more about what's happened? We'd like to help from here! ^ZW",,539814.0,"@215812 i'm sorry for the poor experience. without including any account details, can you tell us more about what's happened? we'd like to help from here! ^zw",account_access,escalate
931573,AmazonHelp,False,Sat Oct 28 12:56:56 +0000 2017,"@340990 We certainly don't want you to feel this way, Madara! Without sharing account details, what's going on? ^AB",,931574.0,"@340990 we certainly don't want you to feel this way, madara! without sharing account details, what's going on? ^ab",account_access,escalate
1197537,AmazonHelp,False,Wed Oct 25 03:42:37 +0000 2017,@401372 Please reach us via: https://t.co/vlvfJr4nN9 &gt; login to your Amazon.in account or select Skip Signin &gt; (1/3) ^VM,,1197533.0,@401372 please reach us via:  &gt; login to your amazon.in account or select skip signin &gt; (1/3) ^vm,account_access,escalate
483053,AmazonHelp,False,Fri Dec 01 14:22:56 +0000 2017,"@229893 Hello, Jason! Have you received an email with instructions for unlocking your account? ^RO",483047,483054.0,"@229893 hello, jason! have you received an email with instructions for unlocking your account? ^ro",account_access,escalate
528301,AmazonHelp,False,Sat Dec 02 16:06:52 +0000 2017,"@242309 As we do not have account access, we would be unable to assist with order details even if you provide us that information. Please reach out to us here: https://t.co/JzP7hlA23B so we may further assist. ^RO",,528297.0,"@242309 as we do not have account access, we would be unable to assist with order details even if you provide us that information. please reach out to us here:  so we may further assist. ^ro",account_access,escalate
2310279,AmazonHelp,False,Mon Nov 13 04:26:25 +0000 2017,"@616844 I'm sorry for the trouble accessing your account. When you have a moment, please reach out to us here: https://t.co/B66jrrR39c ^CL",2310280,2310281.0,"@616844 i'm sorry for the trouble accessing your account. when you have a moment, please reach out to us here:  ^cl",account_access,escalate
1102333,AmazonHelp,False,Sun Oct 15 07:33:23 +0000 2017,@380108 Sorry to know about the trouble you're facing with your account. Could you let us know if your account is on hold? ^AK,1102334,1102335.0,@380108 sorry to know about the trouble you're facing with your account. could you let us know if your account is on hold? ^ak,account_access,escalate
421330,AmazonHelp,False,Tue Oct 10 14:47:00 +0000 2017,"@215399 Being a social media platform, we will not have access to your account details. ^KS 1/2",,421327.0,"@215399 being a social media platform, we will not have access to your account details. ^ks 1/2",account_access,escalate
528301,AmazonHelp,False,Sat Dec 02 16:06:52 +0000 2017,"@242309 As we do not have account access, we would be unable to assist with order details even if you provide us that information. Please reach out to us here: https://t.co/JzP7hlA23B so we may further assist. ^RO",,528297.0,"@242309 as we do not have account access, we would be unable to assist with order details even if you provide us that information. please reach out to us here:  so we may further assist. ^ro",account_access,escalate
421330,AmazonHelp,False,Tue Oct 10 14:47:00 +0000 2017,"@215399 Being a social media platform, we will not have access to your account details. ^KS 1/2",,421327.0,"@215399 being a social media platform, we will not have access to your account details. ^ks 1/2",account_access,escalate
2310279,AmazonHelp,False,Mon Nov 13 04:26:25 +0000 2017,"@616844 I'm sorry for the trouble accessing your account. When you have a moment, please reach out to us here: https://t.co/B66jrrR39c ^CL",2310280,2310281.0,"@616844 i'm sorry for the trouble accessing your account. when you have a moment, please reach out to us here:  ^cl",account_access,escalate
2599756,AmazonHelp,False,Fri Nov 17 06:21:23 +0000 2017,"@735956 Being a social platform we'll not have general access to your account, a call/email/chat is required to gain access. You may call us here: https://t.co/vlvfJr4nN9 for any assistance. ^MJ",,2599755.0,"@735956 being a social platform we'll not have general access to your account, a call/email/chat is required to gain access. you may call us here:  for any assistance. ^mj",account_access,escalate
2061569,AmazonHelp,False,Sun Nov 26 12:09:31 +0000 2017,"@609702 I know this situation is stressful. It isn't that our representatives don't want to help you, they can't. Only our account specialist can review the information and assist you. It may take some time, but they will be in touch. Keep us posted! ^DA",2061570,2061571.0,"@609702 i know this situation is stressful. it isn't that our representatives don't want to help you, they can't. only our account specialist can review the information and assist you. it may take some time, but they will be in touch. keep us posted! ^da",account_access,escalate
1102333,AmazonHelp,False,Sun Oct 15 07:33:23 +0000 2017,@380108 Sorry to know about the trouble you're facing with your account. Could you let us know if your account is on hold? ^AK,1102334,1102335.0,@380108 sorry to know about the trouble you're facing with your account. could you let us know if your account is on hold? ^ak,account_access,escalate
2599756,AmazonHelp,False,Fri Nov 17 06:21:23 +0000 2017,"@735956 Being a social platform we'll not have general access to your account, a call/email/chat is required to gain access. You may call us here: https://t.co/vlvfJr4nN9 for any assistance. ^MJ",,2599755.0,"@735956 being a social platform we'll not have general access to your account, a call/email/chat is required to gain access. you may call us here:  for any assistance. ^mj",account_access,escalate
234827,AmazonHelp,False,Thu Oct 05 13:17:36 +0000 2017,"@171913 Very sorry to hear this.If you were charged twice, this must have occurred on different accounts. Have you reached out to us?^CR",234828,234829.0,"@171913 very sorry to hear this.if you were charged twice, this must have occurred on different accounts. have you reached out to us?^cr",account_access,escalate
1102333,AmazonHelp,False,Sun Oct 15 07:33:23 +0000 2017,@380108 Sorry to know about the trouble you're facing with your account. Could you let us know if your account is on hold? ^AK,1102334,1102335.0,@380108 sorry to know about the trouble you're facing with your account. could you let us know if your account is on hold? ^ak,account_access,escalate
2599756,AmazonHelp,False,Fri Nov 17 06:21:23 +0000 2017,"@735956 Being a social platform we'll not have general access to your account, a call/email/chat is required to gain access. You may call us here: https://t.co/vlvfJr4nN9 for any assistance. ^MJ",,2599755.0,"@735956 being a social platform we'll not have general access to your account, a call/email/chat is required to gain access. you may call us here:  for any assistance. ^mj",account_access,escalate
1074607,AmazonHelp,False,Sun Oct 15 00:28:31 +0000 2017,"@373547 I'm sorry for the frustration. Without providing any account details, will you tell us more about what's going on? ^KB","1074608,1074609",1074610.0,"@373547 i'm sorry for the frustration. without providing any account details, will you tell us more about what's going on? ^kb",account_access,escalate
889418,AmazonHelp,False,Sat Oct 21 23:41:00 +0000 2017,"@331160 The account specialist is better suited to handle your account information, as we do not have access to your Amazon account. ^WM",889419,889417.0,"@331160 the account specialist is better suited to handle your account information, as we do not have access to your amazon account. ^wm",account_access,escalate
234827,AmazonHelp,False,Thu Oct 05 13:17:36 +0000 2017,"@171913 Very sorry to hear this.If you were charged twice, this must have occurred on different accounts. Have you reached out to us?^CR",234828,234829.0,"@171913 very sorry to hear this.if you were charged twice, this must have occurred on different accounts. have you reached out to us?^cr",account_access,escalate
1074607,AmazonHelp,False,Sun Oct 15 00:28:31 +0000 2017,"@373547 I'm sorry for the frustration. Without providing any account details, will you tell us more about what's going on? ^KB","1074608,1074609",1074610.0,"@373547 i'm sorry for the frustration. without providing any account details, will you tell us more about what's going on? ^kb",account_access,escalate
539813,AmazonHelp,False,Sat Dec 02 14:58:00 +0000 2017,"@215812 I'm sorry for the poor experience. Without including any account details, can you tell us more about what's happened? We'd like to help from here! ^ZW",,539814.0,"@215812 i'm sorry for the poor experience. without including any account details, can you tell us more about what's happened? we'd like to help from here! ^zw",account_access,escalate
421330,AmazonHelp,False,Tue Oct 10 14:47:00 +0000 2017,"@215399 Being a social media platform, we will not have access to your account details. ^KS 1/2",,421327.0,"@215399 being a social media platform, we will not have access to your account details. ^ks 1/2",account_access,escalate
2578489,AmazonHelp,False,Thu Nov 16 21:56:00 +0000 2017,@731024 Can you tell us more about what's going on? Are you having trouble logging in to your account? ^RA,,2578490.0,@731024 can you tell us more about what's going on? are you having trouble logging in to your account? ^ra,account_access,escalate
432346,AmazonHelp,False,Tue Oct 10 16:01:00 +0000 2017,@206017 I understand your concern. We will not be able to access your account over twitter. (1/2) ^HD,"432347,432348",432343.0,@206017 i understand your concern. we will not be able to access your account over twitter. (1/2) ^hd,account_access,escalate
989791,AmazonHelp,False,Sat Nov 25 11:02:51 +0000 2017,"@354471 Hi. I'm very sorry to learn of your poor experiences. As we don't have access to account info here, we would ask you to get in touch - https://t.co/JzP7hlA23B so we can look into your concern in more detail. ^TP",989792,989793.0,"@354471 hi. i'm very sorry to learn of your poor experiences. as we don't have access to account info here, we would ask you to get in touch -  so we can look into your concern in more detail. ^tp",account_access,escalate
421330,AmazonHelp,False,Tue Oct 10 14:47:00 +0000 2017,"@215399 Being a social media platform, we will not have access to your account details. ^KS 1/2",,421327.0,"@215399 being a social media platform, we will not have access to your account details. ^ks 1/2",account_access,escalate
523420,AmazonHelp,False,Sat Dec 02 04:53:00 +0000 2017,"@240945 Hey, don't let the bank accounts, get you down! We got your back! ^HS",,523421.0,"@240945 hey, don't let the bank accounts, get you down! we got your back! ^hs",account_access,escalate
523420,AmazonHelp,False,Sat Dec 02 04:53:00 +0000 2017,"@240945 Hey, don't let the bank accounts, get you down! We got your back! ^HS",,523421.0,"@240945 hey, don't let the bank accounts, get you down! we got your back! ^hs",account_access,escalate
1074607,AmazonHelp,False,Sun Oct 15 00:28:31 +0000 2017,"@373547 I'm sorry for the frustration. Without providing any account details, will you tell us more about what's going on? ^KB","1074608,1074609",1074610.0,"@373547 i'm sorry for the frustration. without providing any account details, will you tell us more about what's going on? ^kb",account_access,escalate
727380,AmazonHelp,False,Wed Oct 11 06:44:28 +0000 2017,@294247 Hi Katy- Sorry to hear about your account. Can you report this to us directly via:https://t.co/y1k4sjkBTh Thank you ^NV,,727381.0,@294247 hi katy- sorry to hear about your account. can you report this to us directly via: thank you ^nv,account_access,escalate
1197537,AmazonHelp,False,Wed Oct 25 03:42:37 +0000 2017,@401372 Please reach us via: https://t.co/vlvfJr4nN9 &gt; login to your Amazon.in account or select Skip Signin &gt; (1/3) ^VM,,1197533.0,@401372 please reach us via:  &gt; login to your amazon.in account or select skip signin &gt; (1/3) ^vm,account_access,escalate
889418,AmazonHelp,False,Sat Oct 21 23:41:00 +0000 2017,"@331160 The account specialist is better suited to handle your account information, as we do not have access to your Amazon account. ^WM",889419,889417.0,"@331160 the account specialist is better suited to handle your account information, as we do not have access to your amazon account. ^wm",account_access,escalate
234827,AmazonHelp,False,Thu Oct 05 13:17:36 +0000 2017,"@171913 Very sorry to hear this.If you were charged twice, this must have occurred on different accounts. Have you reached out to us?^CR",234828,234829.0,"@171913 very sorry to hear this.if you were charged twice, this must have occurred on different accounts. have you reached out to us?^cr",account_access,escalate
889418,AmazonHelp,False,Sat Oct 21 23:41:00 +0000 2017,"@331160 The account specialist is better suited to handle your account information, as we do not have access to your Amazon account. ^WM",889419,889417.0,"@331160 the account specialist is better suited to handle your account information, as we do not have access to your amazon account. ^wm",account_access,escalate
234827,AmazonHelp,False,Thu Oct 05 13:17:36 +0000 2017,"@171913 Very sorry to hear this.If you were charged twice, this must have occurred on different accounts. Have you reached out to us?^CR",234828,234829.0,"@171913 very sorry to hear this.if you were charged twice, this must have occurred on different accounts. have you reached out to us?^cr",account_access,escalate
421330,AmazonHelp,False,Tue Oct 10 14:47:00 +0000 2017,"@215399 Being a social media platform, we will not have access to your account details. ^KS 1/2",,421327.0,"@215399 being a social media platform, we will not have access to your account details. ^ks 1/2",account_access,escalate
539813,AmazonHelp,False,Sat Dec 02 14:58:00 +0000 2017,"@215812 I'm sorry for the poor experience. Without including any account details, can you tell us more about what's happened? We'd like to help from here! ^ZW",,539814.0,"@215812 i'm sorry for the poor experience. without including any account details, can you tell us more about what's happened? we'd like to help from here! ^zw",account_access,escalate
931573,AmazonHelp,False,Sat Oct 28 12:56:56 +0000 2017,"@340990 We certainly don't want you to feel this way, Madara! Without sharing account details, what's going on? ^AB",,931574.0,"@340990 we certainly don't want you to feel this way, madara! without sharing account details, what's going on? ^ab",account_access,escalate
1074607,AmazonHelp,False,Sun Oct 15 00:28:31 +0000 2017,"@373547 I'm sorry for the frustration. Without providing any account details, will you tell us more about what's going on? ^KB","1074608,1074609",1074610.0,"@373547 i'm sorry for the frustration. without providing any account details, will you tell us more about what's going on? ^kb",account_access,escalate
2310279,AmazonHelp,False,Mon Nov 13 04:26:25 +0000 2017,"@616844 I'm sorry for the trouble accessing your account. When you have a moment, please reach out to us here: https://t.co/B66jrrR39c ^CL",2310280,2310281.0,"@616844 i'm sorry for the trouble accessing your account. when you have a moment, please reach out to us here:  ^cl",account_access,escalate
727380,AmazonHelp,False,Wed Oct 11 06:44:28 +0000 2017,@294247 Hi Katy- Sorry to hear about your account. Can you report this to us directly via:https://t.co/y1k4sjkBTh Thank you ^NV,,727381.0,@294247 hi katy- sorry to hear about your account. can you report this to us directly via: thank you ^nv,account_access,escalate
523420,AmazonHelp,False,Sat Dec 02 04:53:00 +0000 2017,"@240945 Hey, don't let the bank accounts, get you down! We got your back! ^HS",,523421.0,"@240945 hey, don't let the bank accounts, get you down! we got your back! ^hs",account_access,escalate
539813,AmazonHelp,False,Sat Dec 02 14:58:00 +0000 2017,"@215812 I'm sorry for the poor experience. Without including any account details, can you tell us more about what's happened? We'd like to help from here! ^ZW",,539814.0,"@215812 i'm sorry for the poor experience. without including any account details, can you tell us more about what's happened? we'd like to help from here! ^zw",account_access,escalate
421330,AmazonHelp,False,Tue Oct 10 14:47:00 +0000 2017,"@215399 Being a social media platform, we will not have access to your account details. ^KS 1/2",,421327.0,"@215399 being a social media platform, we will not have access to your account details. ^ks 1/2",account_access,escalate
523420,AmazonHelp,False,Sat Dec 02 04:53:00 +0000 2017,"@240945 Hey, don't let the bank accounts, get you down! We got your back! ^HS",,523421.0,"@240945 hey, don't let the bank accounts, get you down! we got your back! ^hs",account_access,escalate
1074607,AmazonHelp,False,Sun Oct 15 00:28:31 +0000 2017,"@373547 I'm sorry for the frustration. Without providing any account details, will you tell us more about what's going on? ^KB","1074608,1074609",1074610.0,"@373547 i'm sorry for the frustration. without providing any account details, will you tell us more about what's going on? ^kb",account_access,escalate
523420,AmazonHelp,False,Sat Dec 02 04:53:00 +0000 2017,"@240945 Hey, don't let the bank accounts, get you down! We got your back! ^HS",,523421.0,"@240945 hey, don't let the bank accounts, get you down! we got your back! ^hs",account_access,escalate
727380,AmazonHelp,False,Wed Oct 11 06:44:28 +0000 2017,@294247 Hi Katy- Sorry to hear about your account. Can you report this to us directly via:https://t.co/y1k4sjkBTh Thank you ^NV,,727381.0,@294247 hi katy- sorry to hear about your account. can you report this to us directly via: thank you ^nv,account_access,escalate
1102333,AmazonHelp,False,Sun Oct 15 07:33:23 +0000 2017,@380108 Sorry to know about the trouble you're facing with your account. Could you let us know if your account is on hold? ^AK,1102334,1102335.0,@380108 sorry to know about the trouble you're facing with your account. could you let us know if your account is on hold? ^ak,account_access,escalate
528301,AmazonHelp,False,Sat Dec 02 16:06:52 +0000 2017,"@242309 As we do not have account access, we would be unable to assist with order details even if you provide us that information. Please reach out to us here: https://t.co/JzP7hlA23B so we may further assist. ^RO",,528297.0,"@242309 as we do not have account access, we would be unable to assist with order details even if you provide us that information. please reach out to us here:  so we may further assist. ^ro",account_access,escalate
523420,AmazonHelp,False,Sat Dec 02 04:53:00 +0000 2017,"@240945 Hey, don't let the bank accounts, get you down! We got your back! ^HS",,523421.0,"@240945 hey, don't let the bank accounts, get you down! we got your back! ^hs",account_access,escalate
1074607,AmazonHelp,False,Sun Oct 15 00:28:31 +0000 2017,"@373547 I'm sorry for the frustration. Without providing any account details, will you tell us more about what's going on? ^KB","1074608,1074609",1074610.0,"@373547 i'm sorry for the frustration. without providing any account details, will you tell us more about what's going on? ^kb",account_access,escalate
727380,AmazonHelp,False,Wed Oct 11 06:44:28 +0000 2017,@294247 Hi Katy- Sorry to hear about your account. Can you report this to us directly via:https://t.co/y1k4sjkBTh Thank you ^NV,,727381.0,@294247 hi katy- sorry to hear about your account. can you report this to us directly via: thank you ^nv,account_access,escalate
528301,AmazonHelp,False,Sat Dec 02 16:06:52 +0000 2017,"@242309 As we do not have account access, we would be unable to assist with order details even if you provide us that information. Please reach out to us here: https://t.co/JzP7hlA23B so we may further assist. ^RO",,528297.0,"@242309 as we do not have account access, we would be unable to assist with order details even if you provide us that information. please reach out to us here:  so we may further assist. ^ro",account_access,escalate
889418,AmazonHelp,False,Sat Oct 21 23:41:00 +0000 2017,"@331160 The account specialist is better suited to handle your account information, as we do not have access to your Amazon account. ^WM",889419,889417.0,"@331160 the account specialist is better suited to handle your account information, as we do not have access to your amazon account. ^wm",account_access,escalate
234827,AmazonHelp,False,Thu Oct 05 13:17:36 +0000 2017,"@171913 Very sorry to hear this.If you were charged twice, this must have occurred on different accounts. Have you reached out to us?^CR",234828,234829.0,"@171913 very sorry to hear this.if you were charged twice, this must have occurred on different accounts. have you reached out to us?^cr",account_access,escalate
1102333,AmazonHelp,False,Sun Oct 15 07:33:23 +0000 2017,@380108 Sorry to know about the trouble you're facing with your account. Could you let us know if your account is on hold? ^AK,1102334,1102335.0,@380108 sorry to know about the trouble you're facing with your account. could you let us know if your account is on hold? ^ak,account_access,escalate
1102333,AmazonHelp,False,Sun Oct 15 07:33:23 +0000 2017,@380108 Sorry to know about the trouble you're facing with your account. Could you let us know if your account is on hold? ^AK,1102334,1102335.0,@380108 sorry to know about the trouble you're facing with your account. could you let us know if your account is on hold? ^ak,account_access,escalate
1197537,AmazonHelp,False,Wed Oct 25 03:42:37 +0000 2017,@401372 Please reach us via: https://t.co/vlvfJr4nN9 &gt; login to your Amazon.in account or select Skip Signin &gt; (1/3) ^VM,,1197533.0,@401372 please reach us via:  &gt; login to your amazon.in account or select skip signin &gt; (1/3) ^vm,account_access,escalate
2599756,AmazonHelp,False,Fri Nov 17 06:21:23 +0000 2017,"@735956 Being a social platform we'll not have general access to your account, a call/email/chat is required to gain access. You may call us here: https://t.co/vlvfJr4nN9 for any assistance. ^MJ",,2599755.0,"@735956 being a social platform we'll not have general access to your account, a call/email/chat is required to gain access. you may call us here:  for any assistance. ^mj",account_access,escalate
432346,AmazonHelp,False,Tue Oct 10 16:01:00 +0000 2017,@206017 I understand your concern. We will not be able to access your account over twitter. (1/2) ^HD,"432347,432348",432343.0,@206017 i understand your concern. we will not be able to access your account over twitter. (1/2) ^hd,account_access,escalate
889418,AmazonHelp,False,Sat Oct 21 23:41:00 +0000 2017,"@331160 The account specialist is better suited to handle your account information, as we do not have access to your Amazon account. ^WM",889419,889417.0,"@331160 the account specialist is better suited to handle your account information, as we do not have access to your amazon account. ^wm",account_access,escalate
989791,AmazonHelp,False,Sat Nov 25 11:02:51 +0000 2017,"@354471 Hi. I'm very sorry to learn of your poor experiences. As we don't have access to account info here, we would ask you to get in touch - https://t.co/JzP7hlA23B so we can look into your concern in more detail. ^TP",989792,989793.0,"@354471 hi. i'm very sorry to learn of your poor experiences. as we don't have access to account info here, we would ask you to get in touch -  so we can look into your concern in more detail. ^tp",account_access,escalate
483053,AmazonHelp,False,Fri Dec 01 14:22:56 +0000 2017,"@229893 Hello, Jason! Have you received an email with instructions for unlocking your account? ^RO",483047,483054.0,"@229893 hello, jason! have you received an email with instructions for unlocking your account? ^ro",account_access,escalate
727380,AmazonHelp,False,Wed Oct 11 06:44:28 +0000 2017,@294247 Hi Katy- Sorry to hear about your account. Can you report this to us directly via:https://t.co/y1k4sjkBTh Thank you ^NV,,727381.0,@294247 hi katy- sorry to hear about your account. can you report this to us directly via: thank you ^nv,account_access,escalate
889418,AmazonHelp,False,Sat Oct 21 23:41:00 +0000 2017,"@331160 The account specialist is better suited to handle your account information, as we do not have access to your Amazon account. ^WM",889419,889417.0,"@331160 the account specialist is better suited to handle your account information, as we do not have access to your amazon account. ^wm",account_access,escalate
2599756,AmazonHelp,False,Fri Nov 17 06:21:23 +0000 2017,"@735956 Being a social platform we'll not have general access to your account, a call/email/chat is required to gain access. You may call us here: https://t.co/vlvfJr4nN9 for any assistance. ^MJ",,2599755.0,"@735956 being a social platform we'll not have general access to your account, a call/email/chat is required to gain access. you may call us here:  for any assistance. ^mj",account_access,escalate
1102333,AmazonHelp,False,Sun Oct 15 07:33:23 +0000 2017,@380108 Sorry to know about the trouble you're facing with your account. Could you let us know if your account is on hold? ^AK,1102334,1102335.0,@380108 sorry to know about the trouble you're facing with your account. could you let us know if your account is on hold? ^ak,account_access,escalate
2578489,AmazonHelp,False,Thu Nov 16 21:56:00 +0000 2017,@731024 Can you tell us more about what's going on? Are you having trouble logging in to your account? ^RA,,2578490.0,@731024 can you tell us more about what's going on? are you having trouble logging in to your account? ^ra,account_access,escalate
483053,AmazonHelp,False,Fri Dec 01 14:22:56 +0000 2017,"@229893 Hello, Jason! Have you received an email with instructions for unlocking your account? ^RO",483047,483054.0,"@229893 hello, jason! have you received an email with instructions for unlocking your account? ^ro",account_access,escalate
2599756,AmazonHelp,False,Fri Nov 17 06:21:23 +0000 2017,"@735956 Being a social platform we'll not have general access to your account, a call/email/chat is required to gain access. You may call us here: https://t.co/vlvfJr4nN9 for any assistance. ^MJ",,2599755.0,"@735956 being a social platform we'll not have general access to your account, a call/email/chat is required to gain access. you may call us here:  for any assistance. ^mj",account_access,escalate
889418,AmazonHelp,False,Sat Oct 21 23:41:00 +0000 2017,"@331160 The account specialist is better suited to handle your account information, as we do not have access to your Amazon account. ^WM",889419,889417.0,"@331160 the account specialist is better suited to handle your account information, as we do not have access to your amazon account. ^wm",account_access,escalate
432346,AmazonHelp,False,Tue Oct 10 16:01:00 +0000 2017,@206017 I understand your concern. We will not be able to access your account over twitter. (1/2) ^HD,"432347,432348",432343.0,@206017 i understand your concern. we will not be able to access your account over twitter. (1/2) ^hd,account_access,escalate
931573,AmazonHelp,False,Sat Oct 28 12:56:56 +0000 2017,"@340990 We certainly don't want you to feel this way, Madara! Without sharing account details, what's going on? ^AB",,931574.0,"@340990 we certainly don't want you to feel this way, madara! without sharing account details, what's going on? ^ab",account_access,escalate
1197537,AmazonHelp,False,Wed Oct 25 03:42:37 +0000 2017,@401372 Please reach us via: https://t.co/vlvfJr4nN9 &gt; login to your Amazon.in account or select Skip Signin &gt; (1/3) ^VM,,1197533.0,@401372 please reach us via:  &gt; login to your amazon.in account or select skip signin &gt; (1/3) ^vm,account_access,escalate
2599756,AmazonHelp,False,Fri Nov 17 06:21:23 +0000 2017,"@735956 Being a social platform we'll not have general access to your account, a call/email/chat is required to gain access. You may call us here: https://t.co/vlvfJr4nN9 for any assistance. ^MJ",,2599755.0,"@735956 being a social platform we'll not have general access to your account, a call/email/chat is required to gain access. you may call us here:  for any assistance. ^mj",account_access,escalate
1075273,AmazonHelp,False,Thu Oct 26 01:56:41 +0000 2017,"@354052 We'll not be able to access your account over twitter, Sayantan. Please reply to the email. I'll get back to you. ^HD","1075274,1075275",1075272.0,"@354052 we'll not be able to access your account over twitter, sayantan. please reply to the email. i'll get back to you. ^hd",account_access,escalate
539813,AmazonHelp,False,Sat Dec 02 14:58:00 +0000 2017,"@215812 I'm sorry for the poor experience. Without including any account details, can you tell us more about what's happened? We'd like to help from here! ^ZW",,539814.0,"@215812 i'm sorry for the poor experience. without including any account details, can you tell us more about what's happened? we'd like to help from here! ^zw",account_access,escalate
539813,AmazonHelp,False,Sat Dec 02 14:58:00 +0000 2017,"@215812 I'm sorry for the poor experience. Without including any account details, can you tell us more about what's happened? We'd like to help from here! ^ZW",,539814.0,"@215812 i'm sorry for the poor experience. without including any account details, can you tell us more about what's happened? we'd like to help from here! ^zw",account_access,escalate
2578489,AmazonHelp,False,Thu Nov 16 21:56:00 +0000 2017,@731024 Can you tell us more about what's going on? Are you having trouble logging in to your account? ^RA,,2578490.0,@731024 can you tell us more about what's going on? are you having trouble logging in to your account? ^ra,account_access,escalate
889418,AmazonHelp,False,Sat Oct 21 23:41:00 +0000 2017,"@331160 The account specialist is better suited to handle your account information, as we do not have access to your Amazon account. ^WM",889419,889417.0,"@331160 the account specialist is better suited to handle your account information, as we do not have access to your amazon account. ^wm",account_access,escalate
1074607,AmazonHelp,False,Sun Oct 15 00:28:31 +0000 2017,"@373547 I'm sorry for the frustration. Without providing any account details, will you tell us more about what's going on? ^KB","1074608,1074609",1074610.0,"@373547 i'm sorry for the frustration. without providing any account details, will you tell us more about what's going on? ^kb",account_access,escalate
1074607,AmazonHelp,False,Sun Oct 15 00:28:31 +0000 2017,"@373547 I'm sorry for the frustration. Without providing any account details, will you tell us more about what's going on? ^KB","1074608,1074609",1074610.0,"@373547 i'm sorry for the frustration. without providing any account details, will you tell us more about what's going on? ^kb",account_access,escalate
2599756,AmazonHelp,False,Fri Nov 17 06:21:23 +0000 2017,"@735956 Being a social platform we'll not have general access to your account, a call/email/chat is required to gain access. You may call us here: https://t.co/vlvfJr4nN9 for any assistance. ^MJ",,2599755.0,"@735956 being a social platform we'll not have general access to your account, a call/email/chat is required to gain access. you may call us here:  for any assistance. ^mj",account_access,escalate
234827,AmazonHelp,False,Thu Oct 05 13:17:36 +0000 2017,"@171913 Very sorry to hear this.If you were charged twice, this must have occurred on different accounts. Have you reached out to us?^CR",234828,234829.0,"@171913 very sorry to hear this.if you were charged twice, this must have occurred on different accounts. have you reached out to us?^cr",account_access,escalate
523420,AmazonHelp,False,Sat Dec 02 04:53:00 +0000 2017,"@240945 Hey, don't let the bank accounts, get you down! We got your back! ^HS",,523421.0,"@240945 hey, don't let the bank accounts, get you down! we got your back! ^hs",account_access,escalate
889418,AmazonHelp,False,Sat Oct 21 23:41:00 +0000 2017,"@331160 The account specialist is better suited to handle your account information, as we do not have access to your Amazon account. ^WM",889419,889417.0,"@331160 the account specialist is better suited to handle your account information, as we do not have access to your amazon account. ^wm",account_access,escalate
1075273,AmazonHelp,False,Thu Oct 26 01:56:41 +0000 2017,"@354052 We'll not be able to access your account over twitter, Sayantan. Please reply to the email. I'll get back to you. ^HD","1075274,1075275",1075272.0,"@354052 we'll not be able to access your account over twitter, sayantan. please reply to the email. i'll get back to you. ^hd",account_access,escalate
421330,AmazonHelp,False,Tue Oct 10 14:47:00 +0000 2017,"@215399 Being a social media platform, we will not have access to your account details. ^KS 1/2",,421327.0,"@215399 being a social media platform, we will not have access to your account details. ^ks 1/2",account_access,escalate
234827,AmazonHelp,False,Thu Oct 05 13:17:36 +0000 2017,"@171913 Very sorry to hear this.If you were charged twice, this must have occurred on different accounts. Have you reached out to us?^CR",234828,234829.0,"@171913 very sorry to hear this.if you were charged twice, this must have occurred on different accounts. have you reached out to us?^cr",account_access,escalate
727380,AmazonHelp,False,Wed Oct 11 06:44:28 +0000 2017,@294247 Hi Katy- Sorry to hear about your account. Can you report this to us directly via:https://t.co/y1k4sjkBTh Thank you ^NV,,727381.0,@294247 hi katy- sorry to hear about your account. can you report this to us directly via: thank you ^nv,account_access,escalate
1074607,AmazonHelp,False,Sun Oct 15 00:28:31 +0000 2017,"@373547 I'm sorry for the frustration. Without providing any account details, will you tell us more about what's going on? ^KB","1074608,1074609",1074610.0,"@373547 i'm sorry for the frustration. without providing any account details, will you tell us more about what's going on? ^kb",account_access,escalate
432346,AmazonHelp,False,Tue Oct 10 16:01:00 +0000 2017,@206017 I understand your concern. We will not be able to access your account over twitter. (1/2) ^HD,"432347,432348",432343.0,@206017 i understand your concern. we will not be able to access your account over twitter. (1/2) ^hd,account_access,escalate
1197537,AmazonHelp,False,Wed Oct 25 03:42:37 +0000 2017,@401372 Please reach us via: https://t.co/vlvfJr4nN9 &gt; login to your Amazon.in account or select Skip Signin &gt; (1/3) ^VM,,1197533.0,@401372 please reach us via:  &gt; login to your amazon.in account or select skip signin &gt; (1/3) ^vm,account_access,escalate
539813,AmazonHelp,False,Sat Dec 02 14:58:00 +0000 2017,"@215812 I'm sorry for the poor experience. Without including any account details, can you tell us more about what's happened? We'd like to help from here! ^ZW",,539814.0,"@215812 i'm sorry for the poor experience. without including any account details, can you tell us more about what's happened? we'd like to help from here! ^zw",account_access,escalate
1102333,AmazonHelp,False,Sun Oct 15 07:33:23 +0000 2017,@380108 Sorry to know about the trouble you're facing with your account. Could you let us know if your account is on hold? ^AK,1102334,1102335.0,@380108 sorry to know about the trouble you're facing with your account. could you let us know if your account is on hold? ^ak,account_access,escalate
234827,AmazonHelp,False,Thu Oct 05 13:17:36 +0000 2017,"@171913 Very sorry to hear this.If you were charged twice, this must have occurred on different accounts. Have you reached out to us?^CR",234828,234829.0,"@171913 very sorry to hear this.if you were charged twice, this must have occurred on different accounts. have you reached out to us?^cr",account_access,escalate
989791,AmazonHelp,False,Sat Nov 25 11:02:51 +0000 2017,"@354471 Hi. I'm very sorry to learn of your poor experiences. As we don't have access to account info here, we would ask you to get in touch - https://t.co/JzP7hlA23B so we can look into your concern in more detail. ^TP",989792,989793.0,"@354471 hi. i'm very sorry to learn of your poor experiences. as we don't have access to account info here, we would ask you to get in touch -  so we can look into your concern in more detail. ^tp",account_access,escalate
989791,AmazonHelp,False,Sat Nov 25 11:02:51 +0000 2017,"@354471 Hi. I'm very sorry to learn of your poor experiences. As we don't have access to account info here, we would ask you to get in touch - https://t.co/JzP7hlA23B so we can look into your concern in more detail. ^TP",989792,989793.0,"@354471 hi. i'm very sorry to learn of your poor experiences. as we don't have access to account info here, we would ask you to get in touch -  so we can look into your concern in more detail. ^tp",account_access,escalate
539813,AmazonHelp,False,Sat Dec 02 14:58:00 +0000 2017,"@215812 I'm sorry for the poor experience. Without including any account details, can you tell us more about what's happened? We'd like to help from here! ^ZW",,539814.0,"@215812 i'm sorry for the poor experience. without including any account details, can you tell us more about what's happened? we'd like to help from here! ^zw",account_access,escalate
889418,AmazonHelp,False,Sat Oct 21 23:41:00 +0000 2017,"@331160 The account specialist is better suited to handle your account information, as we do not have access to your Amazon account. ^WM",889419,889417.0,"@331160 the account specialist is better suited to handle your account information, as we do not have access to your amazon account. ^wm",account_access,escalate
931573,AmazonHelp,False,Sat Oct 28 12:56:56 +0000 2017,"@340990 We certainly don't want you to feel this way, Madara! Without sharing account details, what's going on? ^AB",,931574.0,"@340990 we certainly don't want you to feel this way, madara! without sharing account details, what's going on? ^ab",account_access,escalate
523420,AmazonHelp,False,Sat Dec 02 04:53:00 +0000 2017,"@240945 Hey, don't let the bank accounts, get you down! We got your back! ^HS",,523421.0,"@240945 hey, don't let the bank accounts, get you down! we got your back! ^hs",account_access,escalate
989791,AmazonHelp,False,Sat Nov 25 11:02:51 +0000 2017,"@354471 Hi. I'm very sorry to learn of your poor experiences. As we don't have access to account info here, we would ask you to get in touch - https://t.co/JzP7hlA23B so we can look into your concern in more detail. ^TP",989792,989793.0,"@354471 hi. i'm very sorry to learn of your poor experiences. as we don't have access to account info here, we would ask you to get in touch -  so we can look into your concern in more detail. ^tp",account_access,escalate
727380,AmazonHelp,False,Wed Oct 11 06:44:28 +0000 2017,@294247 Hi Katy- Sorry to hear about your account. Can you report this to us directly via:https://t.co/y1k4sjkBTh Thank you ^NV,,727381.0,@294247 hi katy- sorry to hear about your account. can you report this to us directly via: thank you ^nv,account_access,escalate
989791,AmazonHelp,False,Sat Nov 25 11:02:51 +0000 2017,"@354471 Hi. I'm very sorry to learn of your poor experiences. As we don't have access to account info here, we would ask you to get in touch - https://t.co/JzP7hlA23B so we can look into your concern in more detail. ^TP",989792,989793.0,"@354471 hi. i'm very sorry to learn of your poor experiences. as we don't have access to account info here, we would ask you to get in touch -  so we can look into your concern in more detail. ^tp",account_access,escalate
989791,AmazonHelp,False,Sat Nov 25 11:02:51 +0000 2017,"@354471 Hi. I'm very sorry to learn of your poor experiences. As we don't have access to account info here, we would ask you to get in touch - https://t.co/JzP7hlA23B so we can look into your concern in more detail. ^TP",989792,989793.0,"@354471 hi. i'm very sorry to learn of your poor experiences. as we don't have access to account info here, we would ask you to get in touch -  so we can look into your concern in more detail. ^tp",account_access,escalate
989791,AmazonHelp,False,Sat Nov 25 11:02:51 +0000 2017,"@354471 Hi. I'm very sorry to learn of your poor experiences. As we don't have access to account info here, we would ask you to get in touch - https://t.co/JzP7hlA23B so we can look into your concern in more detail. ^TP",989792,989793.0,"@354471 hi. i'm very sorry to learn of your poor experiences. as we don't have access to account info here, we would ask you to get in touch -  so we can look into your concern in more detail. ^tp",account_access,escalate
931573,AmazonHelp,False,Sat Oct 28 12:56:56 +0000 2017,"@340990 We certainly don't want you to feel this way, Madara! Without sharing account details, what's going on? ^AB",,931574.0,"@340990 we certainly don't want you to feel this way, madara! without sharing account details, what's going on? ^ab",account_access,escalate
931573,AmazonHelp,False,Sat Oct 28 12:56:56 +0000 2017,"@340990 We certainly don't want you to feel this way, Madara! Without sharing account details, what's going on? ^AB",,931574.0,"@340990 we certainly don't want you to feel this way, madara! without sharing account details, what's going on? ^ab",account_access,escalate
727380,AmazonHelp,False,Wed Oct 11 06:44:28 +0000 2017,@294247 Hi Katy- Sorry to hear about your account. Can you report this to us directly via:https://t.co/y1k4sjkBTh Thank you ^NV,,727381.0,@294247 hi katy- sorry to hear about your account. can you report this to us directly via: thank you ^nv,account_access,escalate
386476,AmazonHelp,False,Mon Oct 09 13:07:00 +0000 2017,"@199682 For more information on payment revision, please visit : https://t.co/JGuqYt4vy7. (2/2) ^AS",,386474.0,"@199682 for more information on payment revision, please visit :  (2/2) ^as",billing_problem,escalate
386476,AmazonHelp,False,Mon Oct 09 13:07:00 +0000 2017,"@199682 For more information on payment revision, please visit : https://t.co/JGuqYt4vy7. (2/2) ^AS",,386474.0,"@199682 for more information on payment revision, please visit :  (2/2) ^as",billing_problem,escalate
386476,AmazonHelp,False,Mon Oct 09 13:07:00 +0000 2017,"@199682 For more information on payment revision, please visit : https://t.co/JGuqYt4vy7. (2/2) ^AS",,386474.0,"@199682 for more information on payment revision, please visit :  (2/2) ^as",billing_problem,escalate
386476,AmazonHelp,False,Mon Oct 09 13:07:00 +0000 2017,"@199682 For more information on payment revision, please visit : https://t.co/JGuqYt4vy7. (2/2) ^AS",,386474.0,"@199682 for more information on payment revision, please visit :  (2/2) ^as",billing_problem,escalate
386476,AmazonHelp,False,Mon Oct 09 13:07:00 +0000 2017,"@199682 For more information on payment revision, please visit : https://t.co/JGuqYt4vy7. (2/2) ^AS",,386474.0,"@199682 for more information on payment revision, please visit :  (2/2) ^as",billing_problem,escalate
386476,AmazonHelp,False,Mon Oct 09 13:07:00 +0000 2017,"@199682 For more information on payment revision, please visit : https://t.co/JGuqYt4vy7. (2/2) ^AS",,386474.0,"@199682 for more information on payment revision, please visit :  (2/2) ^as",billing_problem,escalate
386476,AmazonHelp,False,Mon Oct 09 13:07:00 +0000 2017,"@199682 For more information on payment revision, please visit : https://t.co/JGuqYt4vy7. (2/2) ^AS",,386474.0,"@199682 for more information on payment revision, please visit :  (2/2) ^as",billing_problem,escalate
386476,AmazonHelp,False,Mon Oct 09 13:07:00 +0000 2017,"@199682 For more information on payment revision, please visit : https://t.co/JGuqYt4vy7. (2/2) ^AS",,386474.0,"@199682 for more information on payment revision, please visit :  (2/2) ^as",billing_problem,escalate
386476,AmazonHelp,False,Mon Oct 09 13:07:00 +0000 2017,"@199682 For more information on payment revision, please visit : https://t.co/JGuqYt4vy7. (2/2) ^AS",,386474.0,"@199682 for more information on payment revision, please visit :  (2/2) ^as",billing_problem,escalate
386476,AmazonHelp,False,Mon Oct 09 13:07:00 +0000 2017,"@199682 For more information on payment revision, please visit : https://t.co/JGuqYt4vy7. (2/2) ^AS",,386474.0,"@199682 for more information on payment revision, please visit :  (2/2) ^as",billing_problem,escalate
386476,AmazonHelp,False,Mon Oct 09 13:07:00 +0000 2017,"@199682 For more information on payment revision, please visit : https://t.co/JGuqYt4vy7. (2/2) ^AS",,386474.0,"@199682 for more information on payment revision, please visit :  (2/2) ^as",billing_problem,escalate
386476,AmazonHelp,False,Mon Oct 09 13:07:00 +0000 2017,"@199682 For more information on payment revision, please visit : https://t.co/JGuqYt4vy7. (2/2) ^AS",,386474.0,"@199682 for more information on payment revision, please visit :  (2/2) ^as",billing_problem,escalate
386476,AmazonHelp,False,Mon Oct 09 13:07:00 +0000 2017,"@199682 For more information on payment revision, please visit : https://t.co/JGuqYt4vy7. (2/2) ^AS",,386474.0,"@199682 for more information on payment revision, please visit :  (2/2) ^as",billing_problem,escalate
386476,AmazonHelp,False,Mon Oct 09 13:07:00 +0000 2017,"@199682 For more information on payment revision, please visit : https://t.co/JGuqYt4vy7. (2/2) ^AS",,386474.0,"@199682 for more information on payment revision, please visit :  (2/2) ^as",billing_problem,escalate
386476,AmazonHelp,False,Mon Oct 09 13:07:00 +0000 2017,"@199682 For more information on payment revision, please visit : https://t.co/JGuqYt4vy7. (2/2) ^AS",,386474.0,"@199682 for more information on payment revision, please visit :  (2/2) ^as",billing_problem,escalate
386476,AmazonHelp,False,Mon Oct 09 13:07:00 +0000 2017,"@199682 For more information on payment revision, please visit : https://t.co/JGuqYt4vy7. (2/2) ^AS",,386474.0,"@199682 for more information on payment revision, please visit :  (2/2) ^as",billing_problem,escalate
386476,AmazonHelp,False,Mon Oct 09 13:07:00 +0000 2017,"@199682 For more information on payment revision, please visit : https://t.co/JGuqYt4vy7. (2/2) ^AS",,386474.0,"@199682 for more information on payment revision, please visit :  (2/2) ^as",billing_problem,escalate
386476,AmazonHelp,False,Mon Oct 09 13:07:00 +0000 2017,"@199682 For more information on payment revision, please visit : https://t.co/JGuqYt4vy7. (2/2) ^AS",,386474.0,"@199682 for more information on payment revision, please visit :  (2/2) ^as",billing_problem,escalate
386476,AmazonHelp,False,Mon Oct 09 13:07:00 +0000 2017,"@199682 For more information on payment revision, please visit : https://t.co/JGuqYt4vy7. (2/2) ^AS",,386474.0,"@199682 for more information on payment revision, please visit :  (2/2) ^as",billing_problem,escalate
386476,AmazonHelp,False,Mon Oct 09 13:07:00 +0000 2017,"@199682 For more information on payment revision, please visit : https://t.co/JGuqYt4vy7. (2/2) ^AS",,386474.0,"@199682 for more information on payment revision, please visit :  (2/2) ^as",billing_problem,escalate
386476,AmazonHelp,False,Mon Oct 09 13:07:00 +0000 2017,"@199682 For more information on payment revision, please visit : https://t.co/JGuqYt4vy7. (2/2) ^AS",,386474.0,"@199682 for more information on payment revision, please visit :  (2/2) ^as",billing_problem,escalate
386476,AmazonHelp,False,Mon Oct 09 13:07:00 +0000 2017,"@199682 For more information on payment revision, please visit : https://t.co/JGuqYt4vy7. (2/2) ^AS",,386474.0,"@199682 for more information on payment revision, please visit :  (2/2) ^as",billing_problem,escalate
386476,AmazonHelp,False,Mon Oct 09 13:07:00 +0000 2017,"@199682 For more information on payment revision, please visit : https://t.co/JGuqYt4vy7. (2/2) ^AS",,386474.0,"@199682 for more information on payment revision, please visit :  (2/2) ^as",billing_problem,escalate
386476,AmazonHelp,False,Mon Oct 09 13:07:00 +0000 2017,"@199682 For more information on payment revision, please visit : https://t.co/JGuqYt4vy7. (2/2) ^AS",,386474.0,"@199682 for more information on payment revision, please visit :  (2/2) ^as",billing_problem,escalate
386476,AmazonHelp,False,Mon Oct 09 13:07:00 +0000 2017,"@199682 For more information on payment revision, please visit : https://t.co/JGuqYt4vy7. (2/2) ^AS",,386474.0,"@199682 for more information on payment revision, please visit :  (2/2) ^as",billing_problem,escalate
386476,AmazonHelp,False,Mon Oct 09 13:07:00 +0000 2017,"@199682 For more information on payment revision, please visit : https://t.co/JGuqYt4vy7. (2/2) ^AS",,386474.0,"@199682 for more information on payment revision, please visit :  (2/2) ^as",billing_problem,escalate
386476,AmazonHelp,False,Mon Oct 09 13:07:00 +0000 2017,"@199682 For more information on payment revision, please visit : https://t.co/JGuqYt4vy7. (2/2) ^AS",,386474.0,"@199682 for more information on payment revision, please visit :  (2/2) ^as",billing_problem,escalate
386476,AmazonHelp,False,Mon Oct 09 13:07:00 +0000 2017,"@199682 For more information on payment revision, please visit : https://t.co/JGuqYt4vy7. (2/2) ^AS",,386474.0,"@199682 for more information on payment revision, please visit :  (2/2) ^as",billing_problem,escalate
386476,AmazonHelp,False,Mon Oct 09 13:07:00 +0000 2017,"@199682 For more information on payment revision, please visit : https://t.co/JGuqYt4vy7. (2/2) ^AS",,386474.0,"@199682 for more information on payment revision, please visit :  (2/2) ^as",billing_problem,escalate
386476,AmazonHelp,False,Mon Oct 09 13:07:00 +0000 2017,"@199682 For more information on payment revision, please visit : https://t.co/JGuqYt4vy7. (2/2) ^AS",,386474.0,"@199682 for more information on payment revision, please visit :  (2/2) ^as",billing_problem,escalate
386476,AmazonHelp,False,Mon Oct 09 13:07:00 +0000 2017,"@199682 For more information on payment revision, please visit : https://t.co/JGuqYt4vy7. (2/2) ^AS",,386474.0,"@199682 for more information on payment revision, please visit :  (2/2) ^as",billing_problem,escalate
386476,AmazonHelp,False,Mon Oct 09 13:07:00 +0000 2017,"@199682 For more information on payment revision, please visit : https://t.co/JGuqYt4vy7. (2/2) ^AS",,386474.0,"@199682 for more information on payment revision, please visit :  (2/2) ^as",billing_problem,escalate
386476,AmazonHelp,False,Mon Oct 09 13:07:00 +0000 2017,"@199682 For more information on payment revision, please visit : https://t.co/JGuqYt4vy7. (2/2) ^AS",,386474.0,"@199682 for more information on payment revision, please visit :  (2/2) ^as",billing_problem,escalate
386476,AmazonHelp,False,Mon Oct 09 13:07:00 +0000 2017,"@199682 For more information on payment revision, please visit : https://t.co/JGuqYt4vy7. (2/2) ^AS",,386474.0,"@199682 for more information on payment revision, please visit :  (2/2) ^as",billing_problem,escalate
386476,AmazonHelp,False,Mon Oct 09 13:07:00 +0000 2017,"@199682 For more information on payment revision, please visit : https://t.co/JGuqYt4vy7. (2/2) ^AS",,386474.0,"@199682 for more information on payment revision, please visit :  (2/2) ^as",billing_problem,escalate
386476,AmazonHelp,False,Mon Oct 09 13:07:00 +0000 2017,"@199682 For more information on payment revision, please visit : https://t.co/JGuqYt4vy7. (2/2) ^AS",,386474.0,"@199682 for more information on payment revision, please visit :  (2/2) ^as",billing_problem,escalate
386476,AmazonHelp,False,Mon Oct 09 13:07:00 +0000 2017,"@199682 For more information on payment revision, please visit : https://t.co/JGuqYt4vy7. (2/2) ^AS",,386474.0,"@199682 for more information on payment revision, please visit :  (2/2) ^as",billing_problem,escalate
386476,AmazonHelp,False,Mon Oct 09 13:07:00 +0000 2017,"@199682 For more information on payment revision, please visit : https://t.co/JGuqYt4vy7. (2/2) ^AS",,386474.0,"@199682 for more information on payment revision, please visit :  (2/2) ^as",billing_problem,escalate
386476,AmazonHelp,False,Mon Oct 09 13:07:00 +0000 2017,"@199682 For more information on payment revision, please visit : https://t.co/JGuqYt4vy7. (2/2) ^AS",,386474.0,"@199682 for more information on payment revision, please visit :  (2/2) ^as",billing_problem,escalate
386476,AmazonHelp,False,Mon Oct 09 13:07:00 +0000 2017,"@199682 For more information on payment revision, please visit : https://t.co/JGuqYt4vy7. (2/2) ^AS",,386474.0,"@199682 for more information on payment revision, please visit :  (2/2) ^as",billing_problem,escalate
386476,AmazonHelp,False,Mon Oct 09 13:07:00 +0000 2017,"@199682 For more information on payment revision, please visit : https://t.co/JGuqYt4vy7. (2/2) ^AS",,386474.0,"@199682 for more information on payment revision, please visit :  (2/2) ^as",billing_problem,escalate
386476,AmazonHelp,False,Mon Oct 09 13:07:00 +0000 2017,"@199682 For more information on payment revision, please visit : https://t.co/JGuqYt4vy7. (2/2) ^AS",,386474.0,"@199682 for more information on payment revision, please visit :  (2/2) ^as",billing_problem,escalate
386476,AmazonHelp,False,Mon Oct 09 13:07:00 +0000 2017,"@199682 For more information on payment revision, please visit : https://t.co/JGuqYt4vy7. (2/2) ^AS",,386474.0,"@199682 for more information on payment revision, please visit :  (2/2) ^as",billing_problem,escalate
386476,AmazonHelp,False,Mon Oct 09 13:07:00 +0000 2017,"@199682 For more information on payment revision, please visit : https://t.co/JGuqYt4vy7. (2/2) ^AS",,386474.0,"@199682 for more information on payment revision, please visit :  (2/2) ^as",billing_problem,escalate
386476,AmazonHelp,False,Mon Oct 09 13:07:00 +0000 2017,"@199682 For more information on payment revision, please visit : https://t.co/JGuqYt4vy7. (2/2) ^AS",,386474.0,"@199682 for more information on payment revision, please visit :  (2/2) ^as",billing_problem,escalate
386476,AmazonHelp,False,Mon Oct 09 13:07:00 +0000 2017,"@199682 For more information on payment revision, please visit : https://t.co/JGuqYt4vy7. (2/2) ^AS",,386474.0,"@199682 for more information on payment revision, please visit :  (2/2) ^as",billing_problem,escalate
386476,AmazonHelp,False,Mon Oct 09 13:07:00 +0000 2017,"@199682 For more information on payment revision, please visit : https://t.co/JGuqYt4vy7. (2/2) ^AS",,386474.0,"@199682 for more information on payment revision, please visit :  (2/2) ^as",billing_problem,escalate
386476,AmazonHelp,False,Mon Oct 09 13:07:00 +0000 2017,"@199682 For more information on payment revision, please visit : https://t.co/JGuqYt4vy7. (2/2) ^AS",,386474.0,"@199682 for more information on payment revision, please visit :  (2/2) ^as",billing_problem,escalate
386476,AmazonHelp,False,Mon Oct 09 13:07:00 +0000 2017,"@199682 For more information on payment revision, please visit : https://t.co/JGuqYt4vy7. (2/2) ^AS",,386474.0,"@199682 for more information on payment revision, please visit :  (2/2) ^as",billing_problem,escalate
386476,AmazonHelp,False,Mon Oct 09 13:07:00 +0000 2017,"@199682 For more information on payment revision, please visit : https://t.co/JGuqYt4vy7. (2/2) ^AS",,386474.0,"@199682 for more information on payment revision, please visit :  (2/2) ^as",billing_problem,escalate
386476,AmazonHelp,False,Mon Oct 09 13:07:00 +0000 2017,"@199682 For more information on payment revision, please visit : https://t.co/JGuqYt4vy7. (2/2) ^AS",,386474.0,"@199682 for more information on payment revision, please visit :  (2/2) ^as",billing_problem,escalate
386476,AmazonHelp,False,Mon Oct 09 13:07:00 +0000 2017,"@199682 For more information on payment revision, please visit : https://t.co/JGuqYt4vy7. (2/2) ^AS",,386474.0,"@199682 for more information on payment revision, please visit :  (2/2) ^as",billing_problem,escalate
386476,AmazonHelp,False,Mon Oct 09 13:07:00 +0000 2017,"@199682 For more information on payment revision, please visit : https://t.co/JGuqYt4vy7. (2/2) ^AS",,386474.0,"@199682 for more information on payment revision, please visit :  (2/2) ^as",billing_problem,escalate
386476,AmazonHelp,False,Mon Oct 09 13:07:00 +0000 2017,"@199682 For more information on payment revision, please visit : https://t.co/JGuqYt4vy7. (2/2) ^AS",,386474.0,"@199682 for more information on payment revision, please visit :  (2/2) ^as",billing_problem,escalate
386476,AmazonHelp,False,Mon Oct 09 13:07:00 +0000 2017,"@199682 For more information on payment revision, please visit : https://t.co/JGuqYt4vy7. (2/2) ^AS",,386474.0,"@199682 for more information on payment revision, please visit :  (2/2) ^as",billing_problem,escalate
386476,AmazonHelp,False,Mon Oct 09 13:07:00 +0000 2017,"@199682 For more information on payment revision, please visit : https://t.co/JGuqYt4vy7. (2/2) ^AS",,386474.0,"@199682 for more information on payment revision, please visit :  (2/2) ^as",billing_problem,escalate
386476,AmazonHelp,False,Mon Oct 09 13:07:00 +0000 2017,"@199682 For more information on payment revision, please visit : https://t.co/JGuqYt4vy7. (2/2) ^AS",,386474.0,"@199682 for more information on payment revision, please visit :  (2/2) ^as",billing_problem,escalate
386476,AmazonHelp,False,Mon Oct 09 13:07:00 +0000 2017,"@199682 For more information on payment revision, please visit : https://t.co/JGuqYt4vy7. (2/2) ^AS",,386474.0,"@199682 for more information on payment revision, please visit :  (2/2) ^as",billing_problem,escalate
386476,AmazonHelp,False,Mon Oct 09 13:07:00 +0000 2017,"@199682 For more information on payment revision, please visit : https://t.co/JGuqYt4vy7. (2/2) ^AS",,386474.0,"@199682 for more information on payment revision, please visit :  (2/2) ^as",billing_problem,escalate
386476,AmazonHelp,False,Mon Oct 09 13:07:00 +0000 2017,"@199682 For more information on payment revision, please visit : https://t.co/JGuqYt4vy7. (2/2) ^AS",,386474.0,"@199682 for more information on payment revision, please visit :  (2/2) ^as",billing_problem,escalate
386476,AmazonHelp,False,Mon Oct 09 13:07:00 +0000 2017,"@199682 For more information on payment revision, please visit : https://t.co/JGuqYt4vy7. (2/2) ^AS",,386474.0,"@199682 for more information on payment revision, please visit :  (2/2) ^as",billing_problem,escalate
386476,AmazonHelp,False,Mon Oct 09 13:07:00 +0000 2017,"@199682 For more information on payment revision, please visit : https://t.co/JGuqYt4vy7. (2/2) ^AS",,386474.0,"@199682 for more information on payment revision, please visit :  (2/2) ^as",billing_problem,escalate
386476,AmazonHelp,False,Mon Oct 09 13:07:00 +0000 2017,"@199682 For more information on payment revision, please visit : https://t.co/JGuqYt4vy7. (2/2) ^AS",,386474.0,"@199682 for more information on payment revision, please visit :  (2/2) ^as",billing_problem,escalate
386476,AmazonHelp,False,Mon Oct 09 13:07:00 +0000 2017,"@199682 For more information on payment revision, please visit : https://t.co/JGuqYt4vy7. (2/2) ^AS",,386474.0,"@199682 for more information on payment revision, please visit :  (2/2) ^as",billing_problem,escalate
386476,AmazonHelp,False,Mon Oct 09 13:07:00 +0000 2017,"@199682 For more information on payment revision, please visit : https://t.co/JGuqYt4vy7. (2/2) ^AS",,386474.0,"@199682 for more information on payment revision, please visit :  (2/2) ^as",billing_problem,escalate
386476,AmazonHelp,False,Mon Oct 09 13:07:00 +0000 2017,"@199682 For more information on payment revision, please visit : https://t.co/JGuqYt4vy7. (2/2) ^AS",,386474.0,"@199682 for more information on payment revision, please visit :  (2/2) ^as",billing_problem,escalate
386476,AmazonHelp,False,Mon Oct 09 13:07:00 +0000 2017,"@199682 For more information on payment revision, please visit : https://t.co/JGuqYt4vy7. (2/2) ^AS",,386474.0,"@199682 for more information on payment revision, please visit :  (2/2) ^as",billing_problem,escalate
386476,AmazonHelp,False,Mon Oct 09 13:07:00 +0000 2017,"@199682 For more information on payment revision, please visit : https://t.co/JGuqYt4vy7. (2/2) ^AS",,386474.0,"@199682 for more information on payment revision, please visit :  (2/2) ^as",billing_problem,escalate
386476,AmazonHelp,False,Mon Oct 09 13:07:00 +0000 2017,"@199682 For more information on payment revision, please visit : https://t.co/JGuqYt4vy7. (2/2) ^AS",,386474.0,"@199682 for more information on payment revision, please visit :  (2/2) ^as",billing_problem,escalate
386476,AmazonHelp,False,Mon Oct 09 13:07:00 +0000 2017,"@199682 For more information on payment revision, please visit : https://t.co/JGuqYt4vy7. (2/2) ^AS",,386474.0,"@199682 for more information on payment revision, please visit :  (2/2) ^as",billing_problem,escalate
386476,AmazonHelp,False,Mon Oct 09 13:07:00 +0000 2017,"@199682 For more information on payment revision, please visit : https://t.co/JGuqYt4vy7. (2/2) ^AS",,386474.0,"@199682 for more information on payment revision, please visit :  (2/2) ^as",billing_problem,escalate
386476,AmazonHelp,False,Mon Oct 09 13:07:00 +0000 2017,"@199682 For more information on payment revision, please visit : https://t.co/JGuqYt4vy7. (2/2) ^AS",,386474.0,"@199682 for more information on payment revision, please visit :  (2/2) ^as",billing_problem,escalate
386476,AmazonHelp,False,Mon Oct 09 13:07:00 +0000 2017,"@199682 For more information on payment revision, please visit : https://t.co/JGuqYt4vy7. (2/2) ^AS",,386474.0,"@199682 for more information on payment revision, please visit :  (2/2) ^as",billing_problem,escalate
386476,AmazonHelp,False,Mon Oct 09 13:07:00 +0000 2017,"@199682 For more information on payment revision, please visit : https://t.co/JGuqYt4vy7. (2/2) ^AS",,386474.0,"@199682 for more information on payment revision, please visit :  (2/2) ^as",billing_problem,escalate
386476,AmazonHelp,False,Mon Oct 09 13:07:00 +0000 2017,"@199682 For more information on payment revision, please visit : https://t.co/JGuqYt4vy7. (2/2) ^AS",,386474.0,"@199682 for more information on payment revision, please visit :  (2/2) ^as",billing_problem,escalate
386476,AmazonHelp,False,Mon Oct 09 13:07:00 +0000 2017,"@199682 For more information on payment revision, please visit : https://t.co/JGuqYt4vy7. (2/2) ^AS",,386474.0,"@199682 for more information on payment revision, please visit :  (2/2) ^as",billing_problem,escalate
386476,AmazonHelp,False,Mon Oct 09 13:07:00 +0000 2017,"@199682 For more information on payment revision, please visit : https://t.co/JGuqYt4vy7. (2/2) ^AS",,386474.0,"@199682 for more information on payment revision, please visit :  (2/2) ^as",billing_problem,escalate
386476,AmazonHelp,False,Mon Oct 09 13:07:00 +0000 2017,"@199682 For more information on payment revision, please visit : https://t.co/JGuqYt4vy7. (2/2) ^AS",,386474.0,"@199682 for more information on payment revision, please visit :  (2/2) ^as",billing_problem,escalate
386476,AmazonHelp,False,Mon Oct 09 13:07:00 +0000 2017,"@199682 For more information on payment revision, please visit : https://t.co/JGuqYt4vy7. (2/2) ^AS",,386474.0,"@199682 for more information on payment revision, please visit :  (2/2) ^as",billing_problem,escalate
386476,AmazonHelp,False,Mon Oct 09 13:07:00 +0000 2017,"@199682 For more information on payment revision, please visit : https://t.co/JGuqYt4vy7. (2/2) ^AS",,386474.0,"@199682 for more information on payment revision, please visit :  (2/2) ^as",billing_problem,escalate
386476,AmazonHelp,False,Mon Oct 09 13:07:00 +0000 2017,"@199682 For more information on payment revision, please visit : https://t.co/JGuqYt4vy7. (2/2) ^AS",,386474.0,"@199682 for more information on payment revision, please visit :  (2/2) ^as",billing_problem,escalate
386476,AmazonHelp,False,Mon Oct 09 13:07:00 +0000 2017,"@199682 For more information on payment revision, please visit : https://t.co/JGuqYt4vy7. (2/2) ^AS",,386474.0,"@199682 for more information on payment revision, please visit :  (2/2) ^as",billing_problem,escalate
386476,AmazonHelp,False,Mon Oct 09 13:07:00 +0000 2017,"@199682 For more information on payment revision, please visit : https://t.co/JGuqYt4vy7. (2/2) ^AS",,386474.0,"@199682 for more information on payment revision, please visit :  (2/2) ^as",billing_problem,escalate
386476,AmazonHelp,False,Mon Oct 09 13:07:00 +0000 2017,"@199682 For more information on payment revision, please visit : https://t.co/JGuqYt4vy7. (2/2) ^AS",,386474.0,"@199682 for more information on payment revision, please visit :  (2/2) ^as",billing_problem,escalate
386476,AmazonHelp,False,Mon Oct 09 13:07:00 +0000 2017,"@199682 For more information on payment revision, please visit : https://t.co/JGuqYt4vy7. (2/2) ^AS",,386474.0,"@199682 for more information on payment revision, please visit :  (2/2) ^as",billing_problem,escalate
386476,AmazonHelp,False,Mon Oct 09 13:07:00 +0000 2017,"@199682 For more information on payment revision, please visit : https://t.co/JGuqYt4vy7. (2/2) ^AS",,386474.0,"@199682 for more information on payment revision, please visit :  (2/2) ^as",billing_problem,escalate
386476,AmazonHelp,False,Mon Oct 09 13:07:00 +0000 2017,"@199682 For more information on payment revision, please visit : https://t.co/JGuqYt4vy7. (2/2) ^AS",,386474.0,"@199682 for more information on payment revision, please visit :  (2/2) ^as",billing_problem,escalate
386476,AmazonHelp,False,Mon Oct 09 13:07:00 +0000 2017,"@199682 For more information on payment revision, please visit : https://t.co/JGuqYt4vy7. (2/2) ^AS",,386474.0,"@199682 for more information on payment revision, please visit :  (2/2) ^as",billing_problem,escalate
386476,AmazonHelp,False,Mon Oct 09 13:07:00 +0000 2017,"@199682 For more information on payment revision, please visit : https://t.co/JGuqYt4vy7. (2/2) ^AS",,386474.0,"@199682 for more information on payment revision, please visit :  (2/2) ^as",billing_problem,escalate
386476,AmazonHelp,False,Mon Oct 09 13:07:00 +0000 2017,"@199682 For more information on payment revision, please visit : https://t.co/JGuqYt4vy7. (2/2) ^AS",,386474.0,"@199682 for more information on payment revision, please visit :  (2/2) ^as",billing_problem,escalate
386476,AmazonHelp,False,Mon Oct 09 13:07:00 +0000 2017,"@199682 For more information on payment revision, please visit : https://t.co/JGuqYt4vy7. (2/2) ^AS",,386474.0,"@199682 for more information on payment revision, please visit :  (2/2) ^as",billing_problem,escalate
386476,AmazonHelp,False,Mon Oct 09 13:07:00 +0000 2017,"@199682 For more information on payment revision, please visit : https://t.co/JGuqYt4vy7. (2/2) ^AS",,386474.0,"@199682 for more information on payment revision, please visit :  (2/2) ^as",billing_problem,escalate
386476,AmazonHelp,False,Mon Oct 09 13:07:00 +0000 2017,"@199682 For more information on payment revision, please visit : https://t.co/JGuqYt4vy7. (2/2) ^AS",,386474.0,"@199682 for more information on payment revision, please visit :  (2/2) ^as",billing_problem,escalate
386476,AmazonHelp,False,Mon Oct 09 13:07:00 +0000 2017,"@199682 For more information on payment revision, please visit : https://t.co/JGuqYt4vy7. (2/2) ^AS",,386474.0,"@199682 for more information on payment revision, please visit :  (2/2) ^as",billing_problem,escalate
386476,AmazonHelp,False,Mon Oct 09 13:07:00 +0000 2017,"@199682 For more information on payment revision, please visit : https://t.co/JGuqYt4vy7. (2/2) ^AS",,386474.0,"@199682 for more information on payment revision, please visit :  (2/2) ^as",billing_problem,escalate
386476,AmazonHelp,False,Mon Oct 09 13:07:00 +0000 2017,"@199682 For more information on payment revision, please visit : https://t.co/JGuqYt4vy7. (2/2) ^AS",,386474.0,"@199682 for more information on payment revision, please visit :  (2/2) ^as",billing_problem,escalate
386476,AmazonHelp,False,Mon Oct 09 13:07:00 +0000 2017,"@199682 For more information on payment revision, please visit : https://t.co/JGuqYt4vy7. (2/2) ^AS",,386474.0,"@199682 for more information on payment revision, please visit :  (2/2) ^as",billing_problem,escalate
386476,AmazonHelp,False,Mon Oct 09 13:07:00 +0000 2017,"@199682 For more information on payment revision, please visit : https://t.co/JGuqYt4vy7. (2/2) ^AS",,386474.0,"@199682 for more information on payment revision, please visit :  (2/2) ^as",billing_problem,escalate
386476,AmazonHelp,False,Mon Oct 09 13:07:00 +0000 2017,"@199682 For more information on payment revision, please visit : https://t.co/JGuqYt4vy7. (2/2) ^AS",,386474.0,"@199682 for more information on payment revision, please visit :  (2/2) ^as",billing_problem,escalate
386476,AmazonHelp,False,Mon Oct 09 13:07:00 +0000 2017,"@199682 For more information on payment revision, please visit : https://t.co/JGuqYt4vy7. (2/2) ^AS",,386474.0,"@199682 for more information on payment revision, please visit :  (2/2) ^as",billing_problem,escalate
386476,AmazonHelp,False,Mon Oct 09 13:07:00 +0000 2017,"@199682 For more information on payment revision, please visit : https://t.co/JGuqYt4vy7. (2/2) ^AS",,386474.0,"@199682 for more information on payment revision, please visit :  (2/2) ^as",billing_problem,escalate
386476,AmazonHelp,False,Mon Oct 09 13:07:00 +0000 2017,"@199682 For more information on payment revision, please visit : https://t.co/JGuqYt4vy7. (2/2) ^AS",,386474.0,"@199682 for more information on payment revision, please visit :  (2/2) ^as",billing_problem,escalate
386476,AmazonHelp,False,Mon Oct 09 13:07:00 +0000 2017,"@199682 For more information on payment revision, please visit : https://t.co/JGuqYt4vy7. (2/2) ^AS",,386474.0,"@199682 for more information on payment revision, please visit :  (2/2) ^as",billing_problem,escalate
386476,AmazonHelp,False,Mon Oct 09 13:07:00 +0000 2017,"@199682 For more information on payment revision, please visit : https://t.co/JGuqYt4vy7. (2/2) ^AS",,386474.0,"@199682 for more information on payment revision, please visit :  (2/2) ^as",billing_problem,escalate
386476,AmazonHelp,False,Mon Oct 09 13:07:00 +0000 2017,"@199682 For more information on payment revision, please visit : https://t.co/JGuqYt4vy7. (2/2) ^AS",,386474.0,"@199682 for more information on payment revision, please visit :  (2/2) ^as",billing_problem,escalate
386476,AmazonHelp,False,Mon Oct 09 13:07:00 +0000 2017,"@199682 For more information on payment revision, please visit : https://t.co/JGuqYt4vy7. (2/2) ^AS",,386474.0,"@199682 for more information on payment revision, please visit :  (2/2) ^as",billing_problem,escalate
386476,AmazonHelp,False,Mon Oct 09 13:07:00 +0000 2017,"@199682 For more information on payment revision, please visit : https://t.co/JGuqYt4vy7. (2/2) ^AS",,386474.0,"@199682 for more information on payment revision, please visit :  (2/2) ^as",billing_problem,escalate
386476,AmazonHelp,False,Mon Oct 09 13:07:00 +0000 2017,"@199682 For more information on payment revision, please visit : https://t.co/JGuqYt4vy7. (2/2) ^AS",,386474.0,"@199682 for more information on payment revision, please visit :  (2/2) ^as",billing_problem,escalate
386476,AmazonHelp,False,Mon Oct 09 13:07:00 +0000 2017,"@199682 For more information on payment revision, please visit : https://t.co/JGuqYt4vy7. (2/2) ^AS",,386474.0,"@199682 for more information on payment revision, please visit :  (2/2) ^as",billing_problem,escalate
386476,AmazonHelp,False,Mon Oct 09 13:07:00 +0000 2017,"@199682 For more information on payment revision, please visit : https://t.co/JGuqYt4vy7. (2/2) ^AS",,386474.0,"@199682 for more information on payment revision, please visit :  (2/2) ^as",billing_problem,escalate
386476,AmazonHelp,False,Mon Oct 09 13:07:00 +0000 2017,"@199682 For more information on payment revision, please visit : https://t.co/JGuqYt4vy7. (2/2) ^AS",,386474.0,"@199682 for more information on payment revision, please visit :  (2/2) ^as",billing_problem,escalate
386476,AmazonHelp,False,Mon Oct 09 13:07:00 +0000 2017,"@199682 For more information on payment revision, please visit : https://t.co/JGuqYt4vy7. (2/2) ^AS",,386474.0,"@199682 for more information on payment revision, please visit :  (2/2) ^as",billing_problem,escalate
386476,AmazonHelp,False,Mon Oct 09 13:07:00 +0000 2017,"@199682 For more information on payment revision, please visit : https://t.co/JGuqYt4vy7. (2/2) ^AS",,386474.0,"@199682 for more information on payment revision, please visit :  (2/2) ^as",billing_problem,escalate
386476,AmazonHelp,False,Mon Oct 09 13:07:00 +0000 2017,"@199682 For more information on payment revision, please visit : https://t.co/JGuqYt4vy7. (2/2) ^AS",,386474.0,"@199682 for more information on payment revision, please visit :  (2/2) ^as",billing_problem,escalate
386476,AmazonHelp,False,Mon Oct 09 13:07:00 +0000 2017,"@199682 For more information on payment revision, please visit : https://t.co/JGuqYt4vy7. (2/2) ^AS",,386474.0,"@199682 for more information on payment revision, please visit :  (2/2) ^as",billing_problem,escalate
386476,AmazonHelp,False,Mon Oct 09 13:07:00 +0000 2017,"@199682 For more information on payment revision, please visit : https://t.co/JGuqYt4vy7. (2/2) ^AS",,386474.0,"@199682 for more information on payment revision, please visit :  (2/2) ^as",billing_problem,escalate
386476,AmazonHelp,False,Mon Oct 09 13:07:00 +0000 2017,"@199682 For more information on payment revision, please visit : https://t.co/JGuqYt4vy7. (2/2) ^AS",,386474.0,"@199682 for more information on payment revision, please visit :  (2/2) ^as",billing_problem,escalate
386476,AmazonHelp,False,Mon Oct 09 13:07:00 +0000 2017,"@199682 For more information on payment revision, please visit : https://t.co/JGuqYt4vy7. (2/2) ^AS",,386474.0,"@199682 for more information on payment revision, please visit :  (2/2) ^as",billing_problem,escalate
386476,AmazonHelp,False,Mon Oct 09 13:07:00 +0000 2017,"@199682 For more information on payment revision, please visit : https://t.co/JGuqYt4vy7. (2/2) ^AS",,386474.0,"@199682 for more information on payment revision, please visit :  (2/2) ^as",billing_problem,escalate
386476,AmazonHelp,False,Mon Oct 09 13:07:00 +0000 2017,"@199682 For more information on payment revision, please visit : https://t.co/JGuqYt4vy7. (2/2) ^AS",,386474.0,"@199682 for more information on payment revision, please visit :  (2/2) ^as",billing_problem,escalate
386476,AmazonHelp,False,Mon Oct 09 13:07:00 +0000 2017,"@199682 For more information on payment revision, please visit : https://t.co/JGuqYt4vy7. (2/2) ^AS",,386474.0,"@199682 for more information on payment revision, please visit :  (2/2) ^as",billing_problem,escalate
386476,AmazonHelp,False,Mon Oct 09 13:07:00 +0000 2017,"@199682 For more information on payment revision, please visit : https://t.co/JGuqYt4vy7. (2/2) ^AS",,386474.0,"@199682 for more information on payment revision, please visit :  (2/2) ^as",billing_problem,escalate
386476,AmazonHelp,False,Mon Oct 09 13:07:00 +0000 2017,"@199682 For more information on payment revision, please visit : https://t.co/JGuqYt4vy7. (2/2) ^AS",,386474.0,"@199682 for more information on payment revision, please visit :  (2/2) ^as",billing_problem,escalate
386476,AmazonHelp,False,Mon Oct 09 13:07:00 +0000 2017,"@199682 For more information on payment revision, please visit : https://t.co/JGuqYt4vy7. (2/2) ^AS",,386474.0,"@199682 for more information on payment revision, please visit :  (2/2) ^as",billing_problem,escalate
386476,AmazonHelp,False,Mon Oct 09 13:07:00 +0000 2017,"@199682 For more information on payment revision, please visit : https://t.co/JGuqYt4vy7. (2/2) ^AS",,386474.0,"@199682 for more information on payment revision, please visit :  (2/2) ^as",billing_problem,escalate
386476,AmazonHelp,False,Mon Oct 09 13:07:00 +0000 2017,"@199682 For more information on payment revision, please visit : https://t.co/JGuqYt4vy7. (2/2) ^AS",,386474.0,"@199682 for more information on payment revision, please visit :  (2/2) ^as",billing_problem,escalate
386476,AmazonHelp,False,Mon Oct 09 13:07:00 +0000 2017,"@199682 For more information on payment revision, please visit : https://t.co/JGuqYt4vy7. (2/2) ^AS",,386474.0,"@199682 for more information on payment revision, please visit :  (2/2) ^as",billing_problem,escalate
386476,AmazonHelp,False,Mon Oct 09 13:07:00 +0000 2017,"@199682 For more information on payment revision, please visit : https://t.co/JGuqYt4vy7. (2/2) ^AS",,386474.0,"@199682 for more information on payment revision, please visit :  (2/2) ^as",billing_problem,escalate
386476,AmazonHelp,False,Mon Oct 09 13:07:00 +0000 2017,"@199682 For more information on payment revision, please visit : https://t.co/JGuqYt4vy7. (2/2) ^AS",,386474.0,"@199682 for more information on payment revision, please visit :  (2/2) ^as",billing_problem,escalate
386476,AmazonHelp,False,Mon Oct 09 13:07:00 +0000 2017,"@199682 For more information on payment revision, please visit : https://t.co/JGuqYt4vy7. (2/2) ^AS",,386474.0,"@199682 for more information on payment revision, please visit :  (2/2) ^as",billing_problem,escalate
386476,AmazonHelp,False,Mon Oct 09 13:07:00 +0000 2017,"@199682 For more information on payment revision, please visit : https://t.co/JGuqYt4vy7. (2/2) ^AS",,386474.0,"@199682 for more information on payment revision, please visit :  (2/2) ^as",billing_problem,escalate
386476,AmazonHelp,False,Mon Oct 09 13:07:00 +0000 2017,"@199682 For more information on payment revision, please visit : https://t.co/JGuqYt4vy7. (2/2) ^AS",,386474.0,"@199682 for more information on payment revision, please visit :  (2/2) ^as",billing_problem,escalate
386476,AmazonHelp,False,Mon Oct 09 13:07:00 +0000 2017,"@199682 For more information on payment revision, please visit : https://t.co/JGuqYt4vy7. (2/2) ^AS",,386474.0,"@199682 for more information on payment revision, please visit :  (2/2) ^as",billing_problem,escalate
386476,AmazonHelp,False,Mon Oct 09 13:07:00 +0000 2017,"@199682 For more information on payment revision, please visit : https://t.co/JGuqYt4vy7. (2/2) ^AS",,386474.0,"@199682 for more information on payment revision, please visit :  (2/2) ^as",billing_problem,escalate
386476,AmazonHelp,False,Mon Oct 09 13:07:00 +0000 2017,"@199682 For more information on payment revision, please visit : https://t.co/JGuqYt4vy7. (2/2) ^AS",,386474.0,"@199682 for more information on payment revision, please visit :  (2/2) ^as",billing_problem,escalate
386476,AmazonHelp,False,Mon Oct 09 13:07:00 +0000 2017,"@199682 For more information on payment revision, please visit : https://t.co/JGuqYt4vy7. (2/2) ^AS",,386474.0,"@199682 for more information on payment revision, please visit :  (2/2) ^as",billing_problem,escalate
386476,AmazonHelp,False,Mon Oct 09 13:07:00 +0000 2017,"@199682 For more information on payment revision, please visit : https://t.co/JGuqYt4vy7. (2/2) ^AS",,386474.0,"@199682 for more information on payment revision, please visit :  (2/2) ^as",billing_problem,escalate
386476,AmazonHelp,False,Mon Oct 09 13:07:00 +0000 2017,"@199682 For more information on payment revision, please visit : https://t.co/JGuqYt4vy7. (2/2) ^AS",,386474.0,"@199682 for more information on payment revision, please visit :  (2/2) ^as",billing_problem,escalate
386476,AmazonHelp,False,Mon Oct 09 13:07:00 +0000 2017,"@199682 For more information on payment revision, please visit : https://t.co/JGuqYt4vy7. (2/2) ^AS",,386474.0,"@199682 for more information on payment revision, please visit :  (2/2) ^as",billing_problem,escalate
386476,AmazonHelp,False,Mon Oct 09 13:07:00 +0000 2017,"@199682 For more information on payment revision, please visit : https://t.co/JGuqYt4vy7. (2/2) ^AS",,386474.0,"@199682 for more information on payment revision, please visit :  (2/2) ^as",billing_problem,escalate
386476,AmazonHelp,False,Mon Oct 09 13:07:00 +0000 2017,"@199682 For more information on payment revision, please visit : https://t.co/JGuqYt4vy7. (2/2) ^AS",,386474.0,"@199682 for more information on payment revision, please visit :  (2/2) ^as",billing_problem,escalate
386476,AmazonHelp,False,Mon Oct 09 13:07:00 +0000 2017,"@199682 For more information on payment revision, please visit : https://t.co/JGuqYt4vy7. (2/2) ^AS",,386474.0,"@199682 for more information on payment revision, please visit :  (2/2) ^as",billing_problem,escalate
386476,AmazonHelp,False,Mon Oct 09 13:07:00 +0000 2017,"@199682 For more information on payment revision, please visit : https://t.co/JGuqYt4vy7. (2/2) ^AS",,386474.0,"@199682 for more information on payment revision, please visit :  (2/2) ^as",billing_problem,escalate
386476,AmazonHelp,False,Mon Oct 09 13:07:00 +0000 2017,"@199682 For more information on payment revision, please visit : https://t.co/JGuqYt4vy7. (2/2) ^AS",,386474.0,"@199682 for more information on payment revision, please visit :  (2/2) ^as",billing_problem,escalate
386476,AmazonHelp,False,Mon Oct 09 13:07:00 +0000 2017,"@199682 For more information on payment revision, please visit : https://t.co/JGuqYt4vy7. (2/2) ^AS",,386474.0,"@199682 for more information on payment revision, please visit :  (2/2) ^as",billing_problem,escalate
386476,AmazonHelp,False,Mon Oct 09 13:07:00 +0000 2017,"@199682 For more information on payment revision, please visit : https://t.co/JGuqYt4vy7. (2/2) ^AS",,386474.0,"@199682 for more information on payment revision, please visit :  (2/2) ^as",billing_problem,escalate
386476,AmazonHelp,False,Mon Oct 09 13:07:00 +0000 2017,"@199682 For more information on payment revision, please visit : https://t.co/JGuqYt4vy7. (2/2) ^AS",,386474.0,"@199682 for more information on payment revision, please visit :  (2/2) ^as",billing_problem,escalate
386476,AmazonHelp,False,Mon Oct 09 13:07:00 +0000 2017,"@199682 For more information on payment revision, please visit : https://t.co/JGuqYt4vy7. (2/2) ^AS",,386474.0,"@199682 for more information on payment revision, please visit :  (2/2) ^as",billing_problem,escalate
386476,AmazonHelp,False,Mon Oct 09 13:07:00 +0000 2017,"@199682 For more information on payment revision, please visit : https://t.co/JGuqYt4vy7. (2/2) ^AS",,386474.0,"@199682 for more information on payment revision, please visit :  (2/2) ^as",billing_problem,escalate
386476,AmazonHelp,False,Mon Oct 09 13:07:00 +0000 2017,"@199682 For more information on payment revision, please visit : https://t.co/JGuqYt4vy7. (2/2) ^AS",,386474.0,"@199682 for more information on payment revision, please visit :  (2/2) ^as",billing_problem,escalate
386476,AmazonHelp,False,Mon Oct 09 13:07:00 +0000 2017,"@199682 For more information on payment revision, please visit : https://t.co/JGuqYt4vy7. (2/2) ^AS",,386474.0,"@199682 for more information on payment revision, please visit :  (2/2) ^as",billing_problem,escalate
386476,AmazonHelp,False,Mon Oct 09 13:07:00 +0000 2017,"@199682 For more information on payment revision, please visit : https://t.co/JGuqYt4vy7. (2/2) ^AS",,386474.0,"@199682 for more information on payment revision, please visit :  (2/2) ^as",billing_problem,escalate
386476,AmazonHelp,False,Mon Oct 09 13:07:00 +0000 2017,"@199682 For more information on payment revision, please visit : https://t.co/JGuqYt4vy7. (2/2) ^AS",,386474.0,"@199682 for more information on payment revision, please visit :  (2/2) ^as",billing_problem,escalate
386476,AmazonHelp,False,Mon Oct 09 13:07:00 +0000 2017,"@199682 For more information on payment revision, please visit : https://t.co/JGuqYt4vy7. (2/2) ^AS",,386474.0,"@199682 for more information on payment revision, please visit :  (2/2) ^as",billing_problem,escalate
386476,AmazonHelp,False,Mon Oct 09 13:07:00 +0000 2017,"@199682 For more information on payment revision, please visit : https://t.co/JGuqYt4vy7. (2/2) ^AS",,386474.0,"@199682 for more information on payment revision, please visit :  (2/2) ^as",billing_problem,escalate
386476,AmazonHelp,False,Mon Oct 09 13:07:00 +0000 2017,"@199682 For more information on payment revision, please visit : https://t.co/JGuqYt4vy7. (2/2) ^AS",,386474.0,"@199682 for more information on payment revision, please visit :  (2/2) ^as",billing_problem,escalate
386476,AmazonHelp,False,Mon Oct 09 13:07:00 +0000 2017,"@199682 For more information on payment revision, please visit : https://t.co/JGuqYt4vy7. (2/2) ^AS",,386474.0,"@199682 for more information on payment revision, please visit :  (2/2) ^as",billing_problem,escalate
386476,AmazonHelp,False,Mon Oct 09 13:07:00 +0000 2017,"@199682 For more information on payment revision, please visit : https://t.co/JGuqYt4vy7. (2/2) ^AS",,386474.0,"@199682 for more information on payment revision, please visit :  (2/2) ^as",billing_problem,escalate
386476,AmazonHelp,False,Mon Oct 09 13:07:00 +0000 2017,"@199682 For more information on payment revision, please visit : https://t.co/JGuqYt4vy7. (2/2) ^AS",,386474.0,"@199682 for more information on payment revision, please visit :  (2/2) ^as",billing_problem,escalate
386476,AmazonHelp,False,Mon Oct 09 13:07:00 +0000 2017,"@199682 For more information on payment revision, please visit : https://t.co/JGuqYt4vy7. (2/2) ^AS",,386474.0,"@199682 for more information on payment revision, please visit :  (2/2) ^as",billing_problem,escalate
386476,AmazonHelp,False,Mon Oct 09 13:07:00 +0000 2017,"@199682 For more information on payment revision, please visit : https://t.co/JGuqYt4vy7. (2/2) ^AS",,386474.0,"@199682 for more information on payment revision, please visit :  (2/2) ^as",billing_problem,escalate
386476,AmazonHelp,False,Mon Oct 09 13:07:00 +0000 2017,"@199682 For more information on payment revision, please visit : https://t.co/JGuqYt4vy7. (2/2) ^AS",,386474.0,"@199682 for more information on payment revision, please visit :  (2/2) ^as",billing_problem,escalate
386476,AmazonHelp,False,Mon Oct 09 13:07:00 +0000 2017,"@199682 For more information on payment revision, please visit : https://t.co/JGuqYt4vy7. (2/2) ^AS",,386474.0,"@199682 for more information on payment revision, please visit :  (2/2) ^as",billing_problem,escalate
386476,AmazonHelp,False,Mon Oct 09 13:07:00 +0000 2017,"@199682 For more information on payment revision, please visit : https://t.co/JGuqYt4vy7. (2/2) ^AS",,386474.0,"@199682 for more information on payment revision, please visit :  (2/2) ^as",billing_problem,escalate
386476,AmazonHelp,False,Mon Oct 09 13:07:00 +0000 2017,"@199682 For more information on payment revision, please visit : https://t.co/JGuqYt4vy7. (2/2) ^AS",,386474.0,"@199682 for more information on payment revision, please visit :  (2/2) ^as",billing_problem,escalate
386476,AmazonHelp,False,Mon Oct 09 13:07:00 +0000 2017,"@199682 For more information on payment revision, please visit : https://t.co/JGuqYt4vy7. (2/2) ^AS",,386474.0,"@199682 for more information on payment revision, please visit :  (2/2) ^as",billing_problem,escalate
386476,AmazonHelp,False,Mon Oct 09 13:07:00 +0000 2017,"@199682 For more information on payment revision, please visit : https://t.co/JGuqYt4vy7. (2/2) ^AS",,386474.0,"@199682 for more information on payment revision, please visit :  (2/2) ^as",billing_problem,escalate
1260813,AmazonHelp,False,Thu Oct 26 10:01:32 +0000 2017,"@415378 Sorry to know that, please report that here: https://t.co/TdDksLo6Mf and we'll check this out for you. ^MS",1260810,,"@415378 sorry to know that, please report that here:  and we'll check this out for you. ^ms",complaint_unresolved,escalate
788254,AmazonHelp,False,Thu Oct 12 10:47:00 +0000 2017,@308007 Sorry to know about that. You may provide us the packaging feedback here: https://t.co/AXuDWvgjuo ^AK,,788255.0,@308007 sorry to know about that. you may provide us the packaging feedback here:  ^ak,complaint_unresolved,escalate
322630,AmazonHelp,False,Sun Oct 08 02:11:16 +0000 2017,@191896 Apologies for this ordeal. Please share your details here: https://t.co/GIJyeYqKE0 and I'll get in touch with you. ^HD,,322624.0,@191896 apologies for this ordeal. please share your details here:  and i'll get in touch with you. ^hd,complaint_unresolved,escalate
1043157,AmazonHelp,False,Mon Oct 23 09:28:05 +0000 2017,@366682 Apologies - Please reach out : https://t.co/ub6EQegz11 a member of our team will be happy to look into your concern further ^TP,,1043158.0,@366682 apologies - please reach out :  a member of our team will be happy to look into your concern further ^tp,complaint_unresolved,escalate
333209,AmazonHelp,False,Sat Oct 07 19:30:00 +0000 2017,@195364 I'm sorry about any inconvenience. Could you let us know what went wrong? We'd like to help.  ^SG,,333210.0,@195364 i'm sorry about any inconvenience. could you let us know what went wrong? we'd like to help.  ^sg,complaint_unresolved,escalate
420909,AmazonHelp,False,Tue Oct 10 07:57:30 +0000 2017,@215321 I'm sorry for the miss. Kindly connect with us here: https://t.co/vlvfJr4nN9 and we'll sort this out. (1/2) ^GK,"420922,420923",420908.0,@215321 i'm sorry for the miss. kindly connect with us here:  and we'll sort this out. (1/2) ^gk,complaint_unresolved,escalate
1260813,AmazonHelp,False,Thu Oct 26 10:01:32 +0000 2017,"@415378 Sorry to know that, please report that here: https://t.co/TdDksLo6Mf and we'll check this out for you. ^MS",1260810,,"@415378 sorry to know that, please report that here:  and we'll check this out for you. ^ms",complaint_unresolved,escalate
2318709,AmazonHelp,False,Mon Nov 13 11:17:27 +0000 2017,@672134 That's unusual! I'm sorry for the unpleasant experience. We'd like to have a look into this. May I know if you've reported this to our support team here:https://t.co/vlvfJr4nN9? ^EM,2318710,2318711.0,@672134 that's unusual! i'm sorry for the unpleasant experience. we'd like to have a look into this. may i know if you've reported this to our support team here: ^em,complaint_unresolved,escalate
388397,AmazonHelp,False,Mon Oct 09 14:28:25 +0000 2017,@207912 Sorry for the hassle. Please report this to our support team here: https://t.co/vlvfJr4nN9 and we'll check this.1/2 ^HN,388398,388395.0,@207912 sorry for the hassle. please report this to our support team here:  and we'll check this.1/2 ^hn,complaint_unresolved,escalate
694363,AmazonHelp,False,Mon Nov 13 17:21:00 +0000 2017,"@285580 I get your frustration. If you've replied to our correspondence, we'll check and get back to you soon. ^MO",694362,694364.0,"@285580 i get your frustration. if you've replied to our correspondence, we'll check and get back to you soon. ^mo",complaint_unresolved,escalate
694363,AmazonHelp,False,Mon Nov 13 17:21:00 +0000 2017,"@285580 I get your frustration. If you've replied to our correspondence, we'll check and get back to you soon. ^MO",694362,694364.0,"@285580 i get your frustration. if you've replied to our correspondence, we'll check and get back to you soon. ^mo",complaint_unresolved,escalate
180471,AmazonHelp,False,Thu Oct 05 13:58:27 +0000 2017,@158439 Sorry for the trouble. Kindly report this to our support team here: https://t.co/vlvfJr4nN9 and we'll check this. ^HN,"180472,180473",180470.0,@158439 sorry for the trouble. kindly report this to our support team here:  and we'll check this. ^hn,complaint_unresolved,escalate
244141,AmazonHelp,False,Thu Oct 05 16:05:00 +0000 2017,@173988 Sorry for the hassle. Please share your details here: https://t.co/GIJyeYqKE0 and I'll get back to you at the earliest. ^HN,244142,244139.0,@173988 sorry for the hassle. please share your details here:  and i'll get back to you at the earliest. ^hn,complaint_unresolved,escalate
2122343,AmazonHelp,False,Thu Oct 19 06:36:55 +0000 2017,@266461 I'm sorry you've not received your order. We'd like to look into it. Kindly share your details 1/2 ^AP,,2122344.0,@266461 i'm sorry you've not received your order. we'd like to look into it. kindly share your details 1/2 ^ap,complaint_unresolved,escalate
180471,AmazonHelp,False,Thu Oct 05 13:58:27 +0000 2017,@158439 Sorry for the trouble. Kindly report this to our support team here: https://t.co/vlvfJr4nN9 and we'll check this. ^HN,"180472,180473",180470.0,@158439 sorry for the trouble. kindly report this to our support team here:  and we'll check this. ^hn,complaint_unresolved,escalate
421253,AmazonHelp,False,Mon Oct 16 20:58:00 +0000 2017,@215376 Apologies for the experience. Please reply to the correspondence and we'll check and assist you. ^SV,421254,421252.0,@215376 apologies for the experience. please reply to the correspondence and we'll check and assist you. ^sv,complaint_unresolved,escalate
665214,AmazonHelp,False,Mon Oct 23 05:52:50 +0000 2017,@278535 Sorry for the trouble. Please contact our support team here: https://t.co/vlvfJr4nN9 We will get it sorted out. ^GU,665215,665212.0,@278535 sorry for the trouble. please contact our support team here:  we will get it sorted out. ^gu,complaint_unresolved,escalate
812182,AmazonHelp,False,Fri Oct 13 08:29:28 +0000 2017,@313073 Sorry about that. I'd like to have a closer look on this. Please let us know more here: https://t.co/GIJyeYqKE0. ^BS,"812183,812184",812181.0,@313073 sorry about that. i'd like to have a closer look on this. please let us know more here:  ^bs,complaint_unresolved,escalate
180471,AmazonHelp,False,Thu Oct 05 13:58:27 +0000 2017,@158439 Sorry for the trouble. Kindly report this to our support team here: https://t.co/vlvfJr4nN9 and we'll check this. ^HN,"180472,180473",180470.0,@158439 sorry for the trouble. kindly report this to our support team here:  and we'll check this. ^hn,complaint_unresolved,escalate
665402,AmazonHelp,False,Fri Nov 03 08:27:54 +0000 2017,"@278554 Sorry, when you click the link you can use the 'Skip Sign In' option to access the form. ^JJ",665403,665404.0,"@278554 sorry, when you click the link you can use the 'skip sign in' option to access the form. ^jj",complaint_unresolved,escalate
665690,AmazonHelp,False,Fri Nov 03 10:36:00 +0000 2017,"@278571 Sorry about that Lauren, thanks for letting us know too. ^NV",,665688.0,"@278571 sorry about that lauren, thanks for letting us know too. ^nv",complaint_unresolved,escalate
136159,AmazonHelp,False,Fri Nov 24 09:52:25 +0000 2017,"@146679 Apologies Robert, during this busy period some deliveries may take slightly longer than usual.^BD",,136157.0,"@146679 apologies robert, during this busy period some deliveries may take slightly longer than usual.^bd",complaint_unresolved,escalate
812182,AmazonHelp,False,Fri Oct 13 08:29:28 +0000 2017,@313073 Sorry about that. I'd like to have a closer look on this. Please let us know more here: https://t.co/GIJyeYqKE0. ^BS,"812183,812184",812181.0,@313073 sorry about that. i'd like to have a closer look on this. please let us know more here:  ^bs,complaint_unresolved,escalate
420909,AmazonHelp,False,Tue Oct 10 07:57:30 +0000 2017,@215321 I'm sorry for the miss. Kindly connect with us here: https://t.co/vlvfJr4nN9 and we'll sort this out. (1/2) ^GK,"420922,420923",420908.0,@215321 i'm sorry for the miss. kindly connect with us here:  and we'll sort this out. (1/2) ^gk,complaint_unresolved,escalate
2161758,AmazonHelp,False,Thu Nov 09 07:10:57 +0000 2017,"@522111 I'm sorry the issue is taking longer than expected. We've escalated the issue to our concerned team, we'll get back 1/2 ^SH",2161757,2161759.0,"@522111 i'm sorry the issue is taking longer than expected. we've escalated the issue to our concerned team, we'll get back 1/2 ^sh",complaint_unresolved,escalate
21058,AmazonHelp,False,Thu Nov 02 20:55:00 +0000 2017,"@120613 Apologies for the experience, Ananya. We've sent a correspondence to your registered email. Please reply &amp; we'll assist. ^SV","21060,21061",21056.0,"@120613 apologies for the experience, ananya. we've sent a correspondence to your registered email. please reply &amp; we'll assist. ^sv",complaint_unresolved,escalate
665214,AmazonHelp,False,Mon Oct 23 05:52:50 +0000 2017,@278535 Sorry for the trouble. Please contact our support team here: https://t.co/vlvfJr4nN9 We will get it sorted out. ^GU,665215,665212.0,@278535 sorry for the trouble. please contact our support team here:  we will get it sorted out. ^gu,complaint_unresolved,escalate
665402,AmazonHelp,False,Fri Nov 03 08:27:54 +0000 2017,"@278554 Sorry, when you click the link you can use the 'Skip Sign In' option to access the form. ^JJ",665403,665404.0,"@278554 sorry, when you click the link you can use the 'skip sign in' option to access the form. ^jj",complaint_unresolved,escalate
542188,AmazonHelp,False,Sat Dec 02 15:53:00 +0000 2017,"@245827 Apologies, did you contact us? What were you advised? ^BD",542187,542189.0,"@245827 apologies, did you contact us? what were you advised? ^bd",complaint_unresolved,escalate
2135753,AmazonHelp,False,Tue Nov 21 02:57:38 +0000 2017,@628321 Apologies for the experience you had with this order. Please contact us here: https://t.co/vlvfJr4nN9. We'd be glad to assist you. ^JS,2135754,2135755.0,@628321 apologies for the experience you had with this order. please contact us here:  we'd be glad to assist you. ^js,complaint_unresolved,escalate
527775,AmazonHelp,False,Sat Dec 02 13:19:30 +0000 2017,"@237635 Sorry to hear that, Dominic. Can I ask if you've had any tracking updates on that order? You can check here: https://t.co/Y5jpI9gRhE ^TI",527776,527774.0,"@237635 sorry to hear that, dominic. can i ask if you've had any tracking updates on that order? you can check here:  ^ti",complaint_unresolved,escalate
2171648,AmazonHelp,False,Thu Oct 19 12:14:00 +0000 2017,@322920 Apologies for the ordeal Priyansh. Please share your details here: https://t.co/GIJyeYqKE0 and I'll get back to you. 1/2^HN,,2171647.0,@322920 apologies for the ordeal priyansh. please share your details here:  and i'll get back to you. 1/2^hn,complaint_unresolved,escalate
478531,AmazonHelp,False,Fri Dec 01 12:38:28 +0000 2017,"@228692 I'm sorry to hear that, have you had a particular issue with an order?^PJ",478532,478533.0,"@228692 i'm sorry to hear that, have you had a particular issue with an order?^pj",complaint_unresolved,escalate
322630,AmazonHelp,False,Sun Oct 08 02:11:16 +0000 2017,@191896 Apologies for this ordeal. Please share your details here: https://t.co/GIJyeYqKE0 and I'll get in touch with you. ^HD,,322624.0,@191896 apologies for this ordeal. please share your details here:  and i'll get in touch with you. ^hd,complaint_unresolved,escalate
480303,AmazonHelp,False,Fri Dec 01 13:42:30 +0000 2017,"@229154 Apologies, was the order sold and fulfilled by Amazon or a 3rd Party Seller? ^JJ",480304,480305.0,"@229154 apologies, was the order sold and fulfilled by amazon or a 3rd party seller? ^jj",complaint_unresolved,escalate
665402,AmazonHelp,False,Fri Nov 03 08:27:54 +0000 2017,"@278554 Sorry, when you click the link you can use the 'Skip Sign In' option to access the form. ^JJ",665403,665404.0,"@278554 sorry, when you click the link you can use the 'skip sign in' option to access the form. ^jj",complaint_unresolved,escalate
421253,AmazonHelp,False,Mon Oct 16 20:58:00 +0000 2017,@215376 Apologies for the experience. Please reply to the correspondence and we'll check and assist you. ^SV,421254,421252.0,@215376 apologies for the experience. please reply to the correspondence and we'll check and assist you. ^sv,complaint_unresolved,escalate
2499176,AmazonHelp,False,Wed Nov 15 19:36:43 +0000 2017,"@713072 I'm sorry that you've had a poor experience with us, Zalmen! I can definitely understand your disappointment. Could you please confirm what options were provided when you spoke with us? We want to help! Please keep us posted! ^SD",,2499173.0,"@713072 i'm sorry that you've had a poor experience with us, zalmen! i can definitely understand your disappointment. could you please confirm what options were provided when you spoke with us? we want to help! please keep us posted! ^sd",complaint_unresolved,escalate
318787,AmazonHelp,False,Sat Oct 07 10:58:33 +0000 2017,@192050 Sorry for the trouble you've had. Kindly reach out to our support team here: https://t.co/2t6DQoUmNZ &amp; they'll help you with it.^MM,,318788.0,@192050 sorry for the trouble you've had. kindly reach out to our support team here:  &amp; they'll help you with it.^mm,complaint_unresolved,escalate
420909,AmazonHelp,False,Tue Oct 10 07:57:30 +0000 2017,@215321 I'm sorry for the miss. Kindly connect with us here: https://t.co/vlvfJr4nN9 and we'll sort this out. (1/2) ^GK,"420922,420923",420908.0,@215321 i'm sorry for the miss. kindly connect with us here:  and we'll sort this out. (1/2) ^gk,complaint_unresolved,escalate
441899,AmazonHelp,False,Wed Oct 11 10:49:00 +0000 2017,"@219790 Apologies - Have you been in touch regarding this? If so, what options were offered? ^TP",,441900.0,"@219790 apologies - have you been in touch regarding this? if so, what options were offered? ^tp",complaint_unresolved,escalate
1260813,AmazonHelp,False,Thu Oct 26 10:01:32 +0000 2017,"@415378 Sorry to know that, please report that here: https://t.co/TdDksLo6Mf and we'll check this out for you. ^MS",1260810,,"@415378 sorry to know that, please report that here:  and we'll check this out for you. ^ms",complaint_unresolved,escalate
420305,AmazonHelp,False,Thu Sep 28 19:35:40 +0000 2017,@215184 Sorry for any inconvenience. Kindly drop in the details here : https://t.co/UOLpjVCTUG. We'll look into it. ^CA,895803,420304.0,@215184 sorry for any inconvenience. kindly drop in the details here :  we'll look into it. ^ca,complaint_unresolved,escalate
434431,AmazonHelp,False,Tue Oct 10 16:29:01 +0000 2017,@218230 I'm sorry for the inconvenience. We'd like to get this reported &amp; offer options! Pls reach out: https://t.co/JzP7hlA23B ^CS,434432,434433.0,@218230 i'm sorry for the inconvenience. we'd like to get this reported &amp; offer options! pls reach out:  ^cs,complaint_unresolved,escalate
542188,AmazonHelp,False,Sat Dec 02 15:53:00 +0000 2017,"@245827 Apologies, did you contact us? What were you advised? ^BD",542187,542189.0,"@245827 apologies, did you contact us? what were you advised? ^bd",complaint_unresolved,escalate
1990276,AmazonHelp,False,Wed Oct 18 19:03:01 +0000 2017,@500429 I'm sorry you didn't receive your order! Reach out by clicking the link so we can check this out: https://t.co/qy3J24VGxb ^GL,,1990277.0,@500429 i'm sorry you didn't receive your order! reach out by clicking the link so we can check this out:  ^gl,complaint_unresolved,escalate
441899,AmazonHelp,False,Wed Oct 11 10:49:00 +0000 2017,"@219790 Apologies - Have you been in touch regarding this? If so, what options were offered? ^TP",,441900.0,"@219790 apologies - have you been in touch regarding this? if so, what options were offered? ^tp",complaint_unresolved,escalate
689486,AmazonHelp,False,Sat Nov 25 07:53:14 +0000 2017,"@284758 Sorry to know that, please let us know what went wrong? We'll definitely look into it. ^PS",689487,689488.0,"@284758 sorry to know that, please let us know what went wrong? we'll definitely look into it. ^ps",complaint_unresolved,escalate
812182,AmazonHelp,False,Fri Oct 13 08:29:28 +0000 2017,@313073 Sorry about that. I'd like to have a closer look on this. Please let us know more here: https://t.co/GIJyeYqKE0. ^BS,"812183,812184",812181.0,@313073 sorry about that. i'd like to have a closer look on this. please let us know more here:  ^bs,complaint_unresolved,escalate
127447,AmazonHelp,False,Fri Nov 24 03:54:57 +0000 2017,@144619 I'm so sorry for the poor experience you've had with your deliveries. We'd like to speak with you about this and see what we can do. Please reach out to us via phone or chat here: https://t.co/hApLpMlfHN. ^DG,,127448.0,@144619 i'm so sorry for the poor experience you've had with your deliveries. we'd like to speak with you about this and see what we can do. please reach out to us via phone or chat here:  ^dg,complaint_unresolved,escalate
2171648,AmazonHelp,False,Thu Oct 19 12:14:00 +0000 2017,@322920 Apologies for the ordeal Priyansh. Please share your details here: https://t.co/GIJyeYqKE0 and I'll get back to you. 1/2^HN,,2171647.0,@322920 apologies for the ordeal priyansh. please share your details here:  and i'll get back to you. 1/2^hn,complaint_unresolved,escalate
480303,AmazonHelp,False,Fri Dec 01 13:42:30 +0000 2017,"@229154 Apologies, was the order sold and fulfilled by Amazon or a 3rd Party Seller? ^JJ",480304,480305.0,"@229154 apologies, was the order sold and fulfilled by amazon or a 3rd party seller? ^jj",complaint_unresolved,escalate
318787,AmazonHelp,False,Sat Oct 07 10:58:33 +0000 2017,@192050 Sorry for the trouble you've had. Kindly reach out to our support team here: https://t.co/2t6DQoUmNZ &amp; they'll help you with it.^MM,,318788.0,@192050 sorry for the trouble you've had. kindly reach out to our support team here:  &amp; they'll help you with it.^mm,complaint_unresolved,escalate
665402,AmazonHelp,False,Fri Nov 03 08:27:54 +0000 2017,"@278554 Sorry, when you click the link you can use the 'Skip Sign In' option to access the form. ^JJ",665403,665404.0,"@278554 sorry, when you click the link you can use the 'skip sign in' option to access the form. ^jj",complaint_unresolved,escalate
333209,AmazonHelp,False,Sat Oct 07 19:30:00 +0000 2017,@195364 I'm sorry about any inconvenience. Could you let us know what went wrong? We'd like to help.  ^SG,,333210.0,@195364 i'm sorry about any inconvenience. could you let us know what went wrong? we'd like to help.  ^sg,complaint_unresolved,escalate
480303,AmazonHelp,False,Fri Dec 01 13:42:30 +0000 2017,"@229154 Apologies, was the order sold and fulfilled by Amazon or a 3rd Party Seller? ^JJ",480304,480305.0,"@229154 apologies, was the order sold and fulfilled by amazon or a 3rd party seller? ^jj",complaint_unresolved,escalate
372174,AmazonHelp,False,Sun Oct 08 23:25:00 +0000 2017,"@204173 I'm sorry to hear this! We want to make sure you received assistance, what was the outcome of the call? ^BH",372175,372176.0,"@204173 i'm sorry to hear this! we want to make sure you received assistance, what was the outcome of the call? ^bh",complaint_unresolved,escalate
1990276,AmazonHelp,False,Wed Oct 18 19:03:01 +0000 2017,@500429 I'm sorry you didn't receive your order! Reach out by clicking the link so we can check this out: https://t.co/qy3J24VGxb ^GL,,1990277.0,@500429 i'm sorry you didn't receive your order! reach out by clicking the link so we can check this out:  ^gl,complaint_unresolved,escalate
2408669,AmazonHelp,False,Tue Nov 14 16:09:29 +0000 2017,"@692608 I'm sorry for trouble you're having with your devices. We'd like to look into this further, please call us: https://t.co/hApLpMlfHN ^CO",2408670,2408671.0,"@692608 i'm sorry for trouble you're having with your devices. we'd like to look into this further, please call us:  ^co",complaint_unresolved,escalate
244141,AmazonHelp,False,Thu Oct 05 16:05:00 +0000 2017,@173988 Sorry for the hassle. Please share your details here: https://t.co/GIJyeYqKE0 and I'll get back to you at the earliest. ^HN,244142,244139.0,@173988 sorry for the hassle. please share your details here:  and i'll get back to you at the earliest. ^hn,complaint_unresolved,escalate
2122343,AmazonHelp,False,Thu Oct 19 06:36:55 +0000 2017,@266461 I'm sorry you've not received your order. We'd like to look into it. Kindly share your details 1/2 ^AP,,2122344.0,@266461 i'm sorry you've not received your order. we'd like to look into it. kindly share your details 1/2 ^ap,complaint_unresolved,escalate
434431,AmazonHelp,False,Tue Oct 10 16:29:01 +0000 2017,@218230 I'm sorry for the inconvenience. We'd like to get this reported &amp; offer options! Pls reach out: https://t.co/JzP7hlA23B ^CS,434432,434433.0,@218230 i'm sorry for the inconvenience. we'd like to get this reported &amp; offer options! pls reach out:  ^cs,complaint_unresolved,escalate
812182,AmazonHelp,False,Fri Oct 13 08:29:28 +0000 2017,@313073 Sorry about that. I'd like to have a closer look on this. Please let us know more here: https://t.co/GIJyeYqKE0. ^BS,"812183,812184",812181.0,@313073 sorry about that. i'd like to have a closer look on this. please let us know more here:  ^bs,complaint_unresolved,escalate
640676,AmazonHelp,False,Fri Nov 24 07:12:30 +0000 2017,"@272015 That's definitely unacceptable! I'm sorry for the unpleasant experience you've had. We'd like to investigate this right away, kindly drop in your details here:: https://t.co/beaaDm0muc we'll look into this and take the necessary corrective actions. ^EM",,640677.0,"@272015 that's definitely unacceptable! i'm sorry for the unpleasant experience you've had. we'd like to investigate this right away, kindly drop in your details here::  we'll look into this and take the necessary corrective actions. ^em",complaint_unresolved,escalate
527775,AmazonHelp,False,Sat Dec 02 13:19:30 +0000 2017,"@237635 Sorry to hear that, Dominic. Can I ask if you've had any tracking updates on that order? You can check here: https://t.co/Y5jpI9gRhE ^TI",527776,527774.0,"@237635 sorry to hear that, dominic. can i ask if you've had any tracking updates on that order? you can check here:  ^ti",complaint_unresolved,escalate
434431,AmazonHelp,False,Tue Oct 10 16:29:01 +0000 2017,@218230 I'm sorry for the inconvenience. We'd like to get this reported &amp; offer options! Pls reach out: https://t.co/JzP7hlA23B ^CS,434432,434433.0,@218230 i'm sorry for the inconvenience. we'd like to get this reported &amp; offer options! pls reach out:  ^cs,complaint_unresolved,escalate
788254,AmazonHelp,False,Thu Oct 12 10:47:00 +0000 2017,@308007 Sorry to know about that. You may provide us the packaging feedback here: https://t.co/AXuDWvgjuo ^AK,,788255.0,@308007 sorry to know about that. you may provide us the packaging feedback here:  ^ak,complaint_unresolved,escalate
420305,AmazonHelp,False,Thu Sep 28 19:35:40 +0000 2017,@215184 Sorry for any inconvenience. Kindly drop in the details here : https://t.co/UOLpjVCTUG. We'll look into it. ^CA,895803,420304.0,@215184 sorry for any inconvenience. kindly drop in the details here :  we'll look into it. ^ca,complaint_unresolved,escalate
689486,AmazonHelp,False,Sat Nov 25 07:53:14 +0000 2017,"@284758 Sorry to know that, please let us know what went wrong? We'll definitely look into it. ^PS",689487,689488.0,"@284758 sorry to know that, please let us know what went wrong? we'll definitely look into it. ^ps",complaint_unresolved,escalate
665402,AmazonHelp,False,Fri Nov 03 08:27:54 +0000 2017,"@278554 Sorry, when you click the link you can use the 'Skip Sign In' option to access the form. ^JJ",665403,665404.0,"@278554 sorry, when you click the link you can use the 'skip sign in' option to access the form. ^jj",complaint_unresolved,escalate
259400,AmazonHelp,False,Thu Oct 05 20:36:00 +0000 2017,@177684 I'm sorry it's not arriving as expected! Keep us posted when the order arrives to you. ^AH,,259401.0,@177684 i'm sorry it's not arriving as expected! keep us posted when the order arrives to you. ^ah,complaint_unresolved,escalate
754585,AmazonHelp,False,Wed Oct 11 15:22:07 +0000 2017,@284042 Sorry for the hassle. Could you please uninstall and reinstall the prime video app and try it again? ^HN,,754586.0,@284042 sorry for the hassle. could you please uninstall and reinstall the prime video app and try it again? ^hn,complaint_unresolved,escalate
244141,AmazonHelp,False,Thu Oct 05 16:05:00 +0000 2017,@173988 Sorry for the hassle. Please share your details here: https://t.co/GIJyeYqKE0 and I'll get back to you at the earliest. ^HN,244142,244139.0,@173988 sorry for the hassle. please share your details here:  and i'll get back to you at the earliest. ^hn,complaint_unresolved,escalate
1990276,AmazonHelp,False,Wed Oct 18 19:03:01 +0000 2017,@500429 I'm sorry you didn't receive your order! Reach out by clicking the link so we can check this out: https://t.co/qy3J24VGxb ^GL,,1990277.0,@500429 i'm sorry you didn't receive your order! reach out by clicking the link so we can check this out:  ^gl,complaint_unresolved,escalate
888360,AmazonHelp,False,Mon Nov 27 06:21:26 +0000 2017,@330925 As said earlier the resolution provided over the email is the best we can offer. I'm sorry we'll not be able to provide any further insight on this. ^SH,,888358.0,@330925 as said earlier the resolution provided over the email is the best we can offer. i'm sorry we'll not be able to provide any further insight on this. ^sh,complaint_unresolved,escalate
322630,AmazonHelp,False,Sun Oct 08 02:11:16 +0000 2017,@191896 Apologies for this ordeal. Please share your details here: https://t.co/GIJyeYqKE0 and I'll get in touch with you. ^HD,,322624.0,@191896 apologies for this ordeal. please share your details here:  and i'll get in touch with you. ^hd,complaint_unresolved,escalate
333209,AmazonHelp,False,Sat Oct 07 19:30:00 +0000 2017,@195364 I'm sorry about any inconvenience. Could you let us know what went wrong? We'd like to help.  ^SG,,333210.0,@195364 i'm sorry about any inconvenience. could you let us know what went wrong? we'd like to help.  ^sg,complaint_unresolved,escalate
1990276,AmazonHelp,False,Wed Oct 18 19:03:01 +0000 2017,@500429 I'm sorry you didn't receive your order! Reach out by clicking the link so we can check this out: https://t.co/qy3J24VGxb ^GL,,1990277.0,@500429 i'm sorry you didn't receive your order! reach out by clicking the link so we can check this out:  ^gl,complaint_unresolved,escalate
388397,AmazonHelp,False,Mon Oct 09 14:28:25 +0000 2017,@207912 Sorry for the hassle. Please report this to our support team here: https://t.co/vlvfJr4nN9 and we'll check this.1/2 ^HN,388398,388395.0,@207912 sorry for the hassle. please report this to our support team here:  and we'll check this.1/2 ^hn,complaint_unresolved,escalate
2122343,AmazonHelp,False,Thu Oct 19 06:36:55 +0000 2017,@266461 I'm sorry you've not received your order. We'd like to look into it. Kindly share your details 1/2 ^AP,,2122344.0,@266461 i'm sorry you've not received your order. we'd like to look into it. kindly share your details 1/2 ^ap,complaint_unresolved,escalate
420909,AmazonHelp,False,Tue Oct 10 07:57:30 +0000 2017,@215321 I'm sorry for the miss. Kindly connect with us here: https://t.co/vlvfJr4nN9 and we'll sort this out. (1/2) ^GK,"420922,420923",420908.0,@215321 i'm sorry for the miss. kindly connect with us here:  and we'll sort this out. (1/2) ^gk,complaint_unresolved,escalate
478531,AmazonHelp,False,Fri Dec 01 12:38:28 +0000 2017,"@228692 I'm sorry to hear that, have you had a particular issue with an order?^PJ",478532,478533.0,"@228692 i'm sorry to hear that, have you had a particular issue with an order?^pj",complaint_unresolved,escalate
2273519,AmazonHelp,False,Tue Nov 14 06:39:28 +0000 2017,@661309 Hi there! I'm so sorry about that. Please use this link instead: https://t.co/hApLpMlfHN to contact us and select phone. ^LH,,2273516.0,@661309 hi there! i'm so sorry about that. please use this link instead:  to contact us and select phone. ^lh,complaint_unresolved,escalate
420305,AmazonHelp,False,Thu Sep 28 19:35:40 +0000 2017,@215184 Sorry for any inconvenience. Kindly drop in the details here : https://t.co/UOLpjVCTUG. We'll look into it. ^CA,895803,420304.0,@215184 sorry for any inconvenience. kindly drop in the details here :  we'll look into it. ^ca,complaint_unresolved,escalate
480303,AmazonHelp,False,Fri Dec 01 13:42:30 +0000 2017,"@229154 Apologies, was the order sold and fulfilled by Amazon or a 3rd Party Seller? ^JJ",480304,480305.0,"@229154 apologies, was the order sold and fulfilled by amazon or a 3rd party seller? ^jj",complaint_unresolved,escalate
180471,AmazonHelp,False,Thu Oct 05 13:58:27 +0000 2017,@158439 Sorry for the trouble. Kindly report this to our support team here: https://t.co/vlvfJr4nN9 and we'll check this. ^HN,"180472,180473",180470.0,@158439 sorry for the trouble. kindly report this to our support team here:  and we'll check this. ^hn,complaint_unresolved,escalate
689486,AmazonHelp,False,Sat Nov 25 07:53:14 +0000 2017,"@284758 Sorry to know that, please let us know what went wrong? We'll definitely look into it. ^PS",689487,689488.0,"@284758 sorry to know that, please let us know what went wrong? we'll definitely look into it. ^ps",complaint_unresolved,escalate
542188,AmazonHelp,False,Sat Dec 02 15:53:00 +0000 2017,"@245827 Apologies, did you contact us? What were you advised? ^BD",542187,542189.0,"@245827 apologies, did you contact us? what were you advised? ^bd",complaint_unresolved,escalate
2273519,AmazonHelp,False,Tue Nov 14 06:39:28 +0000 2017,@661309 Hi there! I'm so sorry about that. Please use this link instead: https://t.co/hApLpMlfHN to contact us and select phone. ^LH,,2273516.0,@661309 hi there! i'm so sorry about that. please use this link instead:  to contact us and select phone. ^lh,complaint_unresolved,escalate
2187386,AmazonHelp,False,Fri Oct 20 12:20:00 +0000 2017,@236120 Sorry about this. Please fill out this secure form and a specialist will look into this for you https://t.co/R55eEQwSEs ^KM,2187387,2187385.0,@236120 sorry about this. please fill out this secure form and a specialist will look into this for you  ^km,complaint_unresolved,escalate
788254,AmazonHelp,False,Thu Oct 12 10:47:00 +0000 2017,@308007 Sorry to know about that. You may provide us the packaging feedback here: https://t.co/AXuDWvgjuo ^AK,,788255.0,@308007 sorry to know about that. you may provide us the packaging feedback here:  ^ak,complaint_unresolved,escalate
322630,AmazonHelp,False,Sun Oct 08 02:11:16 +0000 2017,@191896 Apologies for this ordeal. Please share your details here: https://t.co/GIJyeYqKE0 and I'll get in touch with you. ^HD,,322624.0,@191896 apologies for this ordeal. please share your details here:  and i'll get in touch with you. ^hd,complaint_unresolved,escalate
2273519,AmazonHelp,False,Tue Nov 14 06:39:28 +0000 2017,@661309 Hi there! I'm so sorry about that. Please use this link instead: https://t.co/hApLpMlfHN to contact us and select phone. ^LH,,2273516.0,@661309 hi there! i'm so sorry about that. please use this link instead:  to contact us and select phone. ^lh,complaint_unresolved,escalate
757129,AmazonHelp,False,Wed Oct 11 18:52:40 +0000 2017,"@300938 Hey, sorry to hear about the trouble! W/o providing personal or acct specific info, can you tell us more? ^LB",757130,757131.0,"@300938 hey, sorry to hear about the trouble! w/o providing personal or acct specific info, can you tell us more? ^lb",complaint_unresolved,escalate
542188,AmazonHelp,False,Sat Dec 02 15:53:00 +0000 2017,"@245827 Apologies, did you contact us? What were you advised? ^BD",542187,542189.0,"@245827 apologies, did you contact us? what were you advised? ^bd",complaint_unresolved,escalate
318787,AmazonHelp,False,Sat Oct 07 10:58:33 +0000 2017,@192050 Sorry for the trouble you've had. Kindly reach out to our support team here: https://t.co/2t6DQoUmNZ &amp; they'll help you with it.^MM,,318788.0,@192050 sorry for the trouble you've had. kindly reach out to our support team here:  &amp; they'll help you with it.^mm,complaint_unresolved,escalate
441899,AmazonHelp,False,Wed Oct 11 10:49:00 +0000 2017,"@219790 Apologies - Have you been in touch regarding this? If so, what options were offered? ^TP",,441900.0,"@219790 apologies - have you been in touch regarding this? if so, what options were offered? ^tp",complaint_unresolved,escalate
180471,AmazonHelp,False,Thu Oct 05 13:58:27 +0000 2017,@158439 Sorry for the trouble. Kindly report this to our support team here: https://t.co/vlvfJr4nN9 and we'll check this. ^HN,"180472,180473",180470.0,@158439 sorry for the trouble. kindly report this to our support team here:  and we'll check this. ^hn,complaint_unresolved,escalate
757129,AmazonHelp,False,Wed Oct 11 18:52:40 +0000 2017,"@300938 Hey, sorry to hear about the trouble! W/o providing personal or acct specific info, can you tell us more? ^LB",757130,757131.0,"@300938 hey, sorry to hear about the trouble! w/o providing personal or acct specific info, can you tell us more? ^lb",complaint_unresolved,escalate
665402,AmazonHelp,False,Fri Nov 03 08:27:54 +0000 2017,"@278554 Sorry, when you click the link you can use the 'Skip Sign In' option to access the form. ^JJ",665403,665404.0,"@278554 sorry, when you click the link you can use the 'skip sign in' option to access the form. ^jj",complaint_unresolved,escalate
333209,AmazonHelp,False,Sat Oct 07 19:30:00 +0000 2017,@195364 I'm sorry about any inconvenience. Could you let us know what went wrong? We'd like to help.  ^SG,,333210.0,@195364 i'm sorry about any inconvenience. could you let us know what went wrong? we'd like to help.  ^sg,complaint_unresolved,escalate
180471,AmazonHelp,False,Thu Oct 05 13:58:27 +0000 2017,@158439 Sorry for the trouble. Kindly report this to our support team here: https://t.co/vlvfJr4nN9 and we'll check this. ^HN,"180472,180473",180470.0,@158439 sorry for the trouble. kindly report this to our support team here:  and we'll check this. ^hn,complaint_unresolved,escalate
694363,AmazonHelp,False,Mon Nov 13 17:21:00 +0000 2017,"@285580 I get your frustration. If you've replied to our correspondence, we'll check and get back to you soon. ^MO",694362,694364.0,"@285580 i get your frustration. if you've replied to our correspondence, we'll check and get back to you soon. ^mo",complaint_unresolved,escalate
2408669,AmazonHelp,False,Tue Nov 14 16:09:29 +0000 2017,"@692608 I'm sorry for trouble you're having with your devices. We'd like to look into this further, please call us: https://t.co/hApLpMlfHN ^CO",2408670,2408671.0,"@692608 i'm sorry for trouble you're having with your devices. we'd like to look into this further, please call us:  ^co",complaint_unresolved,escalate
333209,AmazonHelp,False,Sat Oct 07 19:30:00 +0000 2017,@195364 I'm sorry about any inconvenience. Could you let us know what went wrong? We'd like to help.  ^SG,,333210.0,@195364 i'm sorry about any inconvenience. could you let us know what went wrong? we'd like to help.  ^sg,complaint_unresolved,escalate
372174,AmazonHelp,False,Sun Oct 08 23:25:00 +0000 2017,"@204173 I'm sorry to hear this! We want to make sure you received assistance, what was the outcome of the call? ^BH",372175,372176.0,"@204173 i'm sorry to hear this! we want to make sure you received assistance, what was the outcome of the call? ^bh",complaint_unresolved,escalate
372174,AmazonHelp,False,Sun Oct 08 23:25:00 +0000 2017,"@204173 I'm sorry to hear this! We want to make sure you received assistance, what was the outcome of the call? ^BH",372175,372176.0,"@204173 i'm sorry to hear this! we want to make sure you received assistance, what was the outcome of the call? ^bh",complaint_unresolved,escalate
2161758,AmazonHelp,False,Thu Nov 09 07:10:57 +0000 2017,"@522111 I'm sorry the issue is taking longer than expected. We've escalated the issue to our concerned team, we'll get back 1/2 ^SH",2161757,2161759.0,"@522111 i'm sorry the issue is taking longer than expected. we've escalated the issue to our concerned team, we'll get back 1/2 ^sh",complaint_unresolved,escalate
111773,AmazonHelp,False,Fri Nov 24 08:48:00 +0000 2017,"@140828 Hello Rosie, I am sorry to hear that this has happened to you. Please follow this link: https://t.co/mk7tow11c4 and we will be in touch. ^HS",,111772.0,"@140828 hello rosie, i am sorry to hear that this has happened to you. please follow this link:  and we will be in touch. ^hs",complaint_unresolved,escalate
527775,AmazonHelp,False,Sat Dec 02 13:19:30 +0000 2017,"@237635 Sorry to hear that, Dominic. Can I ask if you've had any tracking updates on that order? You can check here: https://t.co/Y5jpI9gRhE ^TI",527776,527774.0,"@237635 sorry to hear that, dominic. can i ask if you've had any tracking updates on that order? you can check here:  ^ti",complaint_unresolved,escalate
1260813,AmazonHelp,False,Thu Oct 26 10:01:32 +0000 2017,"@415378 Sorry to know that, please report that here: https://t.co/TdDksLo6Mf and we'll check this out for you. ^MS",1260810,,"@415378 sorry to know that, please report that here:  and we'll check this out for you. ^ms",complaint_unresolved,escalate
2187386,AmazonHelp,False,Fri Oct 20 12:20:00 +0000 2017,@236120 Sorry about this. Please fill out this secure form and a specialist will look into this for you https://t.co/R55eEQwSEs ^KM,2187387,2187385.0,@236120 sorry about this. please fill out this secure form and a specialist will look into this for you  ^km,complaint_unresolved,escalate
2171648,AmazonHelp,False,Thu Oct 19 12:14:00 +0000 2017,@322920 Apologies for the ordeal Priyansh. Please share your details here: https://t.co/GIJyeYqKE0 and I'll get back to you. 1/2^HN,,2171647.0,@322920 apologies for the ordeal priyansh. please share your details here:  and i'll get back to you. 1/2^hn,complaint_unresolved,escalate
318787,AmazonHelp,False,Sat Oct 07 10:58:33 +0000 2017,@192050 Sorry for the trouble you've had. Kindly reach out to our support team here: https://t.co/2t6DQoUmNZ &amp; they'll help you with it.^MM,,318788.0,@192050 sorry for the trouble you've had. kindly reach out to our support team here:  &amp; they'll help you with it.^mm,complaint_unresolved,escalate
441899,AmazonHelp,False,Wed Oct 11 10:49:00 +0000 2017,"@219790 Apologies - Have you been in touch regarding this? If so, what options were offered? ^TP",,441900.0,"@219790 apologies - have you been in touch regarding this? if so, what options were offered? ^tp",complaint_unresolved,escalate
333209,AmazonHelp,False,Sat Oct 07 19:30:00 +0000 2017,@195364 I'm sorry about any inconvenience. Could you let us know what went wrong? We'd like to help.  ^SG,,333210.0,@195364 i'm sorry about any inconvenience. could you let us know what went wrong? we'd like to help.  ^sg,complaint_unresolved,escalate
21058,AmazonHelp,False,Thu Nov 02 20:55:00 +0000 2017,"@120613 Apologies for the experience, Ananya. We've sent a correspondence to your registered email. Please reply &amp; we'll assist. ^SV","21060,21061",21056.0,"@120613 apologies for the experience, ananya. we've sent a correspondence to your registered email. please reply &amp; we'll assist. ^sv",complaint_unresolved,escalate
259400,AmazonHelp,False,Thu Oct 05 20:36:00 +0000 2017,@177684 I'm sorry it's not arriving as expected! Keep us posted when the order arrives to you. ^AH,,259401.0,@177684 i'm sorry it's not arriving as expected! keep us posted when the order arrives to you. ^ah,complaint_unresolved,escalate
2161758,AmazonHelp,False,Thu Nov 09 07:10:57 +0000 2017,"@522111 I'm sorry the issue is taking longer than expected. We've escalated the issue to our concerned team, we'll get back 1/2 ^SH",2161757,2161759.0,"@522111 i'm sorry the issue is taking longer than expected. we've escalated the issue to our concerned team, we'll get back 1/2 ^sh",complaint_unresolved,escalate
388397,AmazonHelp,False,Mon Oct 09 14:28:25 +0000 2017,@207912 Sorry for the hassle. Please report this to our support team here: https://t.co/vlvfJr4nN9 and we'll check this.1/2 ^HN,388398,388395.0,@207912 sorry for the hassle. please report this to our support team here:  and we'll check this.1/2 ^hn,complaint_unresolved,escalate
180471,AmazonHelp,False,Thu Oct 05 13:58:27 +0000 2017,@158439 Sorry for the trouble. Kindly report this to our support team here: https://t.co/vlvfJr4nN9 and we'll check this. ^HN,"180472,180473",180470.0,@158439 sorry for the trouble. kindly report this to our support team here:  and we'll check this. ^hn,complaint_unresolved,escalate
2499176,AmazonHelp,False,Wed Nov 15 19:36:43 +0000 2017,"@713072 I'm sorry that you've had a poor experience with us, Zalmen! I can definitely understand your disappointment. Could you please confirm what options were provided when you spoke with us? We want to help! Please keep us posted! ^SD",,2499173.0,"@713072 i'm sorry that you've had a poor experience with us, zalmen! i can definitely understand your disappointment. could you please confirm what options were provided when you spoke with us? we want to help! please keep us posted! ^sd",complaint_unresolved,escalate
372174,AmazonHelp,False,Sun Oct 08 23:25:00 +0000 2017,"@204173 I'm sorry to hear this! We want to make sure you received assistance, what was the outcome of the call? ^BH",372175,372176.0,"@204173 i'm sorry to hear this! we want to make sure you received assistance, what was the outcome of the call? ^bh",complaint_unresolved,escalate
665402,AmazonHelp,False,Fri Nov 03 08:27:54 +0000 2017,"@278554 Sorry, when you click the link you can use the 'Skip Sign In' option to access the form. ^JJ",665403,665404.0,"@278554 sorry, when you click the link you can use the 'skip sign in' option to access the form. ^jj",complaint_unresolved,escalate
2122343,AmazonHelp,False,Thu Oct 19 06:36:55 +0000 2017,@266461 I'm sorry you've not received your order. We'd like to look into it. Kindly share your details 1/2 ^AP,,2122344.0,@266461 i'm sorry you've not received your order. we'd like to look into it. kindly share your details 1/2 ^ap,complaint_unresolved,escalate
665214,AmazonHelp,False,Mon Oct 23 05:52:50 +0000 2017,@278535 Sorry for the trouble. Please contact our support team here: https://t.co/vlvfJr4nN9 We will get it sorted out. ^GU,665215,665212.0,@278535 sorry for the trouble. please contact our support team here:  we will get it sorted out. ^gu,complaint_unresolved,escalate
2135753,AmazonHelp,False,Tue Nov 21 02:57:38 +0000 2017,@628321 Apologies for the experience you had with this order. Please contact us here: https://t.co/vlvfJr4nN9. We'd be glad to assist you. ^JS,2135754,2135755.0,@628321 apologies for the experience you had with this order. please contact us here:  we'd be glad to assist you. ^js,complaint_unresolved,escalate
372174,AmazonHelp,False,Sun Oct 08 23:25:00 +0000 2017,"@204173 I'm sorry to hear this! We want to make sure you received assistance, what was the outcome of the call? ^BH",372175,372176.0,"@204173 i'm sorry to hear this! we want to make sure you received assistance, what was the outcome of the call? ^bh",complaint_unresolved,escalate
757129,AmazonHelp,False,Wed Oct 11 18:52:40 +0000 2017,"@300938 Hey, sorry to hear about the trouble! W/o providing personal or acct specific info, can you tell us more? ^LB",757130,757131.0,"@300938 hey, sorry to hear about the trouble! w/o providing personal or acct specific info, can you tell us more? ^lb",complaint_unresolved,escalate
372174,AmazonHelp,False,Sun Oct 08 23:25:00 +0000 2017,"@204173 I'm sorry to hear this! We want to make sure you received assistance, what was the outcome of the call? ^BH",372175,372176.0,"@204173 i'm sorry to hear this! we want to make sure you received assistance, what was the outcome of the call? ^bh",complaint_unresolved,escalate
2499176,AmazonHelp,False,Wed Nov 15 19:36:43 +0000 2017,"@713072 I'm sorry that you've had a poor experience with us, Zalmen! I can definitely understand your disappointment. Could you please confirm what options were provided when you spoke with us? We want to help! Please keep us posted! ^SD",,2499173.0,"@713072 i'm sorry that you've had a poor experience with us, zalmen! i can definitely understand your disappointment. could you please confirm what options were provided when you spoke with us? we want to help! please keep us posted! ^sd",complaint_unresolved,escalate
480303,AmazonHelp,False,Fri Dec 01 13:42:30 +0000 2017,"@229154 Apologies, was the order sold and fulfilled by Amazon or a 3rd Party Seller? ^JJ",480304,480305.0,"@229154 apologies, was the order sold and fulfilled by amazon or a 3rd party seller? ^jj",complaint_unresolved,escalate
1990276,AmazonHelp,False,Wed Oct 18 19:03:01 +0000 2017,@500429 I'm sorry you didn't receive your order! Reach out by clicking the link so we can check this out: https://t.co/qy3J24VGxb ^GL,,1990277.0,@500429 i'm sorry you didn't receive your order! reach out by clicking the link so we can check this out:  ^gl,complaint_unresolved,escalate
421253,AmazonHelp,False,Mon Oct 16 20:58:00 +0000 2017,@215376 Apologies for the experience. Please reply to the correspondence and we'll check and assist you. ^SV,421254,421252.0,@215376 apologies for the experience. please reply to the correspondence and we'll check and assist you. ^sv,complaint_unresolved,escalate
757129,AmazonHelp,False,Wed Oct 11 18:52:40 +0000 2017,"@300938 Hey, sorry to hear about the trouble! W/o providing personal or acct specific info, can you tell us more? ^LB",757130,757131.0,"@300938 hey, sorry to hear about the trouble! w/o providing personal or acct specific info, can you tell us more? ^lb",complaint_unresolved,escalate
111773,AmazonHelp,False,Fri Nov 24 08:48:00 +0000 2017,"@140828 Hello Rosie, I am sorry to hear that this has happened to you. Please follow this link: https://t.co/mk7tow11c4 and we will be in touch. ^HS",,111772.0,"@140828 hello rosie, i am sorry to hear that this has happened to you. please follow this link:  and we will be in touch. ^hs",complaint_unresolved,escalate
689486,AmazonHelp,False,Sat Nov 25 07:53:14 +0000 2017,"@284758 Sorry to know that, please let us know what went wrong? We'll definitely look into it. ^PS",689487,689488.0,"@284758 sorry to know that, please let us know what went wrong? we'll definitely look into it. ^ps",complaint_unresolved,escalate
1990276,AmazonHelp,False,Wed Oct 18 19:03:01 +0000 2017,@500429 I'm sorry you didn't receive your order! Reach out by clicking the link so we can check this out: https://t.co/qy3J24VGxb ^GL,,1990277.0,@500429 i'm sorry you didn't receive your order! reach out by clicking the link so we can check this out:  ^gl,complaint_unresolved,escalate
1260813,AmazonHelp,False,Thu Oct 26 10:01:32 +0000 2017,"@415378 Sorry to know that, please report that here: https://t.co/TdDksLo6Mf and we'll check this out for you. ^MS",1260810,,"@415378 sorry to know that, please report that here:  and we'll check this out for you. ^ms",complaint_unresolved,escalate
2135753,AmazonHelp,False,Tue Nov 21 02:57:38 +0000 2017,@628321 Apologies for the experience you had with this order. Please contact us here: https://t.co/vlvfJr4nN9. We'd be glad to assist you. ^JS,2135754,2135755.0,@628321 apologies for the experience you had with this order. please contact us here:  we'd be glad to assist you. ^js,complaint_unresolved,escalate
441899,AmazonHelp,False,Wed Oct 11 10:49:00 +0000 2017,"@219790 Apologies - Have you been in touch regarding this? If so, what options were offered? ^TP",,441900.0,"@219790 apologies - have you been in touch regarding this? if so, what options were offered? ^tp",complaint_unresolved,escalate
322630,AmazonHelp,False,Sun Oct 08 02:11:16 +0000 2017,@191896 Apologies for this ordeal. Please share your details here: https://t.co/GIJyeYqKE0 and I'll get in touch with you. ^HD,,322624.0,@191896 apologies for this ordeal. please share your details here:  and i'll get in touch with you. ^hd,complaint_unresolved,escalate
322630,AmazonHelp,False,Sun Oct 08 02:11:16 +0000 2017,@191896 Apologies for this ordeal. Please share your details here: https://t.co/GIJyeYqKE0 and I'll get in touch with you. ^HD,,322624.0,@191896 apologies for this ordeal. please share your details here:  and i'll get in touch with you. ^hd,complaint_unresolved,escalate
689486,AmazonHelp,False,Sat Nov 25 07:53:14 +0000 2017,"@284758 Sorry to know that, please let us know what went wrong? We'll definitely look into it. ^PS",689487,689488.0,"@284758 sorry to know that, please let us know what went wrong? we'll definitely look into it. ^ps",complaint_unresolved,escalate
527775,AmazonHelp,False,Sat Dec 02 13:19:30 +0000 2017,"@237635 Sorry to hear that, Dominic. Can I ask if you've had any tracking updates on that order? You can check here: https://t.co/Y5jpI9gRhE ^TI",527776,527774.0,"@237635 sorry to hear that, dominic. can i ask if you've had any tracking updates on that order? you can check here:  ^ti",complaint_unresolved,escalate
852819,AmazonHelp,False,Fri Oct 20 06:09:00 +0000 2017,@322591 Apologies for it. We'd like to have a closer look at your concern. Please fill this form: https://t.co/beaaDm0muc 1/2 ^RS,,852817.0,@322591 apologies for it. we'd like to have a closer look at your concern. please fill this form:  1/2 ^rs,complaint_unresolved,escalate
976199,AmazonHelp,False,Sun Oct 22 05:11:27 +0000 2017,"@351525 Apologies, please fill in this form: https://t.co/R55eEQwSEs so a member of our team can look into this for you. ^JJ",,976198.0,"@351525 apologies, please fill in this form:  so a member of our team can look into this for you. ^jj",complaint_unresolved,escalate
1260813,AmazonHelp,False,Thu Oct 26 10:01:32 +0000 2017,"@415378 Sorry to know that, please report that here: https://t.co/TdDksLo6Mf and we'll check this out for you. ^MS",1260810,,"@415378 sorry to know that, please report that here:  and we'll check this out for you. ^ms",complaint_unresolved,escalate
976199,AmazonHelp,False,Sun Oct 22 05:11:27 +0000 2017,"@351525 Apologies, please fill in this form: https://t.co/R55eEQwSEs so a member of our team can look into this for you. ^JJ",,976198.0,"@351525 apologies, please fill in this form:  so a member of our team can look into this for you. ^jj",complaint_unresolved,escalate
434431,AmazonHelp,False,Tue Oct 10 16:29:01 +0000 2017,@218230 I'm sorry for the inconvenience. We'd like to get this reported &amp; offer options! Pls reach out: https://t.co/JzP7hlA23B ^CS,434432,434433.0,@218230 i'm sorry for the inconvenience. we'd like to get this reported &amp; offer options! pls reach out:  ^cs,complaint_unresolved,escalate
665690,AmazonHelp,False,Fri Nov 03 10:36:00 +0000 2017,"@278571 Sorry about that Lauren, thanks for letting us know too. ^NV",,665688.0,"@278571 sorry about that lauren, thanks for letting us know too. ^nv",complaint_unresolved,escalate
2499176,AmazonHelp,False,Wed Nov 15 19:36:43 +0000 2017,"@713072 I'm sorry that you've had a poor experience with us, Zalmen! I can definitely understand your disappointment. Could you please confirm what options were provided when you spoke with us? We want to help! Please keep us posted! ^SD",,2499173.0,"@713072 i'm sorry that you've had a poor experience with us, zalmen! i can definitely understand your disappointment. could you please confirm what options were provided when you spoke with us? we want to help! please keep us posted! ^sd",complaint_unresolved,escalate
388397,AmazonHelp,False,Mon Oct 09 14:28:25 +0000 2017,@207912 Sorry for the hassle. Please report this to our support team here: https://t.co/vlvfJr4nN9 and we'll check this.1/2 ^HN,388398,388395.0,@207912 sorry for the hassle. please report this to our support team here:  and we'll check this.1/2 ^hn,complaint_unresolved,escalate
1260813,AmazonHelp,False,Thu Oct 26 10:01:32 +0000 2017,"@415378 Sorry to know that, please report that here: https://t.co/TdDksLo6Mf and we'll check this out for you. ^MS",1260810,,"@415378 sorry to know that, please report that here:  and we'll check this out for you. ^ms",complaint_unresolved,escalate
2273519,AmazonHelp,False,Tue Nov 14 06:39:28 +0000 2017,@661309 Hi there! I'm so sorry about that. Please use this link instead: https://t.co/hApLpMlfHN to contact us and select phone. ^LH,,2273516.0,@661309 hi there! i'm so sorry about that. please use this link instead:  to contact us and select phone. ^lh,complaint_unresolved,escalate
322630,AmazonHelp,False,Sun Oct 08 02:11:16 +0000 2017,@191896 Apologies for this ordeal. Please share your details here: https://t.co/GIJyeYqKE0 and I'll get in touch with you. ^HD,,322624.0,@191896 apologies for this ordeal. please share your details here:  and i'll get in touch with you. ^hd,complaint_unresolved,escalate
1043157,AmazonHelp,False,Mon Oct 23 09:28:05 +0000 2017,@366682 Apologies - Please reach out : https://t.co/ub6EQegz11 a member of our team will be happy to look into your concern further ^TP,,1043158.0,@366682 apologies - please reach out :  a member of our team will be happy to look into your concern further ^tp,complaint_unresolved,escalate
788254,AmazonHelp,False,Thu Oct 12 10:47:00 +0000 2017,@308007 Sorry to know about that. You may provide us the packaging feedback here: https://t.co/AXuDWvgjuo ^AK,,788255.0,@308007 sorry to know about that. you may provide us the packaging feedback here:  ^ak,complaint_unresolved,escalate
244141,AmazonHelp,False,Thu Oct 05 16:05:00 +0000 2017,@173988 Sorry for the hassle. Please share your details here: https://t.co/GIJyeYqKE0 and I'll get back to you at the earliest. ^HN,244142,244139.0,@173988 sorry for the hassle. please share your details here:  and i'll get back to you at the earliest. ^hn,complaint_unresolved,escalate
852819,AmazonHelp,False,Fri Oct 20 06:09:00 +0000 2017,@322591 Apologies for it. We'd like to have a closer look at your concern. Please fill this form: https://t.co/beaaDm0muc 1/2 ^RS,,852817.0,@322591 apologies for it. we'd like to have a closer look at your concern. please fill this form:  1/2 ^rs,complaint_unresolved,escalate
976199,AmazonHelp,False,Sun Oct 22 05:11:27 +0000 2017,"@351525 Apologies, please fill in this form: https://t.co/R55eEQwSEs so a member of our team can look into this for you. ^JJ",,976198.0,"@351525 apologies, please fill in this form:  so a member of our team can look into this for you. ^jj",complaint_unresolved,escalate
318787,AmazonHelp,False,Sat Oct 07 10:58:33 +0000 2017,@192050 Sorry for the trouble you've had. Kindly reach out to our support team here: https://t.co/2t6DQoUmNZ &amp; they'll help you with it.^MM,,318788.0,@192050 sorry for the trouble you've had. kindly reach out to our support team here:  &amp; they'll help you with it.^mm,complaint_unresolved,escalate
665214,AmazonHelp,False,Mon Oct 23 05:52:50 +0000 2017,@278535 Sorry for the trouble. Please contact our support team here: https://t.co/vlvfJr4nN9 We will get it sorted out. ^GU,665215,665212.0,@278535 sorry for the trouble. please contact our support team here:  we will get it sorted out. ^gu,complaint_unresolved,escalate
2171648,AmazonHelp,False,Thu Oct 19 12:14:00 +0000 2017,@322920 Apologies for the ordeal Priyansh. Please share your details here: https://t.co/GIJyeYqKE0 and I'll get back to you. 1/2^HN,,2171647.0,@322920 apologies for the ordeal priyansh. please share your details here:  and i'll get back to you. 1/2^hn,complaint_unresolved,escalate
812182,AmazonHelp,False,Fri Oct 13 08:29:28 +0000 2017,@313073 Sorry about that. I'd like to have a closer look on this. Please let us know more here: https://t.co/GIJyeYqKE0. ^BS,"812183,812184",812181.0,@313073 sorry about that. i'd like to have a closer look on this. please let us know more here:  ^bs,complaint_unresolved,escalate
527775,AmazonHelp,False,Sat Dec 02 13:19:30 +0000 2017,"@237635 Sorry to hear that, Dominic. Can I ask if you've had any tracking updates on that order? You can check here: https://t.co/Y5jpI9gRhE ^TI",527776,527774.0,"@237635 sorry to hear that, dominic. can i ask if you've had any tracking updates on that order? you can check here:  ^ti",complaint_unresolved,escalate
2273519,AmazonHelp,False,Tue Nov 14 06:39:28 +0000 2017,@661309 Hi there! I'm so sorry about that. Please use this link instead: https://t.co/hApLpMlfHN to contact us and select phone. ^LH,,2273516.0,@661309 hi there! i'm so sorry about that. please use this link instead:  to contact us and select phone. ^lh,complaint_unresolved,escalate
1076324,AmazonHelp,False,Mon Oct 23 20:14:34 +0000 2017,@196149 What's the delivery date listed in the original order confirmation e-mail? You can find that here: https://t.co/RKwVyQpjRq ^EA,1076325,1076322.0,@196149 what's the delivery date listed in the original order confirmation e-mail? you can find that here:  ^ea,delivery_delay,auto
951840,AmazonHelp,False,Sun Oct 22 12:20:35 +0000 2017,"@175183 Hi, if the tracking still says 'out for delivery' rather than 'delivered', the item is still in transit. ^JJ","951841,951842",951839.0,"@175183 hi, if the tracking still says 'out for delivery' rather than 'delivered', the item is still in transit. ^jj",delivery_delay,auto
535136,AmazonHelp,False,Sat Dec 02 12:23:28 +0000 2017,"@229487 Apologies for the delay. We'd like to assist you with this. Kindly drop your details here: https://t.co/beaaDm0muc and we'll contact you soon. Please don't provide your order details, we consider it to be personal information. Our page is visible to public. ^BV",,535137.0,"@229487 apologies for the delay. we'd like to assist you with this. kindly drop your details here:  and we'll contact you soon. please don't provide your order details, we consider it to be personal information. our page is visible to public. ^bv",delivery_delay,auto
2311975,AmazonHelp,False,Sun Nov 12 22:06:31 +0000 2017,@670491 I'm sorry for the inconvenience this has caused! Some items will have shipping restrictions and should notify you during checkout and on their detail page. More on shipping restrictions can be found here: https://t.co/A47SfkXdCo ^DW,,2311976.0,@670491 i'm sorry for the inconvenience this has caused! some items will have shipping restrictions and should notify you during checkout and on their detail page. more on shipping restrictions can be found here:  ^dw,delivery_delay,auto
528267,AmazonHelp,False,Sat Dec 02 08:47:00 +0000 2017,"@205822 Sorry to hear about the delay, Samantha. What was the delivery day we gave at the checkout and in the confirmation email?^SM",528268,528269.0,"@205822 sorry to hear about the delay, samantha. what was the delivery day we gave at the checkout and in the confirmation email?^sm",delivery_delay,auto
571664,AmazonHelp,False,Sun Dec 03 04:42:54 +0000 2017,"@254309 I'm so sorry for the delay with your order. Though delays are possible, they should be rare. Can you please confirm who the carrier is for us: https://t.co/Y5jpI9gRhE? ^ST",571665,571666.0,"@254309 i'm so sorry for the delay with your order. though delays are possible, they should be rare. can you please confirm who the carrier is for us:  ^st",delivery_delay,auto
535136,AmazonHelp,False,Sat Dec 02 12:23:28 +0000 2017,"@229487 Apologies for the delay. We'd like to assist you with this. Kindly drop your details here: https://t.co/beaaDm0muc and we'll contact you soon. Please don't provide your order details, we consider it to be personal information. Our page is visible to public. ^BV",,535137.0,"@229487 apologies for the delay. we'd like to assist you with this. kindly drop your details here:  and we'll contact you soon. please don't provide your order details, we consider it to be personal information. our page is visible to public. ^bv",delivery_delay,auto
1240037,AmazonHelp,False,Wed Oct 25 22:10:19 +0000 2017,@410863 I'm sorry! The screenshot shows your order is set to arrive in two days on the 27th. Was there a delay on the order? ^AC,1240038,1240039.0,@410863 i'm sorry! the screenshot shows your order is set to arrive in two days on the 27th. was there a delay on the order? ^ac,delivery_delay,auto
1076324,AmazonHelp,False,Mon Oct 23 20:14:34 +0000 2017,@196149 What's the delivery date listed in the original order confirmation e-mail? You can find that here: https://t.co/RKwVyQpjRq ^EA,1076325,1076322.0,@196149 what's the delivery date listed in the original order confirmation e-mail? you can find that here:  ^ea,delivery_delay,auto
458919,AmazonHelp,False,Fri Dec 01 01:25:00 +0000 2017,@223986 I'm sorry for the trouble with this delivery. Were the contents damaged? ^RR,,458920.0,@223986 i'm sorry for the trouble with this delivery. were the contents damaged? ^rr,delivery_delay,auto
1248978,AmazonHelp,False,Thu Oct 26 02:55:54 +0000 2017,@413037 We always aim to meet the delivery date provided in the confirmation e-mail. Was this missed: https://t.co/Y5jpI9gRhE? ^RR,"1248979,1248980",1248981.0,@413037 we always aim to meet the delivery date provided in the confirmation e-mail. was this missed:  ^rr,delivery_delay,auto
1028213,AmazonHelp,False,Sat Oct 14 17:35:00 +0000 2017,"@363323 If the order hasn't entered the shipping process, it can be changed. You can check the status here: https://t.co/PCtircFm5C ^GL",,1028214.0,"@363323 if the order hasn't entered the shipping process, it can be changed. you can check the status here:  ^gl",delivery_delay,auto
528267,AmazonHelp,False,Sat Dec 02 08:47:00 +0000 2017,"@205822 Sorry to hear about the delay, Samantha. What was the delivery day we gave at the checkout and in the confirmation email?^SM",528268,528269.0,"@205822 sorry to hear about the delay, samantha. what was the delivery day we gave at the checkout and in the confirmation email?^sm",delivery_delay,auto
528267,AmazonHelp,False,Sat Dec 02 08:47:00 +0000 2017,"@205822 Sorry to hear about the delay, Samantha. What was the delivery day we gave at the checkout and in the confirmation email?^SM",528268,528269.0,"@205822 sorry to hear about the delay, samantha. what was the delivery day we gave at the checkout and in the confirmation email?^sm",delivery_delay,auto
293788,AmazonHelp,False,Fri Oct 06 17:20:30 +0000 2017,"@185993 I'm sorry, Rach! Were you able to retrieve your parcel from your neighbour? Please let us know! ^LB",,293789.0,"@185993 i'm sorry, rach! were you able to retrieve your parcel from your neighbour? please let us know! ^lb",delivery_delay,auto
1240037,AmazonHelp,False,Wed Oct 25 22:10:19 +0000 2017,@410863 I'm sorry! The screenshot shows your order is set to arrive in two days on the 27th. Was there a delay on the order? ^AC,1240038,1240039.0,@410863 i'm sorry! the screenshot shows your order is set to arrive in two days on the 27th. was there a delay on the order? ^ac,delivery_delay,auto
579795,AmazonHelp,False,Sun Dec 03 11:35:30 +0000 2017,@256554 Sorry to hear this. Were the contents of the parcel damaged in any way?^BZ,579794,579796.0,@256554 sorry to hear this. were the contents of the parcel damaged in any way?^bz,delivery_delay,auto
571664,AmazonHelp,False,Sun Dec 03 04:42:54 +0000 2017,"@254309 I'm so sorry for the delay with your order. Though delays are possible, they should be rare. Can you please confirm who the carrier is for us: https://t.co/Y5jpI9gRhE? ^ST",571665,571666.0,"@254309 i'm so sorry for the delay with your order. though delays are possible, they should be rare. can you please confirm who the carrier is for us:  ^st",delivery_delay,auto
293788,AmazonHelp,False,Fri Oct 06 17:20:30 +0000 2017,"@185993 I'm sorry, Rach! Were you able to retrieve your parcel from your neighbour? Please let us know! ^LB",,293789.0,"@185993 i'm sorry, rach! were you able to retrieve your parcel from your neighbour? please let us know! ^lb",delivery_delay,auto
2507106,AmazonHelp,False,Sun Nov 26 19:32:26 +0000 2017,"@133008 I'm terribly sorry for the condition of your parcel! Were any of the contents damaged? Please let us know, Rachel!","2507107,2507105",2507108.0,"@133008 i'm terribly sorry for the condition of your parcel! were any of the contents damaged? please let us know, rachel!",delivery_delay,auto
2390441,AmazonHelp,False,Tue Nov 14 10:22:55 +0000 2017,@688588 From the screen grabs you've sent that looks to be us sending the request to the carrier for the 8pm delivery. Keep us updated but it appears as though it should be with you today. ^MI,,2390440.0,@688588 from the screen grabs you've sent that looks to be us sending the request to the carrier for the 8pm delivery. keep us updated but it appears as though it should be with you today. ^mi,delivery_delay,auto
1240037,AmazonHelp,False,Wed Oct 25 22:10:19 +0000 2017,@410863 I'm sorry! The screenshot shows your order is set to arrive in two days on the 27th. Was there a delay on the order? ^AC,1240038,1240039.0,@410863 i'm sorry! the screenshot shows your order is set to arrive in two days on the 27th. was there a delay on the order? ^ac,delivery_delay,auto
2435986,AmazonHelp,False,Sun Oct 29 14:52:00 +0000 2017,"@698905 I'm sorry about the trouble with the delivery. We'd like to help, kindly share your details here: https://t.co/GIJyeYqKE0 ^MA",,2435987.0,"@698905 i'm sorry about the trouble with the delivery. we'd like to help, kindly share your details here:  ^ma",delivery_delay,auto
293788,AmazonHelp,False,Fri Oct 06 17:20:30 +0000 2017,"@185993 I'm sorry, Rach! Were you able to retrieve your parcel from your neighbour? Please let us know! ^LB",,293789.0,"@185993 i'm sorry, rach! were you able to retrieve your parcel from your neighbour? please let us know! ^lb",delivery_delay,auto
537438,AmazonHelp,False,Sat Dec 02 14:05:26 +0000 2017,"@244581 Oh no, I'm sorry about this delay! I saw in earlier an earlier post that you need these items for today. Were our customer service representatives able to look at some options with you regarding this package? ^GP",537435,537439.0,"@244581 oh no, i'm sorry about this delay! i saw in earlier an earlier post that you need these items for today. were our customer service representatives able to look at some options with you regarding this package? ^gp",delivery_delay,auto
2477498,AmazonHelp,False,Wed Nov 15 15:04:00 +0000 2017,"@159289 Oh dear!  I am sorry that the delivery date on your order was changed.  Please reach out to us if your package does not arrive by the date shown on your order, here:   https://t.co/Y5jpI9gRhE ^SP",,2477496.0,"@159289 oh dear!  i am sorry that the delivery date on your order was changed.  please reach out to us if your package does not arrive by the date shown on your order, here:    ^sp",delivery_delay,auto
2508110,AmazonHelp,False,Wed Nov 15 21:58:00 +0000 2017,"@715041 Generally, we would only prompt you to add a credit card to the order along with your gift card balance is if the expected order total surpasses the amount available within your gift card balance. Item cost plus possible tax and shipping fees. Hope this helps! ^SK",2508111,2508112.0,"@715041 generally, we would only prompt you to add a credit card to the order along with your gift card balance is if the expected order total surpasses the amount available within your gift card balance. item cost plus possible tax and shipping fees. hope this helps! ^sk",delivery_delay,auto
2435986,AmazonHelp,False,Sun Oct 29 14:52:00 +0000 2017,"@698905 I'm sorry about the trouble with the delivery. We'd like to help, kindly share your details here: https://t.co/GIJyeYqKE0 ^MA",,2435987.0,"@698905 i'm sorry about the trouble with the delivery. we'd like to help, kindly share your details here:  ^ma",delivery_delay,auto
909025,AmazonHelp,False,Sat Oct 21 09:37:00 +0000 2017,"@335913 I'm sorry about the order delivery, have you reported this to our support team using the link shared by EM?  ^MJ","909026,909027",909024.0,"@335913 i'm sorry about the order delivery, have you reported this to our support team using the link shared by em?  ^mj",delivery_delay,auto
1282294,AmazonHelp,False,Thu Oct 26 17:36:32 +0000 2017,"@419632 Sorry to know about the delay, Vikrant. Please reach us from here: https://t.co/rS49hgaADF we'll check &amp; assist you. (1/2) ^SV",,1280596.0,"@419632 sorry to know about the delay, vikrant. please reach us from here:  we'll check &amp; assist you. (1/2) ^sv",delivery_delay,auto
1240037,AmazonHelp,False,Wed Oct 25 22:10:19 +0000 2017,@410863 I'm sorry! The screenshot shows your order is set to arrive in two days on the 27th. Was there a delay on the order? ^AC,1240038,1240039.0,@410863 i'm sorry! the screenshot shows your order is set to arrive in two days on the 27th. was there a delay on the order? ^ac,delivery_delay,auto
448614,AmazonHelp,False,Thu Nov 30 20:57:39 +0000 2017,@221291 The shipping option you select during checkout determines your orders transit time in business days after fulfillment. Some items may take additional time to process through fulfillment. More information can be found here: https://t.co/St9AI4CA7e ^SK,448615,448616.0,@221291 the shipping option you select during checkout determines your orders transit time in business days after fulfillment. some items may take additional time to process through fulfillment. more information can be found here:  ^sk,delivery_delay,auto
537438,AmazonHelp,False,Sat Dec 02 14:05:26 +0000 2017,"@244581 Oh no, I'm sorry about this delay! I saw in earlier an earlier post that you need these items for today. Were our customer service representatives able to look at some options with you regarding this package? ^GP",537435,537439.0,"@244581 oh no, i'm sorry about this delay! i saw in earlier an earlier post that you need these items for today. were our customer service representatives able to look at some options with you regarding this package? ^gp",delivery_delay,auto
458919,AmazonHelp,False,Fri Dec 01 01:25:00 +0000 2017,@223986 I'm sorry for the trouble with this delivery. Were the contents damaged? ^RR,,458920.0,@223986 i'm sorry for the trouble with this delivery. were the contents damaged? ^rr,delivery_delay,auto
2390441,AmazonHelp,False,Tue Nov 14 10:22:55 +0000 2017,@688588 From the screen grabs you've sent that looks to be us sending the request to the carrier for the 8pm delivery. Keep us updated but it appears as though it should be with you today. ^MI,,2390440.0,@688588 from the screen grabs you've sent that looks to be us sending the request to the carrier for the 8pm delivery. keep us updated but it appears as though it should be with you today. ^mi,delivery_delay,auto
535136,AmazonHelp,False,Sat Dec 02 12:23:28 +0000 2017,"@229487 Apologies for the delay. We'd like to assist you with this. Kindly drop your details here: https://t.co/beaaDm0muc and we'll contact you soon. Please don't provide your order details, we consider it to be personal information. Our page is visible to public. ^BV",,535137.0,"@229487 apologies for the delay. we'd like to assist you with this. kindly drop your details here:  and we'll contact you soon. please don't provide your order details, we consider it to be personal information. our page is visible to public. ^bv",delivery_delay,auto
537438,AmazonHelp,False,Sat Dec 02 14:05:26 +0000 2017,"@244581 Oh no, I'm sorry about this delay! I saw in earlier an earlier post that you need these items for today. Were our customer service representatives able to look at some options with you regarding this package? ^GP",537435,537439.0,"@244581 oh no, i'm sorry about this delay! i saw in earlier an earlier post that you need these items for today. were our customer service representatives able to look at some options with you regarding this package? ^gp",delivery_delay,auto
2518038,AmazonHelp,False,Thu Nov 16 00:41:00 +0000 2017,@717275 What was the delivery date for the late package? Have you had a chance to speak with us about any available options?  ^LR,2518039,2518040.0,@717275 what was the delivery date for the late package? have you had a chance to speak with us about any available options?  ^lr,delivery_delay,auto
529014,AmazonHelp,False,Sat Dec 02 11:32:53 +0000 2017,@242497 Thanks for the update! Is the delivery date now confirmed?^MA,529015,529013.0,@242497 thanks for the update! is the delivery date now confirmed?^ma,delivery_delay,auto
277118,AmazonHelp,False,Sat Oct 14 15:59:33 +0000 2017,@182214 1/2 We may provide an order within timer that indicates the time in which you must place the order to receive your delivery,,277116.0,@182214 1/2 we may provide an order within timer that indicates the time in which you must place the order to receive your delivery,delivery_delay,auto
277118,AmazonHelp,False,Sat Oct 14 15:59:33 +0000 2017,@182214 1/2 We may provide an order within timer that indicates the time in which you must place the order to receive your delivery,,277116.0,@182214 1/2 we may provide an order within timer that indicates the time in which you must place the order to receive your delivery,delivery_delay,auto
518772,AmazonHelp,False,Sat Dec 02 02:44:15 +0000 2017,"@239689 I'm sorry your orders are arriving later than expected! Although rare, unexpected delays may occur. We'd be happy to escalate carrier feedback on your behalf! Which carrier is assigned to your order? You can check here: https://t.co/Y5jpI9ys9c ^BN",518773,518770.0,"@239689 i'm sorry your orders are arriving later than expected! although rare, unexpected delays may occur. we'd be happy to escalate carrier feedback on your behalf! which carrier is assigned to your order? you can check here:  ^bn",delivery_delay,auto
1057951,AmazonHelp,False,Sat Oct 14 21:25:26 +0000 2017,@369792 I'm sorry for the poor experience you had with us. Have these delivery issues been occurring with a specific carrier? ^VS,1057952,1057953.0,@369792 i'm sorry for the poor experience you had with us. have these delivery issues been occurring with a specific carrier? ^vs,delivery_delay,auto
909025,AmazonHelp,False,Sat Oct 21 09:37:00 +0000 2017,"@335913 I'm sorry about the order delivery, have you reported this to our support team using the link shared by EM?  ^MJ","909026,909027",909024.0,"@335913 i'm sorry about the order delivery, have you reported this to our support team using the link shared by em?  ^mj",delivery_delay,auto
1282294,AmazonHelp,False,Thu Oct 26 17:36:32 +0000 2017,"@419632 Sorry to know about the delay, Vikrant. Please reach us from here: https://t.co/rS49hgaADF we'll check &amp; assist you. (1/2) ^SV",,1280596.0,"@419632 sorry to know about the delay, vikrant. please reach us from here:  we'll check &amp; assist you. (1/2) ^sv",delivery_delay,auto
1282294,AmazonHelp,False,Thu Oct 26 17:36:32 +0000 2017,"@419632 Sorry to know about the delay, Vikrant. Please reach us from here: https://t.co/rS49hgaADF we'll check &amp; assist you. (1/2) ^SV",,1280596.0,"@419632 sorry to know about the delay, vikrant. please reach us from here:  we'll check &amp; assist you. (1/2) ^sv",delivery_delay,auto
2216656,AmazonHelp,False,Fri Nov 10 07:08:56 +0000 2017,"@647630 Apologies for the delay. Please reach out to us, so we can investigate into this: https://t.co/5RHhEVutwe Kind regards ^UK",2216655,,"@647630 apologies for the delay. please reach out to us, so we can investigate into this:  kind regards ^uk",delivery_delay,auto
2311975,AmazonHelp,False,Sun Nov 12 22:06:31 +0000 2017,@670491 I'm sorry for the inconvenience this has caused! Some items will have shipping restrictions and should notify you during checkout and on their detail page. More on shipping restrictions can be found here: https://t.co/A47SfkXdCo ^DW,,2311976.0,@670491 i'm sorry for the inconvenience this has caused! some items will have shipping restrictions and should notify you during checkout and on their detail page. more on shipping restrictions can be found here:  ^dw,delivery_delay,auto
2477498,AmazonHelp,False,Wed Nov 15 15:04:00 +0000 2017,"@159289 Oh dear!  I am sorry that the delivery date on your order was changed.  Please reach out to us if your package does not arrive by the date shown on your order, here:   https://t.co/Y5jpI9gRhE ^SP",,2477496.0,"@159289 oh dear!  i am sorry that the delivery date on your order was changed.  please reach out to us if your package does not arrive by the date shown on your order, here:    ^sp",delivery_delay,auto
2477498,AmazonHelp,False,Wed Nov 15 15:04:00 +0000 2017,"@159289 Oh dear!  I am sorry that the delivery date on your order was changed.  Please reach out to us if your package does not arrive by the date shown on your order, here:   https://t.co/Y5jpI9gRhE ^SP",,2477496.0,"@159289 oh dear!  i am sorry that the delivery date on your order was changed.  please reach out to us if your package does not arrive by the date shown on your order, here:    ^sp",delivery_delay,auto
2311975,AmazonHelp,False,Sun Nov 12 22:06:31 +0000 2017,@670491 I'm sorry for the inconvenience this has caused! Some items will have shipping restrictions and should notify you during checkout and on their detail page. More on shipping restrictions can be found here: https://t.co/A47SfkXdCo ^DW,,2311976.0,@670491 i'm sorry for the inconvenience this has caused! some items will have shipping restrictions and should notify you during checkout and on their detail page. more on shipping restrictions can be found here:  ^dw,delivery_delay,auto
2477498,AmazonHelp,False,Wed Nov 15 15:04:00 +0000 2017,"@159289 Oh dear!  I am sorry that the delivery date on your order was changed.  Please reach out to us if your package does not arrive by the date shown on your order, here:   https://t.co/Y5jpI9gRhE ^SP",,2477496.0,"@159289 oh dear!  i am sorry that the delivery date on your order was changed.  please reach out to us if your package does not arrive by the date shown on your order, here:    ^sp",delivery_delay,auto
1248978,AmazonHelp,False,Thu Oct 26 02:55:54 +0000 2017,@413037 We always aim to meet the delivery date provided in the confirmation e-mail. Was this missed: https://t.co/Y5jpI9gRhE? ^RR,"1248979,1248980",1248981.0,@413037 we always aim to meet the delivery date provided in the confirmation e-mail. was this missed:  ^rr,delivery_delay,auto
537438,AmazonHelp,False,Sat Dec 02 14:05:26 +0000 2017,"@244581 Oh no, I'm sorry about this delay! I saw in earlier an earlier post that you need these items for today. Were our customer service representatives able to look at some options with you regarding this package? ^GP",537435,537439.0,"@244581 oh no, i'm sorry about this delay! i saw in earlier an earlier post that you need these items for today. were our customer service representatives able to look at some options with you regarding this package? ^gp",delivery_delay,auto
1028213,AmazonHelp,False,Sat Oct 14 17:35:00 +0000 2017,"@363323 If the order hasn't entered the shipping process, it can be changed. You can check the status here: https://t.co/PCtircFm5C ^GL",,1028214.0,"@363323 if the order hasn't entered the shipping process, it can be changed. you can check the status here:  ^gl",delivery_delay,auto
951840,AmazonHelp,False,Sun Oct 22 12:20:35 +0000 2017,"@175183 Hi, if the tracking still says 'out for delivery' rather than 'delivered', the item is still in transit. ^JJ","951841,951842",951839.0,"@175183 hi, if the tracking still says 'out for delivery' rather than 'delivered', the item is still in transit. ^jj",delivery_delay,auto
909025,AmazonHelp,False,Sat Oct 21 09:37:00 +0000 2017,"@335913 I'm sorry about the order delivery, have you reported this to our support team using the link shared by EM?  ^MJ","909026,909027",909024.0,"@335913 i'm sorry about the order delivery, have you reported this to our support team using the link shared by em?  ^mj",delivery_delay,auto
2518038,AmazonHelp,False,Thu Nov 16 00:41:00 +0000 2017,@717275 What was the delivery date for the late package? Have you had a chance to speak with us about any available options?  ^LR,2518039,2518040.0,@717275 what was the delivery date for the late package? have you had a chance to speak with us about any available options?  ^lr,delivery_delay,auto
2507106,AmazonHelp,False,Sun Nov 26 19:32:26 +0000 2017,"@133008 I'm terribly sorry for the condition of your parcel! Were any of the contents damaged? Please let us know, Rachel!","2507107,2507105",2507108.0,"@133008 i'm terribly sorry for the condition of your parcel! were any of the contents damaged? please let us know, rachel!",delivery_delay,auto
1953640,AmazonHelp,False,Thu Nov 16 12:17:00 +0000 2017,@579982 What was the delivery date was provided in your order confirmation email? ^CN,,1953641.0,@579982 what was the delivery date was provided in your order confirmation email? ^cn,delivery_delay,auto
1248978,AmazonHelp,False,Thu Oct 26 02:55:54 +0000 2017,@413037 We always aim to meet the delivery date provided in the confirmation e-mail. Was this missed: https://t.co/Y5jpI9gRhE? ^RR,"1248979,1248980",1248981.0,@413037 we always aim to meet the delivery date provided in the confirmation e-mail. was this missed:  ^rr,delivery_delay,auto
1076324,AmazonHelp,False,Mon Oct 23 20:14:34 +0000 2017,@196149 What's the delivery date listed in the original order confirmation e-mail? You can find that here: https://t.co/RKwVyQpjRq ^EA,1076325,1076322.0,@196149 what's the delivery date listed in the original order confirmation e-mail? you can find that here:  ^ea,delivery_delay,auto
1240037,AmazonHelp,False,Wed Oct 25 22:10:19 +0000 2017,@410863 I'm sorry! The screenshot shows your order is set to arrive in two days on the 27th. Was there a delay on the order? ^AC,1240038,1240039.0,@410863 i'm sorry! the screenshot shows your order is set to arrive in two days on the 27th. was there a delay on the order? ^ac,delivery_delay,auto
1213328,AmazonHelp,False,Wed Oct 25 16:18:34 +0000 2017,@404780 I'm sorry we've let you down! Have we missed the delivery date shown in your order confirmation e-mail? ^FR,1213327,1213329.0,@404780 i'm sorry we've let you down! have we missed the delivery date shown in your order confirmation e-mail? ^fr,delivery_delay,auto
1076324,AmazonHelp,False,Mon Oct 23 20:14:34 +0000 2017,@196149 What's the delivery date listed in the original order confirmation e-mail? You can find that here: https://t.co/RKwVyQpjRq ^EA,1076325,1076322.0,@196149 what's the delivery date listed in the original order confirmation e-mail? you can find that here:  ^ea,delivery_delay,auto
257140,AmazonHelp,False,Thu Oct 05 20:15:00 +0000 2017,@177160 We understand your concern. Due to overwhelming response and high order volume the EDD is slightly delayed. (1/2) ^SV,,257138.0,@177160 we understand your concern. due to overwhelming response and high order volume the edd is slightly delayed. (1/2) ^sv,delivery_delay,auto
579795,AmazonHelp,False,Sun Dec 03 11:35:30 +0000 2017,@256554 Sorry to hear this. Were the contents of the parcel damaged in any way?^BZ,579794,579796.0,@256554 sorry to hear this. were the contents of the parcel damaged in any way?^bz,delivery_delay,auto
2518038,AmazonHelp,False,Thu Nov 16 00:41:00 +0000 2017,@717275 What was the delivery date for the late package? Have you had a chance to speak with us about any available options?  ^LR,2518039,2518040.0,@717275 what was the delivery date for the late package? have you had a chance to speak with us about any available options?  ^lr,delivery_delay,auto
1282294,AmazonHelp,False,Thu Oct 26 17:36:32 +0000 2017,"@419632 Sorry to know about the delay, Vikrant. Please reach us from here: https://t.co/rS49hgaADF we'll check &amp; assist you. (1/2) ^SV",,1280596.0,"@419632 sorry to know about the delay, vikrant. please reach us from here:  we'll check &amp; assist you. (1/2) ^sv",delivery_delay,auto
164870,AmazonHelp,False,Fri Nov 24 20:08:00 +0000 2017,"@154215 Apologies for the delay in delivery, John! We would like to look into this for you. Please reach out to us when you have a moment: https://t.co/JzP7hlA23B. ^AL",164871,164872.0,"@154215 apologies for the delay in delivery, john! we would like to look into this for you. please reach out to us when you have a moment:  ^al",delivery_delay,auto
257140,AmazonHelp,False,Thu Oct 05 20:15:00 +0000 2017,@177160 We understand your concern. Due to overwhelming response and high order volume the EDD is slightly delayed. (1/2) ^SV,,257138.0,@177160 we understand your concern. due to overwhelming response and high order volume the edd is slightly delayed. (1/2) ^sv,delivery_delay,auto
458919,AmazonHelp,False,Fri Dec 01 01:25:00 +0000 2017,@223986 I'm sorry for the trouble with this delivery. Were the contents damaged? ^RR,,458920.0,@223986 i'm sorry for the trouble with this delivery. were the contents damaged? ^rr,delivery_delay,auto
1213328,AmazonHelp,False,Wed Oct 25 16:18:34 +0000 2017,@404780 I'm sorry we've let you down! Have we missed the delivery date shown in your order confirmation e-mail? ^FR,1213327,1213329.0,@404780 i'm sorry we've let you down! have we missed the delivery date shown in your order confirmation e-mail? ^fr,delivery_delay,auto
458919,AmazonHelp,False,Fri Dec 01 01:25:00 +0000 2017,@223986 I'm sorry for the trouble with this delivery. Were the contents damaged? ^RR,,458920.0,@223986 i'm sorry for the trouble with this delivery. were the contents damaged? ^rr,delivery_delay,auto
1240037,AmazonHelp,False,Wed Oct 25 22:10:19 +0000 2017,@410863 I'm sorry! The screenshot shows your order is set to arrive in two days on the 27th. Was there a delay on the order? ^AC,1240038,1240039.0,@410863 i'm sorry! the screenshot shows your order is set to arrive in two days on the 27th. was there a delay on the order? ^ac,delivery_delay,auto
2435986,AmazonHelp,False,Sun Oct 29 14:52:00 +0000 2017,"@698905 I'm sorry about the trouble with the delivery. We'd like to help, kindly share your details here: https://t.co/GIJyeYqKE0 ^MA",,2435987.0,"@698905 i'm sorry about the trouble with the delivery. we'd like to help, kindly share your details here:  ^ma",delivery_delay,auto
951840,AmazonHelp,False,Sun Oct 22 12:20:35 +0000 2017,"@175183 Hi, if the tracking still says 'out for delivery' rather than 'delivered', the item is still in transit. ^JJ","951841,951842",951839.0,"@175183 hi, if the tracking still says 'out for delivery' rather than 'delivered', the item is still in transit. ^jj",delivery_delay,auto
1282294,AmazonHelp,False,Thu Oct 26 17:36:32 +0000 2017,"@419632 Sorry to know about the delay, Vikrant. Please reach us from here: https://t.co/rS49hgaADF we'll check &amp; assist you. (1/2) ^SV",,1280596.0,"@419632 sorry to know about the delay, vikrant. please reach us from here:  we'll check &amp; assist you. (1/2) ^sv",delivery_delay,auto
2311975,AmazonHelp,False,Sun Nov 12 22:06:31 +0000 2017,@670491 I'm sorry for the inconvenience this has caused! Some items will have shipping restrictions and should notify you during checkout and on their detail page. More on shipping restrictions can be found here: https://t.co/A47SfkXdCo ^DW,,2311976.0,@670491 i'm sorry for the inconvenience this has caused! some items will have shipping restrictions and should notify you during checkout and on their detail page. more on shipping restrictions can be found here:  ^dw,delivery_delay,auto
1282294,AmazonHelp,False,Thu Oct 26 17:36:32 +0000 2017,"@419632 Sorry to know about the delay, Vikrant. Please reach us from here: https://t.co/rS49hgaADF we'll check &amp; assist you. (1/2) ^SV",,1280596.0,"@419632 sorry to know about the delay, vikrant. please reach us from here:  we'll check &amp; assist you. (1/2) ^sv",delivery_delay,auto
1076324,AmazonHelp,False,Mon Oct 23 20:14:34 +0000 2017,@196149 What's the delivery date listed in the original order confirmation e-mail? You can find that here: https://t.co/RKwVyQpjRq ^EA,1076325,1076322.0,@196149 what's the delivery date listed in the original order confirmation e-mail? you can find that here:  ^ea,delivery_delay,auto
537438,AmazonHelp,False,Sat Dec 02 14:05:26 +0000 2017,"@244581 Oh no, I'm sorry about this delay! I saw in earlier an earlier post that you need these items for today. Were our customer service representatives able to look at some options with you regarding this package? ^GP",537435,537439.0,"@244581 oh no, i'm sorry about this delay! i saw in earlier an earlier post that you need these items for today. were our customer service representatives able to look at some options with you regarding this package? ^gp",delivery_delay,auto
535136,AmazonHelp,False,Sat Dec 02 12:23:28 +0000 2017,"@229487 Apologies for the delay. We'd like to assist you with this. Kindly drop your details here: https://t.co/beaaDm0muc and we'll contact you soon. Please don't provide your order details, we consider it to be personal information. Our page is visible to public. ^BV",,535137.0,"@229487 apologies for the delay. we'd like to assist you with this. kindly drop your details here:  and we'll contact you soon. please don't provide your order details, we consider it to be personal information. our page is visible to public. ^bv",delivery_delay,auto
571664,AmazonHelp,False,Sun Dec 03 04:42:54 +0000 2017,"@254309 I'm so sorry for the delay with your order. Though delays are possible, they should be rare. Can you please confirm who the carrier is for us: https://t.co/Y5jpI9gRhE? ^ST",571665,571666.0,"@254309 i'm so sorry for the delay with your order. though delays are possible, they should be rare. can you please confirm who the carrier is for us:  ^st",delivery_delay,auto
2311975,AmazonHelp,False,Sun Nov 12 22:06:31 +0000 2017,@670491 I'm sorry for the inconvenience this has caused! Some items will have shipping restrictions and should notify you during checkout and on their detail page. More on shipping restrictions can be found here: https://t.co/A47SfkXdCo ^DW,,2311976.0,@670491 i'm sorry for the inconvenience this has caused! some items will have shipping restrictions and should notify you during checkout and on their detail page. more on shipping restrictions can be found here:  ^dw,delivery_delay,auto
2507106,AmazonHelp,False,Sun Nov 26 19:32:26 +0000 2017,"@133008 I'm terribly sorry for the condition of your parcel! Were any of the contents damaged? Please let us know, Rachel!","2507107,2507105",2507108.0,"@133008 i'm terribly sorry for the condition of your parcel! were any of the contents damaged? please let us know, rachel!",delivery_delay,auto
164870,AmazonHelp,False,Fri Nov 24 20:08:00 +0000 2017,"@154215 Apologies for the delay in delivery, John! We would like to look into this for you. Please reach out to us when you have a moment: https://t.co/JzP7hlA23B. ^AL",164871,164872.0,"@154215 apologies for the delay in delivery, john! we would like to look into this for you. please reach out to us when you have a moment:  ^al",delivery_delay,auto
529014,AmazonHelp,False,Sat Dec 02 11:32:53 +0000 2017,@242497 Thanks for the update! Is the delivery date now confirmed?^MA,529015,529013.0,@242497 thanks for the update! is the delivery date now confirmed?^ma,delivery_delay,auto
579795,AmazonHelp,False,Sun Dec 03 11:35:30 +0000 2017,@256554 Sorry to hear this. Were the contents of the parcel damaged in any way?^BZ,579794,579796.0,@256554 sorry to hear this. were the contents of the parcel damaged in any way?^bz,delivery_delay,auto
257140,AmazonHelp,False,Thu Oct 05 20:15:00 +0000 2017,@177160 We understand your concern. Due to overwhelming response and high order volume the EDD is slightly delayed. (1/2) ^SV,,257138.0,@177160 we understand your concern. due to overwhelming response and high order volume the edd is slightly delayed. (1/2) ^sv,delivery_delay,auto
571664,AmazonHelp,False,Sun Dec 03 04:42:54 +0000 2017,"@254309 I'm so sorry for the delay with your order. Though delays are possible, they should be rare. Can you please confirm who the carrier is for us: https://t.co/Y5jpI9gRhE? ^ST",571665,571666.0,"@254309 i'm so sorry for the delay with your order. though delays are possible, they should be rare. can you please confirm who the carrier is for us:  ^st",delivery_delay,auto
579795,AmazonHelp,False,Sun Dec 03 11:35:30 +0000 2017,@256554 Sorry to hear this. Were the contents of the parcel damaged in any way?^BZ,579794,579796.0,@256554 sorry to hear this. were the contents of the parcel damaged in any way?^bz,delivery_delay,auto
2435986,AmazonHelp,False,Sun Oct 29 14:52:00 +0000 2017,"@698905 I'm sorry about the trouble with the delivery. We'd like to help, kindly share your details here: https://t.co/GIJyeYqKE0 ^MA",,2435987.0,"@698905 i'm sorry about the trouble with the delivery. we'd like to help, kindly share your details here:  ^ma",delivery_delay,auto
2477498,AmazonHelp,False,Wed Nov 15 15:04:00 +0000 2017,"@159289 Oh dear!  I am sorry that the delivery date on your order was changed.  Please reach out to us if your package does not arrive by the date shown on your order, here:   https://t.co/Y5jpI9gRhE ^SP",,2477496.0,"@159289 oh dear!  i am sorry that the delivery date on your order was changed.  please reach out to us if your package does not arrive by the date shown on your order, here:    ^sp",delivery_delay,auto
2508110,AmazonHelp,False,Wed Nov 15 21:58:00 +0000 2017,"@715041 Generally, we would only prompt you to add a credit card to the order along with your gift card balance is if the expected order total surpasses the amount available within your gift card balance. Item cost plus possible tax and shipping fees. Hope this helps! ^SK",2508111,2508112.0,"@715041 generally, we would only prompt you to add a credit card to the order along with your gift card balance is if the expected order total surpasses the amount available within your gift card balance. item cost plus possible tax and shipping fees. hope this helps! ^sk",delivery_delay,auto
2390441,AmazonHelp,False,Tue Nov 14 10:22:55 +0000 2017,@688588 From the screen grabs you've sent that looks to be us sending the request to the carrier for the 8pm delivery. Keep us updated but it appears as though it should be with you today. ^MI,,2390440.0,@688588 from the screen grabs you've sent that looks to be us sending the request to the carrier for the 8pm delivery. keep us updated but it appears as though it should be with you today. ^mi,delivery_delay,auto
1057951,AmazonHelp,False,Sat Oct 14 21:25:26 +0000 2017,@369792 I'm sorry for the poor experience you had with us. Have these delivery issues been occurring with a specific carrier? ^VS,1057952,1057953.0,@369792 i'm sorry for the poor experience you had with us. have these delivery issues been occurring with a specific carrier? ^vs,delivery_delay,auto
579795,AmazonHelp,False,Sun Dec 03 11:35:30 +0000 2017,@256554 Sorry to hear this. Were the contents of the parcel damaged in any way?^BZ,579794,579796.0,@256554 sorry to hear this. were the contents of the parcel damaged in any way?^bz,delivery_delay,auto
2390441,AmazonHelp,False,Tue Nov 14 10:22:55 +0000 2017,@688588 From the screen grabs you've sent that looks to be us sending the request to the carrier for the 8pm delivery. Keep us updated but it appears as though it should be with you today. ^MI,,2390440.0,@688588 from the screen grabs you've sent that looks to be us sending the request to the carrier for the 8pm delivery. keep us updated but it appears as though it should be with you today. ^mi,delivery_delay,auto
535136,AmazonHelp,False,Sat Dec 02 12:23:28 +0000 2017,"@229487 Apologies for the delay. We'd like to assist you with this. Kindly drop your details here: https://t.co/beaaDm0muc and we'll contact you soon. Please don't provide your order details, we consider it to be personal information. Our page is visible to public. ^BV",,535137.0,"@229487 apologies for the delay. we'd like to assist you with this. kindly drop your details here:  and we'll contact you soon. please don't provide your order details, we consider it to be personal information. our page is visible to public. ^bv",delivery_delay,auto
518772,AmazonHelp,False,Sat Dec 02 02:44:15 +0000 2017,"@239689 I'm sorry your orders are arriving later than expected! Although rare, unexpected delays may occur. We'd be happy to escalate carrier feedback on your behalf! Which carrier is assigned to your order? You can check here: https://t.co/Y5jpI9ys9c ^BN",518773,518770.0,"@239689 i'm sorry your orders are arriving later than expected! although rare, unexpected delays may occur. we'd be happy to escalate carrier feedback on your behalf! which carrier is assigned to your order? you can check here:  ^bn",delivery_delay,auto
257140,AmazonHelp,False,Thu Oct 05 20:15:00 +0000 2017,@177160 We understand your concern. Due to overwhelming response and high order volume the EDD is slightly delayed. (1/2) ^SV,,257138.0,@177160 we understand your concern. due to overwhelming response and high order volume the edd is slightly delayed. (1/2) ^sv,delivery_delay,auto
458919,AmazonHelp,False,Fri Dec 01 01:25:00 +0000 2017,@223986 I'm sorry for the trouble with this delivery. Were the contents damaged? ^RR,,458920.0,@223986 i'm sorry for the trouble with this delivery. were the contents damaged? ^rr,delivery_delay,auto
537438,AmazonHelp,False,Sat Dec 02 14:05:26 +0000 2017,"@244581 Oh no, I'm sorry about this delay! I saw in earlier an earlier post that you need these items for today. Were our customer service representatives able to look at some options with you regarding this package? ^GP",537435,537439.0,"@244581 oh no, i'm sorry about this delay! i saw in earlier an earlier post that you need these items for today. were our customer service representatives able to look at some options with you regarding this package? ^gp",delivery_delay,auto
2435986,AmazonHelp,False,Sun Oct 29 14:52:00 +0000 2017,"@698905 I'm sorry about the trouble with the delivery. We'd like to help, kindly share your details here: https://t.co/GIJyeYqKE0 ^MA",,2435987.0,"@698905 i'm sorry about the trouble with the delivery. we'd like to help, kindly share your details here:  ^ma",delivery_delay,auto
1057951,AmazonHelp,False,Sat Oct 14 21:25:26 +0000 2017,@369792 I'm sorry for the poor experience you had with us. Have these delivery issues been occurring with a specific carrier? ^VS,1057952,1057953.0,@369792 i'm sorry for the poor experience you had with us. have these delivery issues been occurring with a specific carrier? ^vs,delivery_delay,auto
2477498,AmazonHelp,False,Wed Nov 15 15:04:00 +0000 2017,"@159289 Oh dear!  I am sorry that the delivery date on your order was changed.  Please reach out to us if your package does not arrive by the date shown on your order, here:   https://t.co/Y5jpI9gRhE ^SP",,2477496.0,"@159289 oh dear!  i am sorry that the delivery date on your order was changed.  please reach out to us if your package does not arrive by the date shown on your order, here:    ^sp",delivery_delay,auto
579795,AmazonHelp,False,Sun Dec 03 11:35:30 +0000 2017,@256554 Sorry to hear this. Were the contents of the parcel damaged in any way?^BZ,579794,579796.0,@256554 sorry to hear this. were the contents of the parcel damaged in any way?^bz,delivery_delay,auto
164870,AmazonHelp,False,Fri Nov 24 20:08:00 +0000 2017,"@154215 Apologies for the delay in delivery, John! We would like to look into this for you. Please reach out to us when you have a moment: https://t.co/JzP7hlA23B. ^AL",164871,164872.0,"@154215 apologies for the delay in delivery, john! we would like to look into this for you. please reach out to us when you have a moment:  ^al",delivery_delay,auto
518772,AmazonHelp,False,Sat Dec 02 02:44:15 +0000 2017,"@239689 I'm sorry your orders are arriving later than expected! Although rare, unexpected delays may occur. We'd be happy to escalate carrier feedback on your behalf! Which carrier is assigned to your order? You can check here: https://t.co/Y5jpI9ys9c ^BN",518773,518770.0,"@239689 i'm sorry your orders are arriving later than expected! although rare, unexpected delays may occur. we'd be happy to escalate carrier feedback on your behalf! which carrier is assigned to your order? you can check here:  ^bn",delivery_delay,auto
2216656,AmazonHelp,False,Fri Nov 10 07:08:56 +0000 2017,"@647630 Apologies for the delay. Please reach out to us, so we can investigate into this: https://t.co/5RHhEVutwe Kind regards ^UK",2216655,,"@647630 apologies for the delay. please reach out to us, so we can investigate into this:  kind regards ^uk",delivery_delay,auto
2311975,AmazonHelp,False,Sun Nov 12 22:06:31 +0000 2017,@670491 I'm sorry for the inconvenience this has caused! Some items will have shipping restrictions and should notify you during checkout and on their detail page. More on shipping restrictions can be found here: https://t.co/A47SfkXdCo ^DW,,2311976.0,@670491 i'm sorry for the inconvenience this has caused! some items will have shipping restrictions and should notify you during checkout and on their detail page. more on shipping restrictions can be found here:  ^dw,delivery_delay,auto
571664,AmazonHelp,False,Sun Dec 03 04:42:54 +0000 2017,"@254309 I'm so sorry for the delay with your order. Though delays are possible, they should be rare. Can you please confirm who the carrier is for us: https://t.co/Y5jpI9gRhE? ^ST",571665,571666.0,"@254309 i'm so sorry for the delay with your order. though delays are possible, they should be rare. can you please confirm who the carrier is for us:  ^st",delivery_delay,auto
164870,AmazonHelp,False,Fri Nov 24 20:08:00 +0000 2017,"@154215 Apologies for the delay in delivery, John! We would like to look into this for you. Please reach out to us when you have a moment: https://t.co/JzP7hlA23B. ^AL",164871,164872.0,"@154215 apologies for the delay in delivery, john! we would like to look into this for you. please reach out to us when you have a moment:  ^al",delivery_delay,auto
1028213,AmazonHelp,False,Sat Oct 14 17:35:00 +0000 2017,"@363323 If the order hasn't entered the shipping process, it can be changed. You can check the status here: https://t.co/PCtircFm5C ^GL",,1028214.0,"@363323 if the order hasn't entered the shipping process, it can be changed. you can check the status here:  ^gl",delivery_delay,auto
1282294,AmazonHelp,False,Thu Oct 26 17:36:32 +0000 2017,"@419632 Sorry to know about the delay, Vikrant. Please reach us from here: https://t.co/rS49hgaADF we'll check &amp; assist you. (1/2) ^SV",,1280596.0,"@419632 sorry to know about the delay, vikrant. please reach us from here:  we'll check &amp; assist you. (1/2) ^sv",delivery_delay,auto
2518038,AmazonHelp,False,Thu Nov 16 00:41:00 +0000 2017,@717275 What was the delivery date for the late package? Have you had a chance to speak with us about any available options?  ^LR,2518039,2518040.0,@717275 what was the delivery date for the late package? have you had a chance to speak with us about any available options?  ^lr,delivery_delay,auto
2477498,AmazonHelp,False,Wed Nov 15 15:04:00 +0000 2017,"@159289 Oh dear!  I am sorry that the delivery date on your order was changed.  Please reach out to us if your package does not arrive by the date shown on your order, here:   https://t.co/Y5jpI9gRhE ^SP",,2477496.0,"@159289 oh dear!  i am sorry that the delivery date on your order was changed.  please reach out to us if your package does not arrive by the date shown on your order, here:    ^sp",delivery_delay,auto
571664,AmazonHelp,False,Sun Dec 03 04:42:54 +0000 2017,"@254309 I'm so sorry for the delay with your order. Though delays are possible, they should be rare. Can you please confirm who the carrier is for us: https://t.co/Y5jpI9gRhE? ^ST",571665,571666.0,"@254309 i'm so sorry for the delay with your order. though delays are possible, they should be rare. can you please confirm who the carrier is for us:  ^st",delivery_delay,auto
1240037,AmazonHelp,False,Wed Oct 25 22:10:19 +0000 2017,@410863 I'm sorry! The screenshot shows your order is set to arrive in two days on the 27th. Was there a delay on the order? ^AC,1240038,1240039.0,@410863 i'm sorry! the screenshot shows your order is set to arrive in two days on the 27th. was there a delay on the order? ^ac,delivery_delay,auto
2216656,AmazonHelp,False,Fri Nov 10 07:08:56 +0000 2017,"@647630 Apologies for the delay. Please reach out to us, so we can investigate into this: https://t.co/5RHhEVutwe Kind regards ^UK",2216655,,"@647630 apologies for the delay. please reach out to us, so we can investigate into this:  kind regards ^uk",delivery_delay,auto
1002881,AmazonHelp,False,Sun Oct 22 15:26:33 +0000 2017,@346582 Were you given an updated delivery date or a notice of delay? We'd like to help! ^ZW,"1002882,1002883",1002878.0,@346582 were you given an updated delivery date or a notice of delay? we'd like to help! ^zw,delivery_delay,auto
257140,AmazonHelp,False,Thu Oct 05 20:15:00 +0000 2017,@177160 We understand your concern. Due to overwhelming response and high order volume the EDD is slightly delayed. (1/2) ^SV,,257138.0,@177160 we understand your concern. due to overwhelming response and high order volume the edd is slightly delayed. (1/2) ^sv,delivery_delay,auto
2311975,AmazonHelp,False,Sun Nov 12 22:06:31 +0000 2017,@670491 I'm sorry for the inconvenience this has caused! Some items will have shipping restrictions and should notify you during checkout and on their detail page. More on shipping restrictions can be found here: https://t.co/A47SfkXdCo ^DW,,2311976.0,@670491 i'm sorry for the inconvenience this has caused! some items will have shipping restrictions and should notify you during checkout and on their detail page. more on shipping restrictions can be found here:  ^dw,delivery_delay,auto
1240037,AmazonHelp,False,Wed Oct 25 22:10:19 +0000 2017,@410863 I'm sorry! The screenshot shows your order is set to arrive in two days on the 27th. Was there a delay on the order? ^AC,1240038,1240039.0,@410863 i'm sorry! the screenshot shows your order is set to arrive in two days on the 27th. was there a delay on the order? ^ac,delivery_delay,auto
293788,AmazonHelp,False,Fri Oct 06 17:20:30 +0000 2017,"@185993 I'm sorry, Rach! Were you able to retrieve your parcel from your neighbour? Please let us know! ^LB",,293789.0,"@185993 i'm sorry, rach! were you able to retrieve your parcel from your neighbour? please let us know! ^lb",delivery_delay,auto
458919,AmazonHelp,False,Fri Dec 01 01:25:00 +0000 2017,@223986 I'm sorry for the trouble with this delivery. Were the contents damaged? ^RR,,458920.0,@223986 i'm sorry for the trouble with this delivery. were the contents damaged? ^rr,delivery_delay,auto
2518038,AmazonHelp,False,Thu Nov 16 00:41:00 +0000 2017,@717275 What was the delivery date for the late package? Have you had a chance to speak with us about any available options?  ^LR,2518039,2518040.0,@717275 what was the delivery date for the late package? have you had a chance to speak with us about any available options?  ^lr,delivery_delay,auto
1282294,AmazonHelp,False,Thu Oct 26 17:36:32 +0000 2017,"@419632 Sorry to know about the delay, Vikrant. Please reach us from here: https://t.co/rS49hgaADF we'll check &amp; assist you. (1/2) ^SV",,1280596.0,"@419632 sorry to know about the delay, vikrant. please reach us from here:  we'll check &amp; assist you. (1/2) ^sv",delivery_delay,auto
1282294,AmazonHelp,False,Thu Oct 26 17:36:32 +0000 2017,"@419632 Sorry to know about the delay, Vikrant. Please reach us from here: https://t.co/rS49hgaADF we'll check &amp; assist you. (1/2) ^SV",,1280596.0,"@419632 sorry to know about the delay, vikrant. please reach us from here:  we'll check &amp; assist you. (1/2) ^sv",delivery_delay,auto
1282294,AmazonHelp,False,Thu Oct 26 17:36:32 +0000 2017,"@419632 Sorry to know about the delay, Vikrant. Please reach us from here: https://t.co/rS49hgaADF we'll check &amp; assist you. (1/2) ^SV",,1280596.0,"@419632 sorry to know about the delay, vikrant. please reach us from here:  we'll check &amp; assist you. (1/2) ^sv",delivery_delay,auto
1002881,AmazonHelp,False,Sun Oct 22 15:26:33 +0000 2017,@346582 Were you given an updated delivery date or a notice of delay? We'd like to help! ^ZW,"1002882,1002883",1002878.0,@346582 were you given an updated delivery date or a notice of delay? we'd like to help! ^zw,delivery_delay,auto
1213328,AmazonHelp,False,Wed Oct 25 16:18:34 +0000 2017,@404780 I'm sorry we've let you down! Have we missed the delivery date shown in your order confirmation e-mail? ^FR,1213327,1213329.0,@404780 i'm sorry we've let you down! have we missed the delivery date shown in your order confirmation e-mail? ^fr,delivery_delay,auto
535136,AmazonHelp,False,Sat Dec 02 12:23:28 +0000 2017,"@229487 Apologies for the delay. We'd like to assist you with this. Kindly drop your details here: https://t.co/beaaDm0muc and we'll contact you soon. Please don't provide your order details, we consider it to be personal information. Our page is visible to public. ^BV",,535137.0,"@229487 apologies for the delay. we'd like to assist you with this. kindly drop your details here:  and we'll contact you soon. please don't provide your order details, we consider it to be personal information. our page is visible to public. ^bv",delivery_delay,auto
2311975,AmazonHelp,False,Sun Nov 12 22:06:31 +0000 2017,@670491 I'm sorry for the inconvenience this has caused! Some items will have shipping restrictions and should notify you during checkout and on their detail page. More on shipping restrictions can be found here: https://t.co/A47SfkXdCo ^DW,,2311976.0,@670491 i'm sorry for the inconvenience this has caused! some items will have shipping restrictions and should notify you during checkout and on their detail page. more on shipping restrictions can be found here:  ^dw,delivery_delay,auto
1002881,AmazonHelp,False,Sun Oct 22 15:26:33 +0000 2017,@346582 Were you given an updated delivery date or a notice of delay? We'd like to help! ^ZW,"1002882,1002883",1002878.0,@346582 were you given an updated delivery date or a notice of delay? we'd like to help! ^zw,delivery_delay,auto
448614,AmazonHelp,False,Thu Nov 30 20:57:39 +0000 2017,@221291 The shipping option you select during checkout determines your orders transit time in business days after fulfillment. Some items may take additional time to process through fulfillment. More information can be found here: https://t.co/St9AI4CA7e ^SK,448615,448616.0,@221291 the shipping option you select during checkout determines your orders transit time in business days after fulfillment. some items may take additional time to process through fulfillment. more information can be found here:  ^sk,delivery_delay,auto
2518038,AmazonHelp,False,Thu Nov 16 00:41:00 +0000 2017,@717275 What was the delivery date for the late package? Have you had a chance to speak with us about any available options?  ^LR,2518039,2518040.0,@717275 what was the delivery date for the late package? have you had a chance to speak with us about any available options?  ^lr,delivery_delay,auto
1076324,AmazonHelp,False,Mon Oct 23 20:14:34 +0000 2017,@196149 What's the delivery date listed in the original order confirmation e-mail? You can find that here: https://t.co/RKwVyQpjRq ^EA,1076325,1076322.0,@196149 what's the delivery date listed in the original order confirmation e-mail? you can find that here:  ^ea,delivery_delay,auto
1213328,AmazonHelp,False,Wed Oct 25 16:18:34 +0000 2017,@404780 I'm sorry we've let you down! Have we missed the delivery date shown in your order confirmation e-mail? ^FR,1213327,1213329.0,@404780 i'm sorry we've let you down! have we missed the delivery date shown in your order confirmation e-mail? ^fr,delivery_delay,auto
293788,AmazonHelp,False,Fri Oct 06 17:20:30 +0000 2017,"@185993 I'm sorry, Rach! Were you able to retrieve your parcel from your neighbour? Please let us know! ^LB",,293789.0,"@185993 i'm sorry, rach! were you able to retrieve your parcel from your neighbour? please let us know! ^lb",delivery_delay,auto
448614,AmazonHelp,False,Thu Nov 30 20:57:39 +0000 2017,@221291 The shipping option you select during checkout determines your orders transit time in business days after fulfillment. Some items may take additional time to process through fulfillment. More information can be found here: https://t.co/St9AI4CA7e ^SK,448615,448616.0,@221291 the shipping option you select during checkout determines your orders transit time in business days after fulfillment. some items may take additional time to process through fulfillment. more information can be found here:  ^sk,delivery_delay,auto
537438,AmazonHelp,False,Sat Dec 02 14:05:26 +0000 2017,"@244581 Oh no, I'm sorry about this delay! I saw in earlier an earlier post that you need these items for today. Were our customer service representatives able to look at some options with you regarding this package? ^GP",537435,537439.0,"@244581 oh no, i'm sorry about this delay! i saw in earlier an earlier post that you need these items for today. were our customer service representatives able to look at some options with you regarding this package? ^gp",delivery_delay,auto
571664,AmazonHelp,False,Sun Dec 03 04:42:54 +0000 2017,"@254309 I'm so sorry for the delay with your order. Though delays are possible, they should be rare. Can you please confirm who the carrier is for us: https://t.co/Y5jpI9gRhE? ^ST",571665,571666.0,"@254309 i'm so sorry for the delay with your order. though delays are possible, they should be rare. can you please confirm who the carrier is for us:  ^st",delivery_delay,auto
293788,AmazonHelp,False,Fri Oct 06 17:20:30 +0000 2017,"@185993 I'm sorry, Rach! Were you able to retrieve your parcel from your neighbour? Please let us know! ^LB",,293789.0,"@185993 i'm sorry, rach! were you able to retrieve your parcel from your neighbour? please let us know! ^lb",delivery_delay,auto
518772,AmazonHelp,False,Sat Dec 02 02:44:15 +0000 2017,"@239689 I'm sorry your orders are arriving later than expected! Although rare, unexpected delays may occur. We'd be happy to escalate carrier feedback on your behalf! Which carrier is assigned to your order? You can check here: https://t.co/Y5jpI9ys9c ^BN",518773,518770.0,"@239689 i'm sorry your orders are arriving later than expected! although rare, unexpected delays may occur. we'd be happy to escalate carrier feedback on your behalf! which carrier is assigned to your order? you can check here:  ^bn",delivery_delay,auto
528267,AmazonHelp,False,Sat Dec 02 08:47:00 +0000 2017,"@205822 Sorry to hear about the delay, Samantha. What was the delivery day we gave at the checkout and in the confirmation email?^SM",528268,528269.0,"@205822 sorry to hear about the delay, samantha. what was the delivery day we gave at the checkout and in the confirmation email?^sm",delivery_delay,auto
1248978,AmazonHelp,False,Thu Oct 26 02:55:54 +0000 2017,@413037 We always aim to meet the delivery date provided in the confirmation e-mail. Was this missed: https://t.co/Y5jpI9gRhE? ^RR,"1248979,1248980",1248981.0,@413037 we always aim to meet the delivery date provided in the confirmation e-mail. was this missed:  ^rr,delivery_delay,auto
529014,AmazonHelp,False,Sat Dec 02 11:32:53 +0000 2017,@242497 Thanks for the update! Is the delivery date now confirmed?^MA,529015,529013.0,@242497 thanks for the update! is the delivery date now confirmed?^ma,delivery_delay,auto
571664,AmazonHelp,False,Sun Dec 03 04:42:54 +0000 2017,"@254309 I'm so sorry for the delay with your order. Though delays are possible, they should be rare. Can you please confirm who the carrier is for us: https://t.co/Y5jpI9gRhE? ^ST",571665,571666.0,"@254309 i'm so sorry for the delay with your order. though delays are possible, they should be rare. can you please confirm who the carrier is for us:  ^st",delivery_delay,auto
2507106,AmazonHelp,False,Sun Nov 26 19:32:26 +0000 2017,"@133008 I'm terribly sorry for the condition of your parcel! Were any of the contents damaged? Please let us know, Rachel!","2507107,2507105",2507108.0,"@133008 i'm terribly sorry for the condition of your parcel! were any of the contents damaged? please let us know, rachel!",delivery_delay,auto
2507106,AmazonHelp,False,Sun Nov 26 19:32:26 +0000 2017,"@133008 I'm terribly sorry for the condition of your parcel! Were any of the contents damaged? Please let us know, Rachel!","2507107,2507105",2507108.0,"@133008 i'm terribly sorry for the condition of your parcel! were any of the contents damaged? please let us know, rachel!",delivery_delay,auto
448614,AmazonHelp,False,Thu Nov 30 20:57:39 +0000 2017,@221291 The shipping option you select during checkout determines your orders transit time in business days after fulfillment. Some items may take additional time to process through fulfillment. More information can be found here: https://t.co/St9AI4CA7e ^SK,448615,448616.0,@221291 the shipping option you select during checkout determines your orders transit time in business days after fulfillment. some items may take additional time to process through fulfillment. more information can be found here:  ^sk,delivery_delay,auto
277118,AmazonHelp,False,Sat Oct 14 15:59:33 +0000 2017,@182214 1/2 We may provide an order within timer that indicates the time in which you must place the order to receive your delivery,,277116.0,@182214 1/2 we may provide an order within timer that indicates the time in which you must place the order to receive your delivery,delivery_delay,auto
1953640,AmazonHelp,False,Thu Nov 16 12:17:00 +0000 2017,@579982 What was the delivery date was provided in your order confirmation email? ^CN,,1953641.0,@579982 what was the delivery date was provided in your order confirmation email? ^cn,delivery_delay,auto
1057951,AmazonHelp,False,Sat Oct 14 21:25:26 +0000 2017,@369792 I'm sorry for the poor experience you had with us. Have these delivery issues been occurring with a specific carrier? ^VS,1057952,1057953.0,@369792 i'm sorry for the poor experience you had with us. have these delivery issues been occurring with a specific carrier? ^vs,delivery_delay,auto
1076324,AmazonHelp,False,Mon Oct 23 20:14:34 +0000 2017,@196149 What's the delivery date listed in the original order confirmation e-mail? You can find that here: https://t.co/RKwVyQpjRq ^EA,1076325,1076322.0,@196149 what's the delivery date listed in the original order confirmation e-mail? you can find that here:  ^ea,delivery_delay,auto
458919,AmazonHelp,False,Fri Dec 01 01:25:00 +0000 2017,@223986 I'm sorry for the trouble with this delivery. Were the contents damaged? ^RR,,458920.0,@223986 i'm sorry for the trouble with this delivery. were the contents damaged? ^rr,delivery_delay,auto
1213328,AmazonHelp,False,Wed Oct 25 16:18:34 +0000 2017,@404780 I'm sorry we've let you down! Have we missed the delivery date shown in your order confirmation e-mail? ^FR,1213327,1213329.0,@404780 i'm sorry we've let you down! have we missed the delivery date shown in your order confirmation e-mail? ^fr,delivery_delay,auto
1282294,AmazonHelp,False,Thu Oct 26 17:36:32 +0000 2017,"@419632 Sorry to know about the delay, Vikrant. Please reach us from here: https://t.co/rS49hgaADF we'll check &amp; assist you. (1/2) ^SV",,1280596.0,"@419632 sorry to know about the delay, vikrant. please reach us from here:  we'll check &amp; assist you. (1/2) ^sv",delivery_delay,auto
1076324,AmazonHelp,False,Mon Oct 23 20:14:34 +0000 2017,@196149 What's the delivery date listed in the original order confirmation e-mail? You can find that here: https://t.co/RKwVyQpjRq ^EA,1076325,1076322.0,@196149 what's the delivery date listed in the original order confirmation e-mail? you can find that here:  ^ea,delivery_delay,auto
1213328,AmazonHelp,False,Wed Oct 25 16:18:34 +0000 2017,@404780 I'm sorry we've let you down! Have we missed the delivery date shown in your order confirmation e-mail? ^FR,1213327,1213329.0,@404780 i'm sorry we've let you down! have we missed the delivery date shown in your order confirmation e-mail? ^fr,delivery_delay,auto
571664,AmazonHelp,False,Sun Dec 03 04:42:54 +0000 2017,"@254309 I'm so sorry for the delay with your order. Though delays are possible, they should be rare. Can you please confirm who the carrier is for us: https://t.co/Y5jpI9gRhE? ^ST",571665,571666.0,"@254309 i'm so sorry for the delay with your order. though delays are possible, they should be rare. can you please confirm who the carrier is for us:  ^st",delivery_delay,auto
537438,AmazonHelp,False,Sat Dec 02 14:05:26 +0000 2017,"@244581 Oh no, I'm sorry about this delay! I saw in earlier an earlier post that you need these items for today. Were our customer service representatives able to look at some options with you regarding this package? ^GP",537435,537439.0,"@244581 oh no, i'm sorry about this delay! i saw in earlier an earlier post that you need these items for today. were our customer service representatives able to look at some options with you regarding this package? ^gp",delivery_delay,auto
2435986,AmazonHelp,False,Sun Oct 29 14:52:00 +0000 2017,"@698905 I'm sorry about the trouble with the delivery. We'd like to help, kindly share your details here: https://t.co/GIJyeYqKE0 ^MA",,2435987.0,"@698905 i'm sorry about the trouble with the delivery. we'd like to help, kindly share your details here:  ^ma",delivery_delay,auto
448614,AmazonHelp,False,Thu Nov 30 20:57:39 +0000 2017,@221291 The shipping option you select during checkout determines your orders transit time in business days after fulfillment. Some items may take additional time to process through fulfillment. More information can be found here: https://t.co/St9AI4CA7e ^SK,448615,448616.0,@221291 the shipping option you select during checkout determines your orders transit time in business days after fulfillment. some items may take additional time to process through fulfillment. more information can be found here:  ^sk,delivery_delay,auto
2216656,AmazonHelp,False,Fri Nov 10 07:08:56 +0000 2017,"@647630 Apologies for the delay. Please reach out to us, so we can investigate into this: https://t.co/5RHhEVutwe Kind regards ^UK",2216655,,"@647630 apologies for the delay. please reach out to us, so we can investigate into this:  kind regards ^uk",delivery_delay,auto
2151026,AmazonHelp,False,Thu Nov 09 01:24:00 +0000 2017,@632162 if any item you receive doesn't follow the policy stated here: https://t.co/Vu2CtLBEzl (2/2) ^LR,2151027,2151028.0,@632162 if any item you receive doesn't follow the policy stated here:  (2/2) ^lr,order_issue,auto
2318334,AmazonHelp,False,Mon Nov 13 10:31:31 +0000 2017,@672058 当サイトからの注文についてのＥメールはアカウントサービスのメッセージセンターからもご確認いただけます。なお、今後のため、アドレスの変更をお願いいたします。https://t.co/ZlXUPiEJHD ET,2318335,2318336.0,@672058 当サイトからの注文についてのｅメールはアカウントサービスのメッセージセンターからもご確認いただけます。なお、今後のため、アドレスの変更をお願いいたします。 et,order_issue,auto
2154011,AmazonHelp,False,Mon Nov 20 16:08:00 +0000 2017,"@632896 We'd like to sort the cash back issue for you, could you please let us know if you've shared your details using the secured link provided earlier? ^VN",2154010,2154012.0,"@632896 we'd like to sort the cash back issue for you, could you please let us know if you've shared your details using the secured link provided earlier? ^vn",order_issue,auto
2291378,AmazonHelp,False,Sun Nov 12 10:59:25 +0000 2017,"@288140 Hey, thanks for highlighting. You can leave packaging feedback here- https://t.co/fxgZ6hTrFA ^TP",,2291379.0,"@288140 hey, thanks for highlighting. you can leave packaging feedback here-  ^tp",order_issue,auto
430667,AmazonHelp,False,Wed Oct 11 13:07:40 +0000 2017,"@217415 If you've received an email from Social Media Specialist, please reply to it for further updates. ^HA",,430666.0,"@217415 if you've received an email from social media specialist, please reply to it for further updates. ^ha",order_issue,auto
318270,AmazonHelp,False,Sat Oct 07 10:03:00 +0000 2017,@191941 Hi Tim- Have you checked your connection? ^NV,,318271.0,@191941 hi tim- have you checked your connection? ^nv,order_issue,auto
2151026,AmazonHelp,False,Thu Nov 09 01:24:00 +0000 2017,@632162 if any item you receive doesn't follow the policy stated here: https://t.co/Vu2CtLBEzl (2/2) ^LR,2151027,2151028.0,@632162 if any item you receive doesn't follow the policy stated here:  (2/2) ^lr,order_issue,auto
526493,AmazonHelp,False,Sat Dec 02 07:12:30 +0000 2017,@241839 ご心配をおかけしております。お届け予定日は過ぎておりますか？お届け予定日内である場合には、恐れ入りますが、いましばらくお待ちください。万が一お届け予定日を過ぎている場合には、あとにご案内するそれぞれの方法でお問い合わせください。 TN,,526492.0,@241839 ご心配をおかけしております。お届け予定日は過ぎておりますか？お届け予定日内である場合には、恐れ入りますが、いましばらくお待ちください。万が一お届け予定日を過ぎている場合には、あとにご案内するそれぞれの方法でお問い合わせください。 tn,order_issue,auto
2388056,AmazonHelp,False,Tue Nov 14 07:43:25 +0000 2017,@169758 We've responded to your query over DM. Kindly check. ^SY,2388057,2388058.0,@169758 we've responded to your query over dm. kindly check. ^sy,order_issue,auto
1049815,AmazonHelp,False,Mon Oct 23 07:54:27 +0000 2017,@368118 🌼^FT https://t.co/9bpSsR0I5G,1049816,1049817.0,@368118 🌼^ft ,order_issue,auto
350304,AmazonHelp,False,Sun Oct 08 21:00:39 +0000 2017,@199335 We'll contact you with an update soon. Request you to wait. ^ZH,350305,350303.0,@199335 we'll contact you with an update soon. request you to wait. ^zh,order_issue,auto
230207,AmazonHelp,False,Thu Oct 05 09:20:32 +0000 2017,@170844 You may revert to the same for any further assistance. 2/2 ^MM,,230208.0,@170844 you may revert to the same for any further assistance. 2/2 ^mm,order_issue,auto
575386,AmazonHelp,False,Sun Dec 03 08:27:26 +0000 2017,@225413 You’re welcome! Do keep us posted for further issued or concerns. ^SB,,575384.0,@225413 you’re welcome! do keep us posted for further issued or concerns. ^sb,order_issue,auto
2522275,AmazonHelp,False,Thu Nov 16 02:57:40 +0000 2017,"@718357 Con mucho gusto, Eduardo, estamos para ayudar.  ^CR",,2522274.0,"@718357 con mucho gusto, eduardo, estamos para ayudar.  ^cr",order_issue,auto
641809,AmazonHelp,False,Wed Nov 22 20:32:25 +0000 2017,"@272312 Hola Ricardo, lamento los inconvenientes con el libro que recibiste. Te comento que a través del siguiente enlace podrás verificar todas las opciones que tenemos para que puedas solucionar esta situación: https://t.co/nbYTwVNFsD. ^MZ",641808,641810.0,"@272312 hola ricardo, lamento los inconvenientes con el libro que recibiste. te comento que a través del siguiente enlace podrás verificar todas las opciones que tenemos para que puedas solucionar esta situación:  ^mz",order_issue,auto
275112,AmazonHelp,False,Tue Aug 15 10:20:00 +0000 2017,"@181731 Na, das ist doch was :) ^MF",275110,275113.0,"@181731 na, das ist doch was :) ^mf",order_issue,auto
496783,AmazonHelp,False,Fri Dec 01 18:00:29 +0000 2017,"@233532 Bonsoir Léo, navrée d'apprendre cela. Que dit le suivi de votre colis s'il vous plaît ? ^MA",496784,496785.0,"@233532 bonsoir léo, navrée d'apprendre cela. que dit le suivi de votre colis s'il vous plaît ? ^ma",order_issue,auto
204938,AmazonHelp,False,Thu Oct 05 00:33:00 +0000 2017,@164542 おはようございます。Amazonです。ご利用ありがとうございます！到着までいましばらくお待ちくださいませ☺️✨ SK,,204939.0,@164542 おはようございます。amazonです。ご利用ありがとうございます！到着までいましばらくお待ちくださいませ☺️✨ sk,order_issue,auto
1049815,AmazonHelp,False,Mon Oct 23 07:54:27 +0000 2017,@368118 🌼^FT https://t.co/9bpSsR0I5G,1049816,1049817.0,@368118 🌼^ft ,order_issue,auto
322902,AmazonHelp,False,Sat Oct 07 14:26:00 +0000 2017,@192642 We request you to place a new order. Appreciate your understanding and your feedback has been forwarded. ^MP(2/2),,321738.0,@192642 we request you to place a new order. appreciate your understanding and your feedback has been forwarded. ^mp(2/2),order_issue,auto
2037975,AmazonHelp,False,Fri Nov 03 02:23:09 +0000 2017,"@602579 こんにちは、アマゾンです。当サイトの名をかたる架空請求詐欺やフィッシングが増えておりますので、お気を付けいただければと存じます🙇
",,,"@602579 こんにちは、アマゾンです。当サイトの名をかたる架空請求詐欺やフィッシングが増えておりますので、お気を付けいただければと存じます🙇
",order_issue,auto
1160428,AmazonHelp,False,Sun Oct 15 18:25:37 +0000 2017,"@315473 Understand, have you tried to contact our Customer Support through phone? ^DA",1160427,1160429.0,"@315473 understand, have you tried to contact our customer support through phone? ^da",order_issue,auto
318270,AmazonHelp,False,Sat Oct 07 10:03:00 +0000 2017,@191941 Hi Tim- Have you checked your connection? ^NV,,318271.0,@191941 hi tim- have you checked your connection? ^nv,order_issue,auto
2419733,AmazonHelp,False,Sun Oct 29 13:00:00 +0000 2017,@695144 とんでもないことです。また何かありましたら、ご連絡下さい。 EK,,2419731.0,@695144 とんでもないことです。また何かありましたら、ご連絡下さい。 ek,order_issue,auto
1209794,AmazonHelp,False,Mon Oct 16 12:55:37 +0000 2017,@403998 Please don’t provide your order details as we consider them to be personal info. Our page is visible to public. ^SG(2/2),,1209793.0,@403998 please don’t provide your order details as we consider them to be personal info. our page is visible to public. ^sg(2/2),order_issue,auto
448756,AmazonHelp,False,Thu Nov 30 20:17:26 +0000 2017,@221322 Oh no! You can call or chat with us here: https://t.co/ZhCcKCQYfs ^ BA,448755,448757.0,@221322 oh no! you can call or chat with us here:  ^ ba,order_issue,auto
444405,AmazonHelp,False,Thu Nov 23 11:04:33 +0000 2017,"@220270 Julian, en este caso cuentas con el respaldo de nuestra Garantía de la A a la Z. Puedes encontrar más información en el siguiente enlace: https://t.co/HKCetvgiMH ^VL",444406,444404.0,"@220270 julian, en este caso cuentas con el respaldo de nuestra garantía de la a a la z. puedes encontrar más información en el siguiente enlace:  ^vl",order_issue,auto
114294,AmazonHelp,False,Thu Nov 23 21:27:00 +0000 2017,"@141406 Hola, nos podrías indicar cual fue el motivo de la cancelación de la entrega por parte del transportista? ^AG",114295,114296.0,"@141406 hola, nos podrías indicar cual fue el motivo de la cancelación de la entrega por parte del transportista? ^ag",order_issue,auto
465157,AmazonHelp,False,Fri Dec 01 04:11:53 +0000 2017,@225642 We'd like to look into this with you in real-time. Please get in touch with us here: https://t.co/hApLpMlfHN at your earliest convenience. ^EZ,,465158.0,@225642 we'd like to look into this with you in real-time. please get in touch with us here:  at your earliest convenience. ^ez,order_issue,auto
2154011,AmazonHelp,False,Mon Nov 20 16:08:00 +0000 2017,"@632896 We'd like to sort the cash back issue for you, could you please let us know if you've shared your details using the secured link provided earlier? ^VN",2154010,2154012.0,"@632896 we'd like to sort the cash back issue for you, could you please let us know if you've shared your details using the secured link provided earlier? ^vn",order_issue,auto
483741,AmazonHelp,False,Fri Dec 01 14:55:00 +0000 2017,@230079 Hola sin compartir información de tu cuenta comentanos ¿el pedido fue enviado y gestionado por Amazon o por alguno de nuestros vendedores externos? ^RC,,483742.0,@230079 hola sin compartir información de tu cuenta comentanos ¿el pedido fue enviado y gestionado por amazon o por alguno de nuestros vendedores externos? ^rc,order_issue,auto
1100440,AmazonHelp,False,Sat Nov 25 20:10:24 +0000 2017,@132139 Vielleicht können wir dir aber auch ein Lächeln ins Gesicht zaubern. Melde dich bitte mal direkt beim Social Media Team: https://t.co/br7bhrlJn8. Keine Angst. Ist nichts schlimmes. :-),"1100441,1100442",1100439.0,@132139 vielleicht können wir dir aber auch ein lächeln ins gesicht zaubern. melde dich bitte mal direkt beim social media team:  keine angst. ist nichts schlimmes. :-),order_issue,auto
838670,AmazonHelp,False,Fri Oct 13 10:48:24 +0000 2017,@319561 Please don’t provide your order details as we consider them to be personal info. Our page is visible to public. ^SG(2/2),,838671.0,@319561 please don’t provide your order details as we consider them to be personal info. our page is visible to public. ^sg(2/2),order_issue,auto
829476,AmazonHelp,False,Fri Oct 13 03:26:00 +0000 2017,@317543 It's not uncommon for orders to even depart the same day they arrive. Please keep us posted. ^JA,829477,829478.0,@317543 it's not uncommon for orders to even depart the same day they arrive. please keep us posted. ^ja,order_issue,auto
641809,AmazonHelp,False,Wed Nov 22 20:32:25 +0000 2017,"@272312 Hola Ricardo, lamento los inconvenientes con el libro que recibiste. Te comento que a través del siguiente enlace podrás verificar todas las opciones que tenemos para que puedas solucionar esta situación: https://t.co/nbYTwVNFsD. ^MZ",641808,641810.0,"@272312 hola ricardo, lamento los inconvenientes con el libro que recibiste. te comento que a través del siguiente enlace podrás verificar todas las opciones que tenemos para que puedas solucionar esta situación:  ^mz",order_issue,auto
483741,AmazonHelp,False,Fri Dec 01 14:55:00 +0000 2017,@230079 Hola sin compartir información de tu cuenta comentanos ¿el pedido fue enviado y gestionado por Amazon o por alguno de nuestros vendedores externos? ^RC,,483742.0,@230079 hola sin compartir información de tu cuenta comentanos ¿el pedido fue enviado y gestionado por amazon o por alguno de nuestros vendedores externos? ^rc,order_issue,auto
355329,AmazonHelp,False,Sun Oct 08 14:21:58 +0000 2017,"@200428 That's strange, have you reported this to our support team? You can do so here: https://t.co/HQhpS2qeEd ^MS",,355330.0,"@200428 that's strange, have you reported this to our support team? you can do so here:  ^ms",order_issue,auto
318270,AmazonHelp,False,Sat Oct 07 10:03:00 +0000 2017,@191941 Hi Tim- Have you checked your connection? ^NV,,318271.0,@191941 hi tim- have you checked your connection? ^nv,order_issue,auto
1081777,AmazonHelp,False,Sun Oct 15 02:00:00 +0000 2017,@375177 This isn't the experience we want you to have. Please keep us posted on the outcome of the call. ^BH,"1081770,1081778",1081779.0,@375177 this isn't the experience we want you to have. please keep us posted on the outcome of the call. ^bh,order_issue,auto
2378656,AmazonHelp,False,Sun Oct 29 07:50:00 +0000 2017,@685967 I shall forward your requests to the concerned team to work on it. Appreciate your understanding. 2/2 ^MJ,,2378657.0,@685967 i shall forward your requests to the concerned team to work on it. appreciate your understanding. 2/2 ^mj,order_issue,auto
1232124,AmazonHelp,False,Mon Oct 16 06:04:27 +0000 2017,"@359661 Please don't provide your order details, we consider it personal information. Our Twitter page is visible to public. ^MJ",,1232123.0,"@359661 please don't provide your order details, we consider it personal information. our twitter page is visible to public. ^mj",order_issue,auto
300545,AmazonHelp,False,Fri Oct 06 21:11:30 +0000 2017,"@187655 If you wish, you can also report the situation with our Customer Service directly through the website. Regards! ^LG",300546,300544.0,"@187655 if you wish, you can also report the situation with our customer service directly through the website. regards! ^lg",order_issue,auto
444405,AmazonHelp,False,Thu Nov 23 11:04:33 +0000 2017,"@220270 Julian, en este caso cuentas con el respaldo de nuestra Garantía de la A a la Z. Puedes encontrar más información en el siguiente enlace: https://t.co/HKCetvgiMH ^VL",444406,444404.0,"@220270 julian, en este caso cuentas con el respaldo de nuestra garantía de la a a la z. puedes encontrar más información en el siguiente enlace:  ^vl",order_issue,auto
2137425,AmazonHelp,False,Thu Oct 19 18:26:00 +0000 2017,"@392651 In unseren Lagern wird noch bis Mitternacht gearbeitet. Gibt kein Grund, warum die CD morgen nicht da sein sollte:) ^AV","2137426,2137427",2137424.0,"@392651 in unseren lagern wird noch bis mitternacht gearbeitet. gibt kein grund, warum die cd morgen nicht da sein sollte:) ^av",order_issue,auto
420775,AmazonHelp,False,Tue Oct 10 08:28:00 +0000 2017,@215288 Please get in touch via https://t.co/R55eEQwSEs and we'll have a specialist look into this for you. ^BM,,420774.0,@215288 please get in touch via  and we'll have a specialist look into this for you. ^bm,order_issue,auto
2003961,AmazonHelp,False,Sat Nov 25 15:03:33 +0000 2017,@592579 Thanks for the information! could you please let us know what the e-mail you received states?  ^MW,2003962,2003960.0,@592579 thanks for the information! could you please let us know what the e-mail you received states?  ^mw,order_issue,auto
2297501,AmazonHelp,False,Thu Oct 19 22:53:00 +0000 2017,"@369814 Hmm...We'd like to troubleshoot this in real time, Delash. Please ring us here when you can:  https://t.co/JzP7hlA23B ^BL",,2297500.0,"@369814 hmm...we'd like to troubleshoot this in real time, delash. please ring us here when you can:   ^bl",order_issue,auto
496783,AmazonHelp,False,Fri Dec 01 18:00:29 +0000 2017,"@233532 Bonsoir Léo, navrée d'apprendre cela. Que dit le suivi de votre colis s'il vous plaît ? ^MA",496784,496785.0,"@233532 bonsoir léo, navrée d'apprendre cela. que dit le suivi de votre colis s'il vous plaît ? ^ma",order_issue,auto
1160428,AmazonHelp,False,Sun Oct 15 18:25:37 +0000 2017,"@315473 Understand, have you tried to contact our Customer Support through phone? ^DA",1160427,1160429.0,"@315473 understand, have you tried to contact our customer support through phone? ^da",order_issue,auto
986369,AmazonHelp,False,Sun Oct 22 11:47:00 +0000 2017,"@353766 Super, freut mich. Wir sind immer wieder gerne für dich da! ^DW",,986368.0,"@353766 super, freut mich. wir sind immer wieder gerne für dich da! ^dw",order_issue,auto
350568,AmazonHelp,False,Sun Oct 08 10:43:23 +0000 2017,"@199406 here:https://t.co/beaaDm0muc, we'll get back to you soon. (2/2)^AP",,350569.0,@199406 here: we'll get back to you soon. (2/2)^ap,order_issue,auto
372857,AmazonHelp,False,Sun Oct 08 23:46:30 +0000 2017,"@204354 かしこまりました。お手数をおかけいたしますがどうぞよろしくお願いいたします。
",,,"@204354 かしこまりました。お手数をおかけいたしますがどうぞよろしくお願いいたします。
",order_issue,auto
909529,AmazonHelp,False,Sat Oct 21 13:55:57 +0000 2017,@336037 I'm afraid we can't provide the requested info. [2/2] ^HA,"909531,909532",909528.0,@336037 i'm afraid we can't provide the requested info. [2/2] ^ha,order_issue,auto
138955,AmazonHelp,False,Fri Nov 24 11:08:00 +0000 2017,@124066 Please keep an eye on your emails for an update from the relevant department.^BD,,138956.0,@124066 please keep an eye on your emails for an update from the relevant department.^bd,order_issue,auto
2104349,AmazonHelp,False,Wed Nov 08 21:23:31 +0000 2017,@532172 I'm glad we could assist! Let us know if you need anymore help. ^JP,"2104350,2104351",2104348.0,@532172 i'm glad we could assist! let us know if you need anymore help. ^jp,order_issue,auto
179598,AmazonHelp,False,Wed Oct 04 09:47:27 +0000 2017,@158302 There must be some error! Let us look into this issue closer. Please contact us using this link: https://t.co/9mwpIdOzZn. (1/2) ^ZH,,179599.0,@158302 there must be some error! let us look into this issue closer. please contact us using this link:  (1/2) ^zh,order_issue,auto
793374,AmazonHelp,False,Thu Oct 12 13:43:04 +0000 2017,"@309164 Bonjour, je suis désolé d'apprendre cela. Avez-vous contacté notre service client afin de vous proposer une solution ? ^ME",,793375.0,"@309164 bonjour, je suis désolé d'apprendre cela. avez-vous contacté notre service client afin de vous proposer une solution ? ^me",order_issue,auto
575386,AmazonHelp,False,Sun Dec 03 08:27:26 +0000 2017,@225413 You’re welcome! Do keep us posted for further issued or concerns. ^SB,,575384.0,@225413 you’re welcome! do keep us posted for further issued or concerns. ^sb,order_issue,auto
300545,AmazonHelp,False,Fri Oct 06 21:11:30 +0000 2017,"@187655 If you wish, you can also report the situation with our Customer Service directly through the website. Regards! ^LG",300546,300544.0,"@187655 if you wish, you can also report the situation with our customer service directly through the website. regards! ^lg",order_issue,auto
204938,AmazonHelp,False,Thu Oct 05 00:33:00 +0000 2017,@164542 おはようございます。Amazonです。ご利用ありがとうございます！到着までいましばらくお待ちくださいませ☺️✨ SK,,204939.0,@164542 おはようございます。amazonです。ご利用ありがとうございます！到着までいましばらくお待ちくださいませ☺️✨ sk,order_issue,auto
435117,AmazonHelp,False,Tue Oct 10 16:39:00 +0000 2017,"@218358 If you haven't received your items by 21:00, please let us know! ^AC",435118,435119.0,"@218358 if you haven't received your items by 21:00, please let us know! ^ac",order_issue,auto
2399212,AmazonHelp,False,Sat Nov 18 07:57:29 +0000 2017,"@690399 Hi Rudi, what are you getting when you click on it? Any error messages? ^AT",2399211,2399213.0,"@690399 hi rudi, what are you getting when you click on it? any error messages? ^at",order_issue,auto
1042349,AmazonHelp,False,Sun Oct 15 12:08:33 +0000 2017,"@366444 Sure, do keep us posted if you haven't received any update. ^PS",1042348,1042350.0,"@366444 sure, do keep us posted if you haven't received any update. ^ps",order_issue,auto
1264469,AmazonHelp,False,Fri Oct 27 12:52:00 +0000 2017,"@416100 Once we receive the details, we will get back to you the latest by 12 hours. Appreciate your patience. ^BS",1264470,1264468.0,"@416100 once we receive the details, we will get back to you the latest by 12 hours. appreciate your patience. ^bs",order_issue,auto
2399212,AmazonHelp,False,Sat Nov 18 07:57:29 +0000 2017,"@690399 Hi Rudi, what are you getting when you click on it? Any error messages? ^AT",2399211,2399213.0,"@690399 hi rudi, what are you getting when you click on it? any error messages? ^at",order_issue,auto
1212233,AmazonHelp,False,Wed Oct 25 12:41:22 +0000 2017,@383566 Could you please let us know if you have filled the details in the link mentioned above? ^PR,1212234,1212235.0,@383566 could you please let us know if you have filled the details in the link mentioned above? ^pr,order_issue,auto
2538959,AmazonHelp,False,Thu Nov 16 09:59:28 +0000 2017,@722083 Amazon Pay balance is a digital wallet solution provided to you by Amazon using which you can make online transactions on Amazon.in and our partner websites &amp; apps. For more information pelase go through the link: https://t.co/zzrRxASSJV. ^JS,,2538960.0,@722083 amazon pay balance is a digital wallet solution provided to you by amazon using which you can make online transactions on amazon.in and our partner websites &amp; apps. for more information pelase go through the link:  ^js,order_issue,auto
179328,AmazonHelp,False,Wed Oct 04 10:00:27 +0000 2017,@158261 We apologize for the inconvenience. We've addressed your query here: https://t.co/anRnb8zz1T. Please check it. ^ZH,"179329,179330",179331.0,@158261 we apologize for the inconvenience. we've addressed your query here:  please check it. ^zh,order_issue,auto
420775,AmazonHelp,False,Tue Oct 10 08:28:00 +0000 2017,@215288 Please get in touch via https://t.co/R55eEQwSEs and we'll have a specialist look into this for you. ^BM,,420774.0,@215288 please get in touch via  and we'll have a specialist look into this for you. ^bm,order_issue,auto
1002549,AmazonHelp,False,Sat Oct 14 12:57:33 +0000 2017,@357311 We'd definitely help clear this up for you. Kindly connect with our support team here: https://t.co/vlvfJrlYEH for assistance.^RS,,1002550.0,@357311 we'd definitely help clear this up for you. kindly connect with our support team here:  for assistance.^rs,order_issue,auto
301516,AmazonHelp,False,Fri Oct 06 21:06:00 +0000 2017,"@187925 Ich leite deinen Wunsch gerne weiter, kann dir jedoch leider nichts versprechen :) ^BL",301517,301518.0,"@187925 ich leite deinen wunsch gerne weiter, kann dir jedoch leider nichts versprechen :) ^bl",order_issue,auto
2154011,AmazonHelp,False,Mon Nov 20 16:08:00 +0000 2017,"@632896 We'd like to sort the cash back issue for you, could you please let us know if you've shared your details using the secured link provided earlier? ^VN",2154010,2154012.0,"@632896 we'd like to sort the cash back issue for you, could you please let us know if you've shared your details using the secured link provided earlier? ^vn",order_issue,auto
734123,AmazonHelp,False,Wed Oct 11 11:21:26 +0000 2017,@295651 Please reach out to us so we can better assist. You can reach us here https://t.co/9jquJP3RcP ^VL,734124,734125.0,@295651 please reach out to us so we can better assist. you can reach us here  ^vl,order_issue,auto
763068,AmazonHelp,False,Wed Oct 11 21:04:00 +0000 2017,"@302175 I'd like to personally help you. Kindly fill in your details here: https://t.co/GIJyeYqKE0, and I'll look into it. ^NR",,762427.0,@302175 i'd like to personally help you. kindly fill in your details here:  and i'll look into it. ^nr,order_issue,auto
372857,AmazonHelp,False,Sun Oct 08 23:46:30 +0000 2017,"@204354 かしこまりました。お手数をおかけいたしますがどうぞよろしくお願いいたします。
",,,"@204354 かしこまりました。お手数をおかけいたしますがどうぞよろしくお願いいたします。
",order_issue,auto
496783,AmazonHelp,False,Fri Dec 01 18:00:29 +0000 2017,"@233532 Bonsoir Léo, navrée d'apprendre cela. Que dit le suivi de votre colis s'il vous plaît ? ^MA",496784,496785.0,"@233532 bonsoir léo, navrée d'apprendre cela. que dit le suivi de votre colis s'il vous plaît ? ^ma",order_issue,auto
2342004,AmazonHelp,False,Mon Nov 13 15:05:35 +0000 2017,"@677425 ¿Podrías confirmarnos, si tu pedido es vendido y gestionado por Amazon o por un vendedor externo? ^HC",2342003,2342005.0,"@677425 ¿podrías confirmarnos, si tu pedido es vendido y gestionado por amazon o por un vendedor externo? ^hc",order_issue,auto
2309334,AmazonHelp,False,Mon Nov 13 03:31:28 +0000 2017,"@669799 Absolutely, you can reach us at: 1 (888) 280-4331 and then request seller support. ^BE",,2309333.0,"@669799 absolutely, you can reach us at: 1 (888) 280-4331 and then request seller support. ^be",order_issue,auto
2319577,AmazonHelp,False,Mon Nov 13 12:51:27 +0000 2017,"@672305 Bonjour, désolée pour cela, quelle est la date de livraison que vous avez obtenue lors de la validation de votre commande je vous prie?
",,,"@672305 bonjour, désolée pour cela, quelle est la date de livraison que vous avez obtenue lors de la validation de votre commande je vous prie?
",order_issue,auto
313504,AmazonHelp,False,Sat Oct 07 11:29:02 +0000 2017,"@162750 Once you share your details, we'll work on it and get back to you. ^HN",313505,313503.0,"@162750 once you share your details, we'll work on it and get back to you. ^hn",order_issue,auto
334087,AmazonHelp,False,Sat Oct 07 20:07:00 +0000 2017,@195598 I'm unable to comprehend. Kindly elaborate your concern. We'll be happy to help. ^SG(1/2),,334086.0,@195598 i'm unable to comprehend. kindly elaborate your concern. we'll be happy to help. ^sg(1/2),order_issue,auto
2154011,AmazonHelp,False,Mon Nov 20 16:08:00 +0000 2017,"@632896 We'd like to sort the cash back issue for you, could you please let us know if you've shared your details using the secured link provided earlier? ^VN",2154010,2154012.0,"@632896 we'd like to sort the cash back issue for you, could you please let us know if you've shared your details using the secured link provided earlier? ^vn",order_issue,auto
763077,AmazonHelp,False,Wed Oct 11 21:01:02 +0000 2017,"@302175 Please don't provide your order details, we consider it personal information. Our Twitter page is visible to public. (2/2) ^SV",,763078.0,"@302175 please don't provide your order details, we consider it personal information. our twitter page is visible to public. (2/2) ^sv",order_issue,auto
686661,AmazonHelp,False,Thu Nov 23 13:57:00 +0000 2017,"@283954 Yup, we received the DM, we'll get back to you shortly! ^KK",,686662.0,"@283954 yup, we received the dm, we'll get back to you shortly! ^kk",order_issue,auto
444405,AmazonHelp,False,Thu Nov 23 11:04:33 +0000 2017,"@220270 Julian, en este caso cuentas con el respaldo de nuestra Garantía de la A a la Z. Puedes encontrar más información en el siguiente enlace: https://t.co/HKCetvgiMH ^VL",444406,444404.0,"@220270 julian, en este caso cuentas con el respaldo de nuestra garantía de la a a la z. puedes encontrar más información en el siguiente enlace:  ^vl",order_issue,auto
1223530,AmazonHelp,False,Fri Nov 17 13:08:00 +0000 2017,@407057 Profitez-en Olivier 😄 Qu'avez-vous regardé hier soir ? ^ARC,1223531,1223529.0,@407057 profitez-en olivier 😄 qu'avez-vous regardé hier soir ? ^arc,order_issue,auto
2003961,AmazonHelp,False,Sat Nov 25 15:03:33 +0000 2017,@592579 Thanks for the information! could you please let us know what the e-mail you received states?  ^MW,2003962,2003960.0,@592579 thanks for the information! could you please let us know what the e-mail you received states?  ^mw,order_issue,auto
1049815,AmazonHelp,False,Mon Oct 23 07:54:27 +0000 2017,@368118 🌼^FT https://t.co/9bpSsR0I5G,1049816,1049817.0,@368118 🌼^ft ,order_issue,auto
2511195,AmazonHelp,False,Mon Oct 30 05:16:28 +0000 2017,@715770 We'd love to get your feedback to our Packaging team. You can send it directly to us here: https://t.co/MMaW39Yeo6 ^AM,,2511196.0,@715770 we'd love to get your feedback to our packaging team. you can send it directly to us here:  ^am,order_issue,auto
1281426,AmazonHelp,False,Sat Oct 28 16:44:29 +0000 2017,"@419812 Upon clicking the link shared in the tweet above, you will land on a form. Kindly fill and submit the same. ^CB",,1281425.0,"@419812 upon clicking the link shared in the tweet above, you will land on a form. kindly fill and submit the same. ^cb",order_issue,auto
943536,AmazonHelp,False,Sat Oct 21 16:37:29 +0000 2017,@343708 I’d like to help you; please fill this form: https://t.co/beaaDm0muc and I’ll contact you soon (1/2) ^BA,,943537.0,@343708 i’d like to help you; please fill this form:  and i’ll contact you soon (1/2) ^ba,order_issue,auto
155258,AmazonHelp,False,Fri Nov 24 23:43:28 +0000 2017,"@151596 Gracias por la información, Isabel. En este caso te recomiendo contactar con nuestros colegas de Servicio al Cliente para una atención personalizada y poder verificar el origen del cobro. 
",,,"@151596 gracias por la información, isabel. en este caso te recomiendo contactar con nuestros colegas de servicio al cliente para una atención personalizada y poder verificar el origen del cobro. 
",order_issue,auto
2104349,AmazonHelp,False,Wed Nov 08 21:23:31 +0000 2017,@532172 I'm glad we could assist! Let us know if you need anymore help. ^JP,"2104350,2104351",2104348.0,@532172 i'm glad we could assist! let us know if you need anymore help. ^jp,order_issue,auto
1281426,AmazonHelp,False,Sat Oct 28 16:44:29 +0000 2017,"@419812 Upon clicking the link shared in the tweet above, you will land on a form. Kindly fill and submit the same. ^CB",,1281425.0,"@419812 upon clicking the link shared in the tweet above, you will land on a form. kindly fill and submit the same. ^cb",order_issue,auto
275854,AmazonHelp,False,Fri Oct 06 07:04:29 +0000 2017,@181899 That's amazing! Hope you grab one soon.  #AmazonEcho ^VM,,275855.0,@181899 that's amazing! hope you grab one soon.  #amazonecho ^vm,order_issue,auto
275854,AmazonHelp,False,Fri Oct 06 07:04:29 +0000 2017,@181899 That's amazing! Hope you grab one soon.  #AmazonEcho ^VM,,275855.0,@181899 that's amazing! hope you grab one soon.  #amazonecho ^vm,order_issue,auto
537524,AmazonHelp,False,Sat Dec 02 14:20:28 +0000 2017,@244597 We're happy to take a closer look into this for you. Please contact us here: https://t.co/JzP7hlA23B ^LI,,537522.0,@244597 we're happy to take a closer look into this for you. please contact us here:  ^li,order_issue,auto
356724,AmazonHelp,False,Sun Oct 08 18:54:28 +0000 2017,@200703 He can connect with our support team here: https://t.co/TK4yevTaND. ^NR,,356722.0,@200703 he can connect with our support team here:  ^nr,order_issue,auto
794485,AmazonHelp,False,Sat Oct 14 06:13:00 +0000 2017,@309432 Our team will get back to you with an update concerning your order soon. Kindly request you to wait.(2/2)^RS,,794484.0,@309432 our team will get back to you with an update concerning your order soon. kindly request you to wait.(2/2)^rs,order_issue,auto
313504,AmazonHelp,False,Sat Oct 07 11:29:02 +0000 2017,"@162750 Once you share your details, we'll work on it and get back to you. ^HN",313505,313503.0,"@162750 once you share your details, we'll work on it and get back to you. ^hn",order_issue,auto
237179,AmazonHelp,False,Wed Oct 04 14:29:00 +0000 2017,@172489 Have you ordered this from Amazon.in Don? ^HN,"237180,237181,237182",237183.0,@172489 have you ordered this from amazon.in don? ^hn,order_issue,auto
355329,AmazonHelp,False,Sun Oct 08 14:21:58 +0000 2017,"@200428 That's strange, have you reported this to our support team? You can do so here: https://t.co/HQhpS2qeEd ^MS",,355330.0,"@200428 that's strange, have you reported this to our support team? you can do so here:  ^ms",order_issue,auto
430667,AmazonHelp,False,Wed Oct 11 13:07:40 +0000 2017,"@217415 If you've received an email from Social Media Specialist, please reply to it for further updates. ^HA",,430666.0,"@217415 if you've received an email from social media specialist, please reply to it for further updates. ^ha",order_issue,auto
834848,AmazonHelp,False,Fri Oct 13 08:00:03 +0000 2017,@318785 it to be personal information. Our Twitter page is visible to the public. 3/3^AP,,834849.0,@318785 it to be personal information. our twitter page is visible to the public. 3/3^ap,order_issue,auto
179328,AmazonHelp,False,Wed Oct 04 10:00:27 +0000 2017,@158261 We apologize for the inconvenience. We've addressed your query here: https://t.co/anRnb8zz1T. Please check it. ^ZH,"179329,179330",179331.0,@158261 we apologize for the inconvenience. we've addressed your query here:  please check it. ^zh,order_issue,auto
537524,AmazonHelp,False,Sat Dec 02 14:20:28 +0000 2017,@244597 We're happy to take a closer look into this for you. Please contact us here: https://t.co/JzP7hlA23B ^LI,,537522.0,@244597 we're happy to take a closer look into this for you. please contact us here:  ^li,order_issue,auto
301516,AmazonHelp,False,Fri Oct 06 21:06:00 +0000 2017,"@187925 Ich leite deinen Wunsch gerne weiter, kann dir jedoch leider nichts versprechen :) ^BL",301517,301518.0,"@187925 ich leite deinen wunsch gerne weiter, kann dir jedoch leider nichts versprechen :) ^bl",order_issue,auto
679888,AmazonHelp,False,Thu Nov 23 08:06:26 +0000 2017,@282217 Please don’t provide your order details as we consider them to be personal information. Our Twitter page is visible to public. (2/2)^BS,,679889.0,@282217 please don’t provide your order details as we consider them to be personal information. our twitter page is visible to public. (2/2)^bs,order_issue,auto
629635,AmazonHelp,False,Wed Nov 22 16:18:00 +0000 2017,@145226 Gerne,,629634.0,@145226 gerne,order_issue,auto
2367971,AmazonHelp,False,Mon Nov 13 23:27:29 +0000 2017,"@552377 We'd like to take a closer look to ensure this is addressed. When you have a moment, please relay specifics to us using this secure link, and we'll be in touch: https://t.co/wjQJ18grEv ^MV",,2367972.0,"@552377 we'd like to take a closer look to ensure this is addressed. when you have a moment, please relay specifics to us using this secure link, and we'll be in touch:  ^mv",order_issue,auto
312105,AmazonHelp,False,Sat Oct 07 03:56:00 +0000 2017,@190339 here: https://t.co/beaaDm0muc and I'll reach out to you with an update soon. 2/2^EM,,311297.0,@190339 here:  and i'll reach out to you with an update soon. 2/2^em,order_issue,auto
575386,AmazonHelp,False,Sun Dec 03 08:27:26 +0000 2017,@225413 You’re welcome! Do keep us posted for further issued or concerns. ^SB,,575384.0,@225413 you’re welcome! do keep us posted for further issued or concerns. ^sb,order_issue,auto
138955,AmazonHelp,False,Fri Nov 24 11:08:00 +0000 2017,@124066 Please keep an eye on your emails for an update from the relevant department.^BD,,138956.0,@124066 please keep an eye on your emails for an update from the relevant department.^bd,order_issue,auto
2560179,AmazonHelp,False,Thu Nov 16 17:39:00 +0000 2017,"@454845 Hola Ozkar. Disculpa los inconvenientes. En este caso te aconsejaría contactar directamente con nuestro departamento de Soporte al Cliente para que puedan comprobar el estado de la entrega. Haz clic en el siguiente enlace : https://t.co/beR78zMMYB
",,,"@454845 hola ozkar. disculpa los inconvenientes. en este caso te aconsejaría contactar directamente con nuestro departamento de soporte al cliente para que puedan comprobar el estado de la entrega. haz clic en el siguiente enlace : 
",order_issue,auto
641809,AmazonHelp,False,Wed Nov 22 20:32:25 +0000 2017,"@272312 Hola Ricardo, lamento los inconvenientes con el libro que recibiste. Te comento que a través del siguiente enlace podrás verificar todas las opciones que tenemos para que puedas solucionar esta situación: https://t.co/nbYTwVNFsD. ^MZ",641808,641810.0,"@272312 hola ricardo, lamento los inconvenientes con el libro que recibiste. te comento que a través del siguiente enlace podrás verificar todas las opciones que tenemos para que puedas solucionar esta situación:  ^mz",order_issue,auto
957129,AmazonHelp,False,Tue Oct 31 18:13:28 +0000 2017,"@347092 You're welcome, Aditi. Do keep us posted for further concerns. ^HD",957127,957130.0,"@347092 you're welcome, aditi. do keep us posted for further concerns. ^hd",order_issue,auto
794485,AmazonHelp,False,Sat Oct 14 06:13:00 +0000 2017,@309432 Our team will get back to you with an update concerning your order soon. Kindly request you to wait.(2/2)^RS,,794484.0,@309432 our team will get back to you with an update concerning your order soon. kindly request you to wait.(2/2)^rs,order_issue,auto
914822,AmazonHelp,False,Sat Oct 21 08:57:00 +0000 2017,"@337244 I get your concern, call us here: https://t.co/vlvfJr4nN9 &amp; we'll be glad to help you. ^MJ",914823,914824.0,"@337244 i get your concern, call us here:  &amp; we'll be glad to help you. ^mj",order_issue,auto
2151026,AmazonHelp,False,Thu Nov 09 01:24:00 +0000 2017,@632162 if any item you receive doesn't follow the policy stated here: https://t.co/Vu2CtLBEzl (2/2) ^LR,2151027,2151028.0,@632162 if any item you receive doesn't follow the policy stated here:  (2/2) ^lr,order_issue,auto
400305,AmazonHelp,False,Mon Oct 09 19:24:00 +0000 2017,"@206514 We've received your details, our team will be looking into your concern and reach out to you soon. 1/2 ^MA",,400301.0,"@206514 we've received your details, our team will be looking into your concern and reach out to you soon. 1/2 ^ma",order_issue,auto
2369631,AmazonHelp,False,Tue Nov 14 00:00:40 +0000 2017,@681270 I'm so glad everything worked out! Please let us know if we may be of further assistance. ^KL,,2369632.0,@681270 i'm so glad everything worked out! please let us know if we may be of further assistance. ^kl,order_issue,auto
2154011,AmazonHelp,False,Mon Nov 20 16:08:00 +0000 2017,"@632896 We'd like to sort the cash back issue for you, could you please let us know if you've shared your details using the secured link provided earlier? ^VN",2154010,2154012.0,"@632896 we'd like to sort the cash back issue for you, could you please let us know if you've shared your details using the secured link provided earlier? ^vn",order_issue,auto
2297501,AmazonHelp,False,Thu Oct 19 22:53:00 +0000 2017,"@369814 Hmm...We'd like to troubleshoot this in real time, Delash. Please ring us here when you can:  https://t.co/JzP7hlA23B ^BL",,2297500.0,"@369814 hmm...we'd like to troubleshoot this in real time, delash. please ring us here when you can:   ^bl",order_issue,auto
874849,AmazonHelp,False,Fri Oct 20 21:06:31 +0000 2017,@327704 We would like to look into this. Please contact us here via phone to explore your options: https://t.co/qy3J24VGxb ^GG,"874850,874851",874852.0,@327704 we would like to look into this. please contact us here via phone to explore your options:  ^gg,order_issue,auto
2319577,AmazonHelp,False,Mon Nov 13 12:51:27 +0000 2017,"@672305 Bonjour, désolée pour cela, quelle est la date de livraison que vous avez obtenue lors de la validation de votre commande je vous prie?
",,,"@672305 bonjour, désolée pour cela, quelle est la date de livraison que vous avez obtenue lors de la validation de votre commande je vous prie?
",order_issue,auto
943536,AmazonHelp,False,Sat Oct 21 16:37:29 +0000 2017,@343708 I’d like to help you; please fill this form: https://t.co/beaaDm0muc and I’ll contact you soon (1/2) ^BA,,943537.0,@343708 i’d like to help you; please fill this form:  and i’ll contact you soon (1/2) ^ba,order_issue,auto
493412,AmazonHelp,False,Sun Dec 03 09:23:24 +0000 2017,@232629 What were you advised by the associates you spoke with? Did they reach out to the carrier?^SM,493413,493411.0,@232629 what were you advised by the associates you spoke with? did they reach out to the carrier?^sm,order_issue,auto
363306,AmazonHelp,False,Sun Oct 08 19:27:32 +0000 2017,@195144 Kindly share the details via the link provided on the link. We'll check this and connect with you. ^SG,363307,363304.0,@195144 kindly share the details via the link provided on the link. we'll check this and connect with you. ^sg,order_issue,auto
493412,AmazonHelp,False,Sun Dec 03 09:23:24 +0000 2017,@232629 What were you advised by the associates you spoke with? Did they reach out to the carrier?^SM,493413,493411.0,@232629 what were you advised by the associates you spoke with? did they reach out to the carrier?^sm,order_issue,auto
300545,AmazonHelp,False,Fri Oct 06 21:11:30 +0000 2017,"@187655 If you wish, you can also report the situation with our Customer Service directly through the website. Regards! ^LG",300546,300544.0,"@187655 if you wish, you can also report the situation with our customer service directly through the website. regards! ^lg",order_issue,auto
679888,AmazonHelp,False,Thu Nov 23 08:06:26 +0000 2017,@282217 Please don’t provide your order details as we consider them to be personal information. Our Twitter page is visible to public. (2/2)^BS,,679889.0,@282217 please don’t provide your order details as we consider them to be personal information. our twitter page is visible to public. (2/2)^bs,order_issue,auto
537467,AmazonHelp,False,Sat Dec 02 14:56:00 +0000 2017,@244587 Please get in touch with our team using this link: https://t.co/rS49hgaADF and we'll look forward to assisting you. ^AK,,537465.0,@244587 please get in touch with our team using this link:  and we'll look forward to assisting you. ^ak,order_issue,auto
717199,AmazonHelp,False,Wed Oct 11 01:09:30 +0000 2017,@291704 I'd like a member of our Amazon Logistics team to look into this with you. Please add details: https://t.co/JAn5TuOFi4 ^ML,717200,717198.0,@291704 i'd like a member of our amazon logistics team to look into this with you. please add details:  ^ml,order_issue,auto
2408662,AmazonHelp,False,Tue Nov 14 16:29:00 +0000 2017,@692607 Hi Chris- you will be getting a drink on arrival and if you a Prime member you will have access to the lounge for your food and drinks. ^MA,2408663,2408660.0,@692607 hi chris- you will be getting a drink on arrival and if you a prime member you will have access to the lounge for your food and drinks. ^ma,order_issue,auto
465190,AmazonHelp,False,Fri Dec 01 03:59:00 +0000 2017,@225651 Amazonです。ご承知のとおり、残念ながら悪質な詐欺が増加しているようですのでお気を付けください。https://t.co/st4oU5QbhP を装った詐欺と思われる連絡を受け取った際はこちらをご覧ください。→ https://t.co/ZPlTPTN5O5 SK,,465191.0,@225651 amazonです。ご承知のとおり、残念ながら悪質な詐欺が増加しているようですのでお気を付けください。 を装った詐欺と思われる連絡を受け取った際はこちらをご覧ください。→  sk,order_issue,auto
2205320,AmazonHelp,False,Thu Nov 09 22:40:00 +0000 2017,@644811 (*´-`).｡oO(巻き込みリプ・・・歓迎です・・・しろくまかわいいですね・・・) 　MH,,2205321.0,@644811 (*´-`).｡oo(巻き込みリプ・・・歓迎です・・・しろくまかわいいですね・・・) 　mh,order_issue,auto
1223530,AmazonHelp,False,Fri Nov 17 13:08:00 +0000 2017,@407057 Profitez-en Olivier 😄 Qu'avez-vous regardé hier soir ? ^ARC,1223531,1223529.0,@407057 profitez-en olivier 😄 qu'avez-vous regardé hier soir ? ^arc,order_issue,auto
292846,AmazonHelp,False,Fri Oct 06 16:52:00 +0000 2017,"@185742 Please don't provide your order details, we consider it personal information. Our Twitter page is visible to public. (2/2) ^ZH",,292847.0,"@185742 please don't provide your order details, we consider it personal information. our twitter page is visible to public. (2/2) ^zh",order_issue,auto
237179,AmazonHelp,False,Wed Oct 04 14:29:00 +0000 2017,@172489 Have you ordered this from Amazon.in Don? ^HN,"237180,237181,237182",237183.0,@172489 have you ordered this from amazon.in don? ^hn,order_issue,auto
729358,AmazonHelp,False,Wed Oct 11 09:12:00 +0000 2017,@222798 Hi Peter. Please get in touch with us here: https://t.co/zYVX1Qi29G and we'll look into this for you. ^RL,,729359.0,@222798 hi peter. please get in touch with us here:  and we'll look into this for you. ^rl,order_issue,auto
763077,AmazonHelp,False,Wed Oct 11 21:01:02 +0000 2017,"@302175 Please don't provide your order details, we consider it personal information. Our Twitter page is visible to public. (2/2) ^SV",,763078.0,"@302175 please don't provide your order details, we consider it personal information. our twitter page is visible to public. (2/2) ^sv",order_issue,auto
629635,AmazonHelp,False,Wed Nov 22 16:18:00 +0000 2017,@145226 Gerne,,629634.0,@145226 gerne,order_issue,auto
435117,AmazonHelp,False,Tue Oct 10 16:39:00 +0000 2017,"@218358 If you haven't received your items by 21:00, please let us know! ^AC",435118,435119.0,"@218358 if you haven't received your items by 21:00, please let us know! ^ac",order_issue,auto
237179,AmazonHelp,False,Wed Oct 04 14:29:00 +0000 2017,@172489 Have you ordered this from Amazon.in Don? ^HN,"237180,237181,237182",237183.0,@172489 have you ordered this from amazon.in don? ^hn,order_issue,auto
237179,AmazonHelp,False,Wed Oct 04 14:29:00 +0000 2017,@172489 Have you ordered this from Amazon.in Don? ^HN,"237180,237181,237182",237183.0,@172489 have you ordered this from amazon.in don? ^hn,order_issue,auto
1100440,AmazonHelp,False,Sat Nov 25 20:10:24 +0000 2017,@132139 Vielleicht können wir dir aber auch ein Lächeln ins Gesicht zaubern. Melde dich bitte mal direkt beim Social Media Team: https://t.co/br7bhrlJn8. Keine Angst. Ist nichts schlimmes. :-),"1100441,1100442",1100439.0,@132139 vielleicht können wir dir aber auch ein lächeln ins gesicht zaubern. melde dich bitte mal direkt beim social media team:  keine angst. ist nichts schlimmes. :-),order_issue,auto
2538959,AmazonHelp,False,Thu Nov 16 09:59:28 +0000 2017,@722083 Amazon Pay balance is a digital wallet solution provided to you by Amazon using which you can make online transactions on Amazon.in and our partner websites &amp; apps. For more information pelase go through the link: https://t.co/zzrRxASSJV. ^JS,,2538960.0,@722083 amazon pay balance is a digital wallet solution provided to you by amazon using which you can make online transactions on amazon.in and our partner websites &amp; apps. for more information pelase go through the link:  ^js,order_issue,auto
986369,AmazonHelp,False,Sun Oct 22 11:47:00 +0000 2017,"@353766 Super, freut mich. Wir sind immer wieder gerne für dich da! ^DW",,986368.0,"@353766 super, freut mich. wir sind immer wieder gerne für dich da! ^dw",order_issue,auto
1097358,AmazonHelp,False,Sun Oct 15 05:49:52 +0000 2017,@378944 ご迷惑をおかけしております。配送業者へご確認いただきましても解決に至らない場合には、お手数ですがAmazonカスタマーサービスへお問い合わせください。https://t.co/J6YEizo6qC どうぞよろしくお願いいたします。SK,,1097359.0,@378944 ご迷惑をおかけしております。配送業者へご確認いただきましても解決に至らない場合には、お手数ですがamazonカスタマーサービスへお問い合わせください。 どうぞよろしくお願いいたします。sk,order_issue,auto
2388056,AmazonHelp,False,Tue Nov 14 07:43:25 +0000 2017,@169758 We've responded to your query over DM. Kindly check. ^SY,2388057,2388058.0,@169758 we've responded to your query over dm. kindly check. ^sy,order_issue,auto
2449388,AmazonHelp,False,Wed Nov 15 02:57:00 +0000 2017,"@702029 是非！どちらのサイズもご試着いただき、ご満足いくサイズをお受け取りいただければと思います（＾ω＾）
",,,"@702029 是非！どちらのサイズもご試着いただき、ご満足いくサイズをお受け取りいただければと思います（＾ω＾）
",order_issue,auto
350568,AmazonHelp,False,Sun Oct 08 10:43:23 +0000 2017,"@199406 here:https://t.co/beaaDm0muc, we'll get back to you soon. (2/2)^AP",,350569.0,@199406 here: we'll get back to you soon. (2/2)^ap,order_issue,auto
2511195,AmazonHelp,False,Mon Oct 30 05:16:28 +0000 2017,@715770 We'd love to get your feedback to our Packaging team. You can send it directly to us here: https://t.co/MMaW39Yeo6 ^AM,,2511196.0,@715770 we'd love to get your feedback to our packaging team. you can send it directly to us here:  ^am,order_issue,auto
715582,AmazonHelp,False,Fri Oct 06 12:14:00 +0000 2017,"@291221 このたびは、ご迷惑をおかけし申し訳ございません。
",,,"@291221 このたびは、ご迷惑をおかけし申し訳ございません。
",order_issue,auto
400305,AmazonHelp,False,Mon Oct 09 19:24:00 +0000 2017,"@206514 We've received your details, our team will be looking into your concern and reach out to you soon. 1/2 ^MA",,400301.0,"@206514 we've received your details, our team will be looking into your concern and reach out to you soon. 1/2 ^ma",order_issue,auto
715582,AmazonHelp,False,Fri Oct 06 12:14:00 +0000 2017,"@291221 このたびは、ご迷惑をおかけし申し訳ございません。
",,,"@291221 このたびは、ご迷惑をおかけし申し訳ございません。
",order_issue,auto
256733,AmazonHelp,False,Fri Oct 06 01:54:28 +0000 2017,@177050 Request you to get in touch with our support team via chat/phone from the link provided earlier. ^SQ,,256731.0,@177050 request you to get in touch with our support team via chat/phone from the link provided earlier. ^sq,order_issue,auto
2073869,AmazonHelp,False,Wed Nov 08 09:31:00 +0000 2017,@613381 A votre service. ^ARC,,2073870.0,@613381 a votre service. ^arc,order_issue,auto
2151026,AmazonHelp,False,Thu Nov 09 01:24:00 +0000 2017,@632162 if any item you receive doesn't follow the policy stated here: https://t.co/Vu2CtLBEzl (2/2) ^LR,2151027,2151028.0,@632162 if any item you receive doesn't follow the policy stated here:  (2/2) ^lr,order_issue,auto
976721,AmazonHelp,False,Sun Oct 22 04:35:44 +0000 2017,@351656 We're here to assist. What does the most recent tracking info for your order state here: https://t.co/q4LAMZ3tbE? ^GG,"976722,976723",976724.0,@351656 we're here to assist. what does the most recent tracking info for your order state here:  ^gg,order_issue,auto
2369631,AmazonHelp,False,Tue Nov 14 00:00:40 +0000 2017,@681270 I'm so glad everything worked out! Please let us know if we may be of further assistance. ^KL,,2369632.0,@681270 i'm so glad everything worked out! please let us know if we may be of further assistance. ^kl,order_issue,auto
629635,AmazonHelp,False,Wed Nov 22 16:18:00 +0000 2017,@145226 Gerne,,629634.0,@145226 gerne,order_issue,auto
1117062,AmazonHelp,False,Fri Oct 20 05:10:00 +0000 2017,@383580 Our team is working on the issue. We'll get back to you with an update soon. ^RS,1117063,1117061.0,@383580 our team is working on the issue. we'll get back to you with an update soon. ^rs,order_issue,auto
483741,AmazonHelp,False,Fri Dec 01 14:55:00 +0000 2017,@230079 Hola sin compartir información de tu cuenta comentanos ¿el pedido fue enviado y gestionado por Amazon o por alguno de nuestros vendedores externos? ^RC,,483742.0,@230079 hola sin compartir información de tu cuenta comentanos ¿el pedido fue enviado y gestionado por amazon o por alguno de nuestros vendedores externos? ^rc,order_issue,auto
2522275,AmazonHelp,False,Thu Nov 16 02:57:40 +0000 2017,"@718357 Con mucho gusto, Eduardo, estamos para ayudar.  ^CR",,2522274.0,"@718357 con mucho gusto, eduardo, estamos para ayudar.  ^cr",order_issue,auto
465157,AmazonHelp,False,Fri Dec 01 04:11:53 +0000 2017,@225642 We'd like to look into this with you in real-time. Please get in touch with us here: https://t.co/hApLpMlfHN at your earliest convenience. ^EZ,,465158.0,@225642 we'd like to look into this with you in real-time. please get in touch with us here:  at your earliest convenience. ^ez,order_issue,auto
1990255,AmazonHelp,False,Wed Oct 18 19:22:00 +0000 2017,@589005 You absolutely can on select devices! Here's some more information: https://t.co/27iFuUnmMc ^BE,1990256,1990253.0,@589005 you absolutely can on select devices! here's some more information:  ^be,order_issue,auto
494982,AmazonHelp,False,Fri Dec 01 17:45:32 +0000 2017,"@233040 Thank you very much for your concern regarding out packaging, Courtney! We're always looking to improve our processes and we depend on customer's like you to provide that feedback, so please use this link to help us out! https://t.co/lSVN3kb44b ^JD",,494983.0,"@233040 thank you very much for your concern regarding out packaging, courtney! we're always looking to improve our processes and we depend on customer's like you to provide that feedback, so please use this link to help us out!  ^jd",praise,auto
295848,AmazonHelp,False,Fri Oct 06 18:21:37 +0000 2017,"@186458 Thank you for the info, Jules! We'd like to know more about this from you. Reach out to us here: https://t.co/yVxxShabOy ^AL",295849,295850.0,"@186458 thank you for the info, jules! we'd like to know more about this from you. reach out to us here:  ^al",praise,auto
2378637,AmazonHelp,False,Sun Oct 29 09:13:00 +0000 2017,@679211 Thank you for sharing the details. We shall connect with you soon. ^SH,2378638,2378634.0,@679211 thank you for sharing the details. we shall connect with you soon. ^sh,praise,auto
319152,AmazonHelp,False,Sat Oct 07 12:31:35 +0000 2017,@192121 Thank you for keeping us posted. We'll get back to you soon. ^SK,319153,319150.0,@192121 thank you for keeping us posted. we'll get back to you soon. ^sk,praise,auto
2033170,AmazonHelp,False,Wed Nov 08 08:28:00 +0000 2017,"@438024 I'll second this Kimberli, great show!! ^GA",,2033171.0,"@438024 i'll second this kimberli, great show!! ^ga",praise,auto
627832,AmazonHelp,False,Wed Nov 22 16:41:31 +0000 2017,@268692 Thank you for confirming. I have searched for Fitbit health tracker on our website for you and here: https://t.co/yFIYgpiqkR is the list I found.  Kindly check. Hope it helps! ^RI,627833,627830.0,@268692 thank you for confirming. i have searched for fitbit health tracker on our website for you and here:  is the list i found.  kindly check. hope it helps! ^ri,praise,auto
2378637,AmazonHelp,False,Sun Oct 29 09:13:00 +0000 2017,@679211 Thank you for sharing the details. We shall connect with you soon. ^SH,2378638,2378634.0,@679211 thank you for sharing the details. we shall connect with you soon. ^sh,praise,auto
2148137,AmazonHelp,False,Thu Oct 19 10:31:00 +0000 2017,"@631388 Bien que la majorité des colis sont livrés dans les délais, il peut arriver que, certains colis soient retardés. J'en suis désolée.",,2148135.0,"@631388 bien que la majorité des colis sont livrés dans les délais, il peut arriver que, certains colis soient retardés. j'en suis désolée.",praise,auto
494982,AmazonHelp,False,Fri Dec 01 17:45:32 +0000 2017,"@233040 Thank you very much for your concern regarding out packaging, Courtney! We're always looking to improve our processes and we depend on customer's like you to provide that feedback, so please use this link to help us out! https://t.co/lSVN3kb44b ^JD",,494983.0,"@233040 thank you very much for your concern regarding out packaging, courtney! we're always looking to improve our processes and we depend on customer's like you to provide that feedback, so please use this link to help us out!  ^jd",praise,auto
718392,AmazonHelp,False,Sat Nov 25 08:40:28 +0000 2017,"@292002 What are you planning to read this weekend? Also, Thank you indeed for keeping us inspired to do such great work. ^PS",,718390.0,"@292002 what are you planning to read this weekend? also, thank you indeed for keeping us inspired to do such great work. ^ps",praise,auto
909502,AmazonHelp,False,Sat Oct 21 05:52:00 +0000 2017,@336033 That's great! ^KM,,909503.0,@336033 that's great! ^km,praise,auto
494982,AmazonHelp,False,Fri Dec 01 17:45:32 +0000 2017,"@233040 Thank you very much for your concern regarding out packaging, Courtney! We're always looking to improve our processes and we depend on customer's like you to provide that feedback, so please use this link to help us out! https://t.co/lSVN3kb44b ^JD",,494983.0,"@233040 thank you very much for your concern regarding out packaging, courtney! we're always looking to improve our processes and we depend on customer's like you to provide that feedback, so please use this link to help us out!  ^jd",praise,auto
2033170,AmazonHelp,False,Wed Nov 08 08:28:00 +0000 2017,"@438024 I'll second this Kimberli, great show!! ^GA",,2033171.0,"@438024 i'll second this kimberli, great show!! ^ga",praise,auto
2033170,AmazonHelp,False,Wed Nov 08 08:28:00 +0000 2017,"@438024 I'll second this Kimberli, great show!! ^GA",,2033171.0,"@438024 i'll second this kimberli, great show!! ^ga",praise,auto
627832,AmazonHelp,False,Wed Nov 22 16:41:31 +0000 2017,@268692 Thank you for confirming. I have searched for Fitbit health tracker on our website for you and here: https://t.co/yFIYgpiqkR is the list I found.  Kindly check. Hope it helps! ^RI,627833,627830.0,@268692 thank you for confirming. i have searched for fitbit health tracker on our website for you and here:  is the list i found.  kindly check. hope it helps! ^ri,praise,auto
2148137,AmazonHelp,False,Thu Oct 19 10:31:00 +0000 2017,"@631388 Bien que la majorité des colis sont livrés dans les délais, il peut arriver que, certains colis soient retardés. J'en suis désolée.",,2148135.0,"@631388 bien que la majorité des colis sont livrés dans les délais, il peut arriver que, certains colis soient retardés. j'en suis désolée.",praise,auto
295848,AmazonHelp,False,Fri Oct 06 18:21:37 +0000 2017,"@186458 Thank you for the info, Jules! We'd like to know more about this from you. Reach out to us here: https://t.co/yVxxShabOy ^AL",295849,295850.0,"@186458 thank you for the info, jules! we'd like to know more about this from you. reach out to us here:  ^al",praise,auto
627832,AmazonHelp,False,Wed Nov 22 16:41:31 +0000 2017,@268692 Thank you for confirming. I have searched for Fitbit health tracker on our website for you and here: https://t.co/yFIYgpiqkR is the list I found.  Kindly check. Hope it helps! ^RI,627833,627830.0,@268692 thank you for confirming. i have searched for fitbit health tracker on our website for you and here:  is the list i found.  kindly check. hope it helps! ^ri,praise,auto
627832,AmazonHelp,False,Wed Nov 22 16:41:31 +0000 2017,@268692 Thank you for confirming. I have searched for Fitbit health tracker on our website for you and here: https://t.co/yFIYgpiqkR is the list I found.  Kindly check. Hope it helps! ^RI,627833,627830.0,@268692 thank you for confirming. i have searched for fitbit health tracker on our website for you and here:  is the list i found.  kindly check. hope it helps! ^ri,praise,auto
909502,AmazonHelp,False,Sat Oct 21 05:52:00 +0000 2017,@336033 That's great! ^KM,,909503.0,@336033 that's great! ^km,praise,auto
2290058,AmazonHelp,False,Sun Nov 12 06:36:53 +0000 2017,@665261 Thank you for this suggestion! You can provide Prime Music feedback here: https://t.co/3xOLO3EcGD ^LR,2290059,2290060.0,@665261 thank you for this suggestion! you can provide prime music feedback here:  ^lr,praise,auto
2148137,AmazonHelp,False,Thu Oct 19 10:31:00 +0000 2017,"@631388 Bien que la majorité des colis sont livrés dans les délais, il peut arriver que, certains colis soient retardés. J'en suis désolée.",,2148135.0,"@631388 bien que la majorité des colis sont livrés dans les délais, il peut arriver que, certains colis soient retardés. j'en suis désolée.",praise,auto
382613,AmazonHelp,False,Mon Oct 09 10:36:22 +0000 2017,"@206703 Bonjour, oui bien sûr. Vous pouvez initier la conversation en DM 
",,,"@206703 bonjour, oui bien sûr. vous pouvez initier la conversation en dm 
",praise,auto
627832,AmazonHelp,False,Wed Nov 22 16:41:31 +0000 2017,@268692 Thank you for confirming. I have searched for Fitbit health tracker on our website for you and here: https://t.co/yFIYgpiqkR is the list I found.  Kindly check. Hope it helps! ^RI,627833,627830.0,@268692 thank you for confirming. i have searched for fitbit health tracker on our website for you and here:  is the list i found.  kindly check. hope it helps! ^ri,praise,auto
262554,AmazonHelp,False,Wed Oct 04 17:54:26 +0000 2017,@178543 Great! Please let us know if you need any additional help. We'd like to be updated on the outcome of your e-mail! ^KJ,262553,262555.0,@178543 great! please let us know if you need any additional help. we'd like to be updated on the outcome of your e-mail! ^kj,praise,auto
1058194,AmazonHelp,False,Fri Oct 13 05:44:00 +0000 2017,@369847 😄 I guess! Happiness is on the way to be delivered. Have a great day! ^KA,,1058195.0,@369847 😄 i guess! happiness is on the way to be delivered. have a great day! ^ka,praise,auto
2290058,AmazonHelp,False,Sun Nov 12 06:36:53 +0000 2017,@665261 Thank you for this suggestion! You can provide Prime Music feedback here: https://t.co/3xOLO3EcGD ^LR,2290059,2290060.0,@665261 thank you for this suggestion! you can provide prime music feedback here:  ^lr,praise,auto
382613,AmazonHelp,False,Mon Oct 09 10:36:22 +0000 2017,"@206703 Bonjour, oui bien sûr. Vous pouvez initier la conversation en DM 
",,,"@206703 bonjour, oui bien sûr. vous pouvez initier la conversation en dm 
",praise,auto
2526230,AmazonHelp,False,Thu Nov 16 04:04:00 +0000 2017,"@719312 Oh no! Sorry about that, Mark! Thank you for bringing this to our attention. ^BE",,2526231.0,"@719312 oh no! sorry about that, mark! thank you for bringing this to our attention. ^be",praise,auto
262554,AmazonHelp,False,Wed Oct 04 17:54:26 +0000 2017,@178543 Great! Please let us know if you need any additional help. We'd like to be updated on the outcome of your e-mail! ^KJ,262553,262555.0,@178543 great! please let us know if you need any additional help. we'd like to be updated on the outcome of your e-mail! ^kj,praise,auto
2148137,AmazonHelp,False,Thu Oct 19 10:31:00 +0000 2017,"@631388 Bien que la majorité des colis sont livrés dans les délais, il peut arriver que, certains colis soient retardés. J'en suis désolée.",,2148135.0,"@631388 bien que la majorité des colis sont livrés dans les délais, il peut arriver que, certains colis soient retardés. j'en suis désolée.",praise,auto
89222,AmazonHelp,False,Thu Nov 30 14:46:34 +0000 2017,@135295 Bien 😇 ^SB,,89223.0,@135295 bien 😇 ^sb,praise,auto
262554,AmazonHelp,False,Wed Oct 04 17:54:26 +0000 2017,@178543 Great! Please let us know if you need any additional help. We'd like to be updated on the outcome of your e-mail! ^KJ,262553,262555.0,@178543 great! please let us know if you need any additional help. we'd like to be updated on the outcome of your e-mail! ^kj,praise,auto
718392,AmazonHelp,False,Sat Nov 25 08:40:28 +0000 2017,"@292002 What are you planning to read this weekend? Also, Thank you indeed for keeping us inspired to do such great work. ^PS",,718390.0,"@292002 what are you planning to read this weekend? also, thank you indeed for keeping us inspired to do such great work. ^ps",praise,auto
2290058,AmazonHelp,False,Sun Nov 12 06:36:53 +0000 2017,@665261 Thank you for this suggestion! You can provide Prime Music feedback here: https://t.co/3xOLO3EcGD ^LR,2290059,2290060.0,@665261 thank you for this suggestion! you can provide prime music feedback here:  ^lr,praise,auto
2378637,AmazonHelp,False,Sun Oct 29 09:13:00 +0000 2017,@679211 Thank you for sharing the details. We shall connect with you soon. ^SH,2378638,2378634.0,@679211 thank you for sharing the details. we shall connect with you soon. ^sh,praise,auto
262554,AmazonHelp,False,Wed Oct 04 17:54:26 +0000 2017,@178543 Great! Please let us know if you need any additional help. We'd like to be updated on the outcome of your e-mail! ^KJ,262553,262555.0,@178543 great! please let us know if you need any additional help. we'd like to be updated on the outcome of your e-mail! ^kj,praise,auto
693892,AmazonHelp,False,Thu Nov 23 15:01:33 +0000 2017,"@285446 Bonjour, je suis désolée par rapport à cette confusion, s'agit-il d’une erreur au niveau de l’application Amazon ou bien sur le site? Veuillez nous envoyer le lien vers la page s'il vous plaît? ^FT",693893,693894.0,"@285446 bonjour, je suis désolée par rapport à cette confusion, s'agit-il d’une erreur au niveau de l’application amazon ou bien sur le site? veuillez nous envoyer le lien vers la page s'il vous plaît? ^ft",praise,auto
89222,AmazonHelp,False,Thu Nov 30 14:46:34 +0000 2017,@135295 Bien 😇 ^SB,,89223.0,@135295 bien 😇 ^sb,praise,auto
2033170,AmazonHelp,False,Wed Nov 08 08:28:00 +0000 2017,"@438024 I'll second this Kimberli, great show!! ^GA",,2033171.0,"@438024 i'll second this kimberli, great show!! ^ga",praise,auto
2033170,AmazonHelp,False,Wed Nov 08 08:28:00 +0000 2017,"@438024 I'll second this Kimberli, great show!! ^GA",,2033171.0,"@438024 i'll second this kimberli, great show!! ^ga",praise,auto
319152,AmazonHelp,False,Sat Oct 07 12:31:35 +0000 2017,@192121 Thank you for keeping us posted. We'll get back to you soon. ^SK,319153,319150.0,@192121 thank you for keeping us posted. we'll get back to you soon. ^sk,praise,auto
718392,AmazonHelp,False,Sat Nov 25 08:40:28 +0000 2017,"@292002 What are you planning to read this weekend? Also, Thank you indeed for keeping us inspired to do such great work. ^PS",,718390.0,"@292002 what are you planning to read this weekend? also, thank you indeed for keeping us inspired to do such great work. ^ps",praise,auto
2526230,AmazonHelp,False,Thu Nov 16 04:04:00 +0000 2017,"@719312 Oh no! Sorry about that, Mark! Thank you for bringing this to our attention. ^BE",,2526231.0,"@719312 oh no! sorry about that, mark! thank you for bringing this to our attention. ^be",praise,auto
262554,AmazonHelp,False,Wed Oct 04 17:54:26 +0000 2017,@178543 Great! Please let us know if you need any additional help. We'd like to be updated on the outcome of your e-mail! ^KJ,262553,262555.0,@178543 great! please let us know if you need any additional help. we'd like to be updated on the outcome of your e-mail! ^kj,praise,auto
262554,AmazonHelp,False,Wed Oct 04 17:54:26 +0000 2017,@178543 Great! Please let us know if you need any additional help. We'd like to be updated on the outcome of your e-mail! ^KJ,262553,262555.0,@178543 great! please let us know if you need any additional help. we'd like to be updated on the outcome of your e-mail! ^kj,praise,auto
2526230,AmazonHelp,False,Thu Nov 16 04:04:00 +0000 2017,"@719312 Oh no! Sorry about that, Mark! Thank you for bringing this to our attention. ^BE",,2526231.0,"@719312 oh no! sorry about that, mark! thank you for bringing this to our attention. ^be",praise,auto
319152,AmazonHelp,False,Sat Oct 07 12:31:35 +0000 2017,@192121 Thank you for keeping us posted. We'll get back to you soon. ^SK,319153,319150.0,@192121 thank you for keeping us posted. we'll get back to you soon. ^sk,praise,auto
1058194,AmazonHelp,False,Fri Oct 13 05:44:00 +0000 2017,@369847 😄 I guess! Happiness is on the way to be delivered. Have a great day! ^KA,,1058195.0,@369847 😄 i guess! happiness is on the way to be delivered. have a great day! ^ka,praise,auto
1058194,AmazonHelp,False,Fri Oct 13 05:44:00 +0000 2017,@369847 😄 I guess! Happiness is on the way to be delivered. Have a great day! ^KA,,1058195.0,@369847 😄 i guess! happiness is on the way to be delivered. have a great day! ^ka,praise,auto
319152,AmazonHelp,False,Sat Oct 07 12:31:35 +0000 2017,@192121 Thank you for keeping us posted. We'll get back to you soon. ^SK,319153,319150.0,@192121 thank you for keeping us posted. we'll get back to you soon. ^sk,praise,auto
1058194,AmazonHelp,False,Fri Oct 13 05:44:00 +0000 2017,@369847 😄 I guess! Happiness is on the way to be delivered. Have a great day! ^KA,,1058195.0,@369847 😄 i guess! happiness is on the way to be delivered. have a great day! ^ka,praise,auto
909502,AmazonHelp,False,Sat Oct 21 05:52:00 +0000 2017,@336033 That's great! ^KM,,909503.0,@336033 that's great! ^km,praise,auto
262554,AmazonHelp,False,Wed Oct 04 17:54:26 +0000 2017,@178543 Great! Please let us know if you need any additional help. We'd like to be updated on the outcome of your e-mail! ^KJ,262553,262555.0,@178543 great! please let us know if you need any additional help. we'd like to be updated on the outcome of your e-mail! ^kj,praise,auto
494982,AmazonHelp,False,Fri Dec 01 17:45:32 +0000 2017,"@233040 Thank you very much for your concern regarding out packaging, Courtney! We're always looking to improve our processes and we depend on customer's like you to provide that feedback, so please use this link to help us out! https://t.co/lSVN3kb44b ^JD",,494983.0,"@233040 thank you very much for your concern regarding out packaging, courtney! we're always looking to improve our processes and we depend on customer's like you to provide that feedback, so please use this link to help us out!  ^jd",praise,auto
295848,AmazonHelp,False,Fri Oct 06 18:21:37 +0000 2017,"@186458 Thank you for the info, Jules! We'd like to know more about this from you. Reach out to us here: https://t.co/yVxxShabOy ^AL",295849,295850.0,"@186458 thank you for the info, jules! we'd like to know more about this from you. reach out to us here:  ^al",praise,auto
2526230,AmazonHelp,False,Thu Nov 16 04:04:00 +0000 2017,"@719312 Oh no! Sorry about that, Mark! Thank you for bringing this to our attention. ^BE",,2526231.0,"@719312 oh no! sorry about that, mark! thank you for bringing this to our attention. ^be",praise,auto
693892,AmazonHelp,False,Thu Nov 23 15:01:33 +0000 2017,"@285446 Bonjour, je suis désolée par rapport à cette confusion, s'agit-il d’une erreur au niveau de l’application Amazon ou bien sur le site? Veuillez nous envoyer le lien vers la page s'il vous plaît? ^FT",693893,693894.0,"@285446 bonjour, je suis désolée par rapport à cette confusion, s'agit-il d’une erreur au niveau de l’application amazon ou bien sur le site? veuillez nous envoyer le lien vers la page s'il vous plaît? ^ft",praise,auto
909502,AmazonHelp,False,Sat Oct 21 05:52:00 +0000 2017,@336033 That's great! ^KM,,909503.0,@336033 that's great! ^km,praise,auto
2148137,AmazonHelp,False,Thu Oct 19 10:31:00 +0000 2017,"@631388 Bien que la majorité des colis sont livrés dans les délais, il peut arriver que, certains colis soient retardés. J'en suis désolée.",,2148135.0,"@631388 bien que la majorité des colis sont livrés dans les délais, il peut arriver que, certains colis soient retardés. j'en suis désolée.",praise,auto
909502,AmazonHelp,False,Sat Oct 21 05:52:00 +0000 2017,@336033 That's great! ^KM,,909503.0,@336033 that's great! ^km,praise,auto
494982,AmazonHelp,False,Fri Dec 01 17:45:32 +0000 2017,"@233040 Thank you very much for your concern regarding out packaging, Courtney! We're always looking to improve our processes and we depend on customer's like you to provide that feedback, so please use this link to help us out! https://t.co/lSVN3kb44b ^JD",,494983.0,"@233040 thank you very much for your concern regarding out packaging, courtney! we're always looking to improve our processes and we depend on customer's like you to provide that feedback, so please use this link to help us out!  ^jd",praise,auto
2148137,AmazonHelp,False,Thu Oct 19 10:31:00 +0000 2017,"@631388 Bien que la majorité des colis sont livrés dans les délais, il peut arriver que, certains colis soient retardés. J'en suis désolée.",,2148135.0,"@631388 bien que la majorité des colis sont livrés dans les délais, il peut arriver que, certains colis soient retardés. j'en suis désolée.",praise,auto
693892,AmazonHelp,False,Thu Nov 23 15:01:33 +0000 2017,"@285446 Bonjour, je suis désolée par rapport à cette confusion, s'agit-il d’une erreur au niveau de l’application Amazon ou bien sur le site? Veuillez nous envoyer le lien vers la page s'il vous plaît? ^FT",693893,693894.0,"@285446 bonjour, je suis désolée par rapport à cette confusion, s'agit-il d’une erreur au niveau de l’application amazon ou bien sur le site? veuillez nous envoyer le lien vers la page s'il vous plaît? ^ft",praise,auto
494982,AmazonHelp,False,Fri Dec 01 17:45:32 +0000 2017,"@233040 Thank you very much for your concern regarding out packaging, Courtney! We're always looking to improve our processes and we depend on customer's like you to provide that feedback, so please use this link to help us out! https://t.co/lSVN3kb44b ^JD",,494983.0,"@233040 thank you very much for your concern regarding out packaging, courtney! we're always looking to improve our processes and we depend on customer's like you to provide that feedback, so please use this link to help us out!  ^jd",praise,auto
382613,AmazonHelp,False,Mon Oct 09 10:36:22 +0000 2017,"@206703 Bonjour, oui bien sûr. Vous pouvez initier la conversation en DM 
",,,"@206703 bonjour, oui bien sûr. vous pouvez initier la conversation en dm 
",praise,auto
295848,AmazonHelp,False,Fri Oct 06 18:21:37 +0000 2017,"@186458 Thank you for the info, Jules! We'd like to know more about this from you. Reach out to us here: https://t.co/yVxxShabOy ^AL",295849,295850.0,"@186458 thank you for the info, jules! we'd like to know more about this from you. reach out to us here:  ^al",praise,auto
693892,AmazonHelp,False,Thu Nov 23 15:01:33 +0000 2017,"@285446 Bonjour, je suis désolée par rapport à cette confusion, s'agit-il d’une erreur au niveau de l’application Amazon ou bien sur le site? Veuillez nous envoyer le lien vers la page s'il vous plaît? ^FT",693893,693894.0,"@285446 bonjour, je suis désolée par rapport à cette confusion, s'agit-il d’une erreur au niveau de l’application amazon ou bien sur le site? veuillez nous envoyer le lien vers la page s'il vous plaît? ^ft",praise,auto
262554,AmazonHelp,False,Wed Oct 04 17:54:26 +0000 2017,@178543 Great! Please let us know if you need any additional help. We'd like to be updated on the outcome of your e-mail! ^KJ,262553,262555.0,@178543 great! please let us know if you need any additional help. we'd like to be updated on the outcome of your e-mail! ^kj,praise,auto
1058194,AmazonHelp,False,Fri Oct 13 05:44:00 +0000 2017,@369847 😄 I guess! Happiness is on the way to be delivered. Have a great day! ^KA,,1058195.0,@369847 😄 i guess! happiness is on the way to be delivered. have a great day! ^ka,praise,auto
382613,AmazonHelp,False,Mon Oct 09 10:36:22 +0000 2017,"@206703 Bonjour, oui bien sûr. Vous pouvez initier la conversation en DM 
",,,"@206703 bonjour, oui bien sûr. vous pouvez initier la conversation en dm 
",praise,auto
718392,AmazonHelp,False,Sat Nov 25 08:40:28 +0000 2017,"@292002 What are you planning to read this weekend? Also, Thank you indeed for keeping us inspired to do such great work. ^PS",,718390.0,"@292002 what are you planning to read this weekend? also, thank you indeed for keeping us inspired to do such great work. ^ps",praise,auto
693892,AmazonHelp,False,Thu Nov 23 15:01:33 +0000 2017,"@285446 Bonjour, je suis désolée par rapport à cette confusion, s'agit-il d’une erreur au niveau de l’application Amazon ou bien sur le site? Veuillez nous envoyer le lien vers la page s'il vous plaît? ^FT",693893,693894.0,"@285446 bonjour, je suis désolée par rapport à cette confusion, s'agit-il d’une erreur au niveau de l’application amazon ou bien sur le site? veuillez nous envoyer le lien vers la page s'il vous plaît? ^ft",praise,auto
718392,AmazonHelp,False,Sat Nov 25 08:40:28 +0000 2017,"@292002 What are you planning to read this weekend? Also, Thank you indeed for keeping us inspired to do such great work. ^PS",,718390.0,"@292002 what are you planning to read this weekend? also, thank you indeed for keeping us inspired to do such great work. ^ps",praise,auto
2148137,AmazonHelp,False,Thu Oct 19 10:31:00 +0000 2017,"@631388 Bien que la majorité des colis sont livrés dans les délais, il peut arriver que, certains colis soient retardés. J'en suis désolée.",,2148135.0,"@631388 bien que la majorité des colis sont livrés dans les délais, il peut arriver que, certains colis soient retardés. j'en suis désolée.",praise,auto
382613,AmazonHelp,False,Mon Oct 09 10:36:22 +0000 2017,"@206703 Bonjour, oui bien sûr. Vous pouvez initier la conversation en DM 
",,,"@206703 bonjour, oui bien sûr. vous pouvez initier la conversation en dm 
",praise,auto
295848,AmazonHelp,False,Fri Oct 06 18:21:37 +0000 2017,"@186458 Thank you for the info, Jules! We'd like to know more about this from you. Reach out to us here: https://t.co/yVxxShabOy ^AL",295849,295850.0,"@186458 thank you for the info, jules! we'd like to know more about this from you. reach out to us here:  ^al",praise,auto
262554,AmazonHelp,False,Wed Oct 04 17:54:26 +0000 2017,@178543 Great! Please let us know if you need any additional help. We'd like to be updated on the outcome of your e-mail! ^KJ,262553,262555.0,@178543 great! please let us know if you need any additional help. we'd like to be updated on the outcome of your e-mail! ^kj,praise,auto
319152,AmazonHelp,False,Sat Oct 07 12:31:35 +0000 2017,@192121 Thank you for keeping us posted. We'll get back to you soon. ^SK,319153,319150.0,@192121 thank you for keeping us posted. we'll get back to you soon. ^sk,praise,auto
262554,AmazonHelp,False,Wed Oct 04 17:54:26 +0000 2017,@178543 Great! Please let us know if you need any additional help. We'd like to be updated on the outcome of your e-mail! ^KJ,262553,262555.0,@178543 great! please let us know if you need any additional help. we'd like to be updated on the outcome of your e-mail! ^kj,praise,auto
494982,AmazonHelp,False,Fri Dec 01 17:45:32 +0000 2017,"@233040 Thank you very much for your concern regarding out packaging, Courtney! We're always looking to improve our processes and we depend on customer's like you to provide that feedback, so please use this link to help us out! https://t.co/lSVN3kb44b ^JD",,494983.0,"@233040 thank you very much for your concern regarding out packaging, courtney! we're always looking to improve our processes and we depend on customer's like you to provide that feedback, so please use this link to help us out!  ^jd",praise,auto
262554,AmazonHelp,False,Wed Oct 04 17:54:26 +0000 2017,@178543 Great! Please let us know if you need any additional help. We'd like to be updated on the outcome of your e-mail! ^KJ,262553,262555.0,@178543 great! please let us know if you need any additional help. we'd like to be updated on the outcome of your e-mail! ^kj,praise,auto
2378637,AmazonHelp,False,Sun Oct 29 09:13:00 +0000 2017,@679211 Thank you for sharing the details. We shall connect with you soon. ^SH,2378638,2378634.0,@679211 thank you for sharing the details. we shall connect with you soon. ^sh,praise,auto
627832,AmazonHelp,False,Wed Nov 22 16:41:31 +0000 2017,@268692 Thank you for confirming. I have searched for Fitbit health tracker on our website for you and here: https://t.co/yFIYgpiqkR is the list I found.  Kindly check. Hope it helps! ^RI,627833,627830.0,@268692 thank you for confirming. i have searched for fitbit health tracker on our website for you and here:  is the list i found.  kindly check. hope it helps! ^ri,praise,auto
319152,AmazonHelp,False,Sat Oct 07 12:31:35 +0000 2017,@192121 Thank you for keeping us posted. We'll get back to you soon. ^SK,319153,319150.0,@192121 thank you for keeping us posted. we'll get back to you soon. ^sk,praise,auto
909502,AmazonHelp,False,Sat Oct 21 05:52:00 +0000 2017,@336033 That's great! ^KM,,909503.0,@336033 that's great! ^km,praise,auto
1058194,AmazonHelp,False,Fri Oct 13 05:44:00 +0000 2017,@369847 😄 I guess! Happiness is on the way to be delivered. Have a great day! ^KA,,1058195.0,@369847 😄 i guess! happiness is on the way to be delivered. have a great day! ^ka,praise,auto
89222,AmazonHelp,False,Thu Nov 30 14:46:34 +0000 2017,@135295 Bien 😇 ^SB,,89223.0,@135295 bien 😇 ^sb,praise,auto
295848,AmazonHelp,False,Fri Oct 06 18:21:37 +0000 2017,"@186458 Thank you for the info, Jules! We'd like to know more about this from you. Reach out to us here: https://t.co/yVxxShabOy ^AL",295849,295850.0,"@186458 thank you for the info, jules! we'd like to know more about this from you. reach out to us here:  ^al",praise,auto
382613,AmazonHelp,False,Mon Oct 09 10:36:22 +0000 2017,"@206703 Bonjour, oui bien sûr. Vous pouvez initier la conversation en DM 
",,,"@206703 bonjour, oui bien sûr. vous pouvez initier la conversation en dm 
",praise,auto
627832,AmazonHelp,False,Wed Nov 22 16:41:31 +0000 2017,@268692 Thank you for confirming. I have searched for Fitbit health tracker on our website for you and here: https://t.co/yFIYgpiqkR is the list I found.  Kindly check. Hope it helps! ^RI,627833,627830.0,@268692 thank you for confirming. i have searched for fitbit health tracker on our website for you and here:  is the list i found.  kindly check. hope it helps! ^ri,praise,auto
295848,AmazonHelp,False,Fri Oct 06 18:21:37 +0000 2017,"@186458 Thank you for the info, Jules! We'd like to know more about this from you. Reach out to us here: https://t.co/yVxxShabOy ^AL",295849,295850.0,"@186458 thank you for the info, jules! we'd like to know more about this from you. reach out to us here:  ^al",praise,auto
382613,AmazonHelp,False,Mon Oct 09 10:36:22 +0000 2017,"@206703 Bonjour, oui bien sûr. Vous pouvez initier la conversation en DM 
",,,"@206703 bonjour, oui bien sûr. vous pouvez initier la conversation en dm 
",praise,auto
1058194,AmazonHelp,False,Fri Oct 13 05:44:00 +0000 2017,@369847 😄 I guess! Happiness is on the way to be delivered. Have a great day! ^KA,,1058195.0,@369847 😄 i guess! happiness is on the way to be delivered. have a great day! ^ka,praise,auto
2290058,AmazonHelp,False,Sun Nov 12 06:36:53 +0000 2017,@665261 Thank you for this suggestion! You can provide Prime Music feedback here: https://t.co/3xOLO3EcGD ^LR,2290059,2290060.0,@665261 thank you for this suggestion! you can provide prime music feedback here:  ^lr,praise,auto
2290058,AmazonHelp,False,Sun Nov 12 06:36:53 +0000 2017,@665261 Thank you for this suggestion! You can provide Prime Music feedback here: https://t.co/3xOLO3EcGD ^LR,2290059,2290060.0,@665261 thank you for this suggestion! you can provide prime music feedback here:  ^lr,praise,auto
718392,AmazonHelp,False,Sat Nov 25 08:40:28 +0000 2017,"@292002 What are you planning to read this weekend? Also, Thank you indeed for keeping us inspired to do such great work. ^PS",,718390.0,"@292002 what are you planning to read this weekend? also, thank you indeed for keeping us inspired to do such great work. ^ps",praise,auto
295848,AmazonHelp,False,Fri Oct 06 18:21:37 +0000 2017,"@186458 Thank you for the info, Jules! We'd like to know more about this from you. Reach out to us here: https://t.co/yVxxShabOy ^AL",295849,295850.0,"@186458 thank you for the info, jules! we'd like to know more about this from you. reach out to us here:  ^al",praise,auto
2290058,AmazonHelp,False,Sun Nov 12 06:36:53 +0000 2017,@665261 Thank you for this suggestion! You can provide Prime Music feedback here: https://t.co/3xOLO3EcGD ^LR,2290059,2290060.0,@665261 thank you for this suggestion! you can provide prime music feedback here:  ^lr,praise,auto
2378637,AmazonHelp,False,Sun Oct 29 09:13:00 +0000 2017,@679211 Thank you for sharing the details. We shall connect with you soon. ^SH,2378638,2378634.0,@679211 thank you for sharing the details. we shall connect with you soon. ^sh,praise,auto
319152,AmazonHelp,False,Sat Oct 07 12:31:35 +0000 2017,@192121 Thank you for keeping us posted. We'll get back to you soon. ^SK,319153,319150.0,@192121 thank you for keeping us posted. we'll get back to you soon. ^sk,praise,auto
382613,AmazonHelp,False,Mon Oct 09 10:36:22 +0000 2017,"@206703 Bonjour, oui bien sûr. Vous pouvez initier la conversation en DM 
",,,"@206703 bonjour, oui bien sûr. vous pouvez initier la conversation en dm 
",praise,auto
718392,AmazonHelp,False,Sat Nov 25 08:40:28 +0000 2017,"@292002 What are you planning to read this weekend? Also, Thank you indeed for keeping us inspired to do such great work. ^PS",,718390.0,"@292002 what are you planning to read this weekend? also, thank you indeed for keeping us inspired to do such great work. ^ps",praise,auto
262554,AmazonHelp,False,Wed Oct 04 17:54:26 +0000 2017,@178543 Great! Please let us know if you need any additional help. We'd like to be updated on the outcome of your e-mail! ^KJ,262553,262555.0,@178543 great! please let us know if you need any additional help. we'd like to be updated on the outcome of your e-mail! ^kj,praise,auto
382613,AmazonHelp,False,Mon Oct 09 10:36:22 +0000 2017,"@206703 Bonjour, oui bien sûr. Vous pouvez initier la conversation en DM 
",,,"@206703 bonjour, oui bien sûr. vous pouvez initier la conversation en dm 
",praise,auto
718392,AmazonHelp,False,Sat Nov 25 08:40:28 +0000 2017,"@292002 What are you planning to read this weekend? Also, Thank you indeed for keeping us inspired to do such great work. ^PS",,718390.0,"@292002 what are you planning to read this weekend? also, thank you indeed for keeping us inspired to do such great work. ^ps",praise,auto
1058194,AmazonHelp,False,Fri Oct 13 05:44:00 +0000 2017,@369847 😄 I guess! Happiness is on the way to be delivered. Have a great day! ^KA,,1058195.0,@369847 😄 i guess! happiness is on the way to be delivered. have a great day! ^ka,praise,auto
295848,AmazonHelp,False,Fri Oct 06 18:21:37 +0000 2017,"@186458 Thank you for the info, Jules! We'd like to know more about this from you. Reach out to us here: https://t.co/yVxxShabOy ^AL",295849,295850.0,"@186458 thank you for the info, jules! we'd like to know more about this from you. reach out to us here:  ^al",praise,auto
1058194,AmazonHelp,False,Fri Oct 13 05:44:00 +0000 2017,@369847 😄 I guess! Happiness is on the way to be delivered. Have a great day! ^KA,,1058195.0,@369847 😄 i guess! happiness is on the way to be delivered. have a great day! ^ka,praise,auto
319152,AmazonHelp,False,Sat Oct 07 12:31:35 +0000 2017,@192121 Thank you for keeping us posted. We'll get back to you soon. ^SK,319153,319150.0,@192121 thank you for keeping us posted. we'll get back to you soon. ^sk,praise,auto
2526230,AmazonHelp,False,Thu Nov 16 04:04:00 +0000 2017,"@719312 Oh no! Sorry about that, Mark! Thank you for bringing this to our attention. ^BE",,2526231.0,"@719312 oh no! sorry about that, mark! thank you for bringing this to our attention. ^be",praise,auto
319152,AmazonHelp,False,Sat Oct 07 12:31:35 +0000 2017,@192121 Thank you for keeping us posted. We'll get back to you soon. ^SK,319153,319150.0,@192121 thank you for keeping us posted. we'll get back to you soon. ^sk,praise,auto
627832,AmazonHelp,False,Wed Nov 22 16:41:31 +0000 2017,@268692 Thank you for confirming. I have searched for Fitbit health tracker on our website for you and here: https://t.co/yFIYgpiqkR is the list I found.  Kindly check. Hope it helps! ^RI,627833,627830.0,@268692 thank you for confirming. i have searched for fitbit health tracker on our website for you and here:  is the list i found.  kindly check. hope it helps! ^ri,praise,auto
1058194,AmazonHelp,False,Fri Oct 13 05:44:00 +0000 2017,@369847 😄 I guess! Happiness is on the way to be delivered. Have a great day! ^KA,,1058195.0,@369847 😄 i guess! happiness is on the way to be delivered. have a great day! ^ka,praise,auto
494982,AmazonHelp,False,Fri Dec 01 17:45:32 +0000 2017,"@233040 Thank you very much for your concern regarding out packaging, Courtney! We're always looking to improve our processes and we depend on customer's like you to provide that feedback, so please use this link to help us out! https://t.co/lSVN3kb44b ^JD",,494983.0,"@233040 thank you very much for your concern regarding out packaging, courtney! we're always looking to improve our processes and we depend on customer's like you to provide that feedback, so please use this link to help us out!  ^jd",praise,auto
262554,AmazonHelp,False,Wed Oct 04 17:54:26 +0000 2017,@178543 Great! Please let us know if you need any additional help. We'd like to be updated on the outcome of your e-mail! ^KJ,262553,262555.0,@178543 great! please let us know if you need any additional help. we'd like to be updated on the outcome of your e-mail! ^kj,praise,auto
693892,AmazonHelp,False,Thu Nov 23 15:01:33 +0000 2017,"@285446 Bonjour, je suis désolée par rapport à cette confusion, s'agit-il d’une erreur au niveau de l’application Amazon ou bien sur le site? Veuillez nous envoyer le lien vers la page s'il vous plaît? ^FT",693893,693894.0,"@285446 bonjour, je suis désolée par rapport à cette confusion, s'agit-il d’une erreur au niveau de l’application amazon ou bien sur le site? veuillez nous envoyer le lien vers la page s'il vous plaît? ^ft",praise,auto
1058194,AmazonHelp,False,Fri Oct 13 05:44:00 +0000 2017,@369847 😄 I guess! Happiness is on the way to be delivered. Have a great day! ^KA,,1058195.0,@369847 😄 i guess! happiness is on the way to be delivered. have a great day! ^ka,praise,auto
627832,AmazonHelp,False,Wed Nov 22 16:41:31 +0000 2017,@268692 Thank you for confirming. I have searched for Fitbit health tracker on our website for you and here: https://t.co/yFIYgpiqkR is the list I found.  Kindly check. Hope it helps! ^RI,627833,627830.0,@268692 thank you for confirming. i have searched for fitbit health tracker on our website for you and here:  is the list i found.  kindly check. hope it helps! ^ri,praise,auto
2148137,AmazonHelp,False,Thu Oct 19 10:31:00 +0000 2017,"@631388 Bien que la majorité des colis sont livrés dans les délais, il peut arriver que, certains colis soient retardés. J'en suis désolée.",,2148135.0,"@631388 bien que la majorité des colis sont livrés dans les délais, il peut arriver que, certains colis soient retardés. j'en suis désolée.",praise,auto
2526230,AmazonHelp,False,Thu Nov 16 04:04:00 +0000 2017,"@719312 Oh no! Sorry about that, Mark! Thank you for bringing this to our attention. ^BE",,2526231.0,"@719312 oh no! sorry about that, mark! thank you for bringing this to our attention. ^be",praise,auto
2378637,AmazonHelp,False,Sun Oct 29 09:13:00 +0000 2017,@679211 Thank you for sharing the details. We shall connect with you soon. ^SH,2378638,2378634.0,@679211 thank you for sharing the details. we shall connect with you soon. ^sh,praise,auto
382613,AmazonHelp,False,Mon Oct 09 10:36:22 +0000 2017,"@206703 Bonjour, oui bien sûr. Vous pouvez initier la conversation en DM 
",,,"@206703 bonjour, oui bien sûr. vous pouvez initier la conversation en dm 
",praise,auto
319152,AmazonHelp,False,Sat Oct 07 12:31:35 +0000 2017,@192121 Thank you for keeping us posted. We'll get back to you soon. ^SK,319153,319150.0,@192121 thank you for keeping us posted. we'll get back to you soon. ^sk,praise,auto
2148137,AmazonHelp,False,Thu Oct 19 10:31:00 +0000 2017,"@631388 Bien que la majorité des colis sont livrés dans les délais, il peut arriver que, certains colis soient retardés. J'en suis désolée.",,2148135.0,"@631388 bien que la majorité des colis sont livrés dans les délais, il peut arriver que, certains colis soient retardés. j'en suis désolée.",praise,auto
627832,AmazonHelp,False,Wed Nov 22 16:41:31 +0000 2017,@268692 Thank you for confirming. I have searched for Fitbit health tracker on our website for you and here: https://t.co/yFIYgpiqkR is the list I found.  Kindly check. Hope it helps! ^RI,627833,627830.0,@268692 thank you for confirming. i have searched for fitbit health tracker on our website for you and here:  is the list i found.  kindly check. hope it helps! ^ri,praise,auto
718392,AmazonHelp,False,Sat Nov 25 08:40:28 +0000 2017,"@292002 What are you planning to read this weekend? Also, Thank you indeed for keeping us inspired to do such great work. ^PS",,718390.0,"@292002 what are you planning to read this weekend? also, thank you indeed for keeping us inspired to do such great work. ^ps",praise,auto
693892,AmazonHelp,False,Thu Nov 23 15:01:33 +0000 2017,"@285446 Bonjour, je suis désolée par rapport à cette confusion, s'agit-il d’une erreur au niveau de l’application Amazon ou bien sur le site? Veuillez nous envoyer le lien vers la page s'il vous plaît? ^FT",693893,693894.0,"@285446 bonjour, je suis désolée par rapport à cette confusion, s'agit-il d’une erreur au niveau de l’application amazon ou bien sur le site? veuillez nous envoyer le lien vers la page s'il vous plaît? ^ft",praise,auto
262554,AmazonHelp,False,Wed Oct 04 17:54:26 +0000 2017,@178543 Great! Please let us know if you need any additional help. We'd like to be updated on the outcome of your e-mail! ^KJ,262553,262555.0,@178543 great! please let us know if you need any additional help. we'd like to be updated on the outcome of your e-mail! ^kj,praise,auto
262554,AmazonHelp,False,Wed Oct 04 17:54:26 +0000 2017,@178543 Great! Please let us know if you need any additional help. We'd like to be updated on the outcome of your e-mail! ^KJ,262553,262555.0,@178543 great! please let us know if you need any additional help. we'd like to be updated on the outcome of your e-mail! ^kj,praise,auto
262554,AmazonHelp,False,Wed Oct 04 17:54:26 +0000 2017,@178543 Great! Please let us know if you need any additional help. We'd like to be updated on the outcome of your e-mail! ^KJ,262553,262555.0,@178543 great! please let us know if you need any additional help. we'd like to be updated on the outcome of your e-mail! ^kj,praise,auto
2378637,AmazonHelp,False,Sun Oct 29 09:13:00 +0000 2017,@679211 Thank you for sharing the details. We shall connect with you soon. ^SH,2378638,2378634.0,@679211 thank you for sharing the details. we shall connect with you soon. ^sh,praise,auto
693892,AmazonHelp,False,Thu Nov 23 15:01:33 +0000 2017,"@285446 Bonjour, je suis désolée par rapport à cette confusion, s'agit-il d’une erreur au niveau de l’application Amazon ou bien sur le site? Veuillez nous envoyer le lien vers la page s'il vous plaît? ^FT",693893,693894.0,"@285446 bonjour, je suis désolée par rapport à cette confusion, s'agit-il d’une erreur au niveau de l’application amazon ou bien sur le site? veuillez nous envoyer le lien vers la page s'il vous plaît? ^ft",praise,auto
2378637,AmazonHelp,False,Sun Oct 29 09:13:00 +0000 2017,@679211 Thank you for sharing the details. We shall connect with you soon. ^SH,2378638,2378634.0,@679211 thank you for sharing the details. we shall connect with you soon. ^sh,praise,auto
319152,AmazonHelp,False,Sat Oct 07 12:31:35 +0000 2017,@192121 Thank you for keeping us posted. We'll get back to you soon. ^SK,319153,319150.0,@192121 thank you for keeping us posted. we'll get back to you soon. ^sk,praise,auto
2378637,AmazonHelp,False,Sun Oct 29 09:13:00 +0000 2017,@679211 Thank you for sharing the details. We shall connect with you soon. ^SH,2378638,2378634.0,@679211 thank you for sharing the details. we shall connect with you soon. ^sh,praise,auto
89222,AmazonHelp,False,Thu Nov 30 14:46:34 +0000 2017,@135295 Bien 😇 ^SB,,89223.0,@135295 bien 😇 ^sb,praise,auto
693892,AmazonHelp,False,Thu Nov 23 15:01:33 +0000 2017,"@285446 Bonjour, je suis désolée par rapport à cette confusion, s'agit-il d’une erreur au niveau de l’application Amazon ou bien sur le site? Veuillez nous envoyer le lien vers la page s'il vous plaît? ^FT",693893,693894.0,"@285446 bonjour, je suis désolée par rapport à cette confusion, s'agit-il d’une erreur au niveau de l’application amazon ou bien sur le site? veuillez nous envoyer le lien vers la page s'il vous plaît? ^ft",praise,auto
494982,AmazonHelp,False,Fri Dec 01 17:45:32 +0000 2017,"@233040 Thank you very much for your concern regarding out packaging, Courtney! We're always looking to improve our processes and we depend on customer's like you to provide that feedback, so please use this link to help us out! https://t.co/lSVN3kb44b ^JD",,494983.0,"@233040 thank you very much for your concern regarding out packaging, courtney! we're always looking to improve our processes and we depend on customer's like you to provide that feedback, so please use this link to help us out!  ^jd",praise,auto
693892,AmazonHelp,False,Thu Nov 23 15:01:33 +0000 2017,"@285446 Bonjour, je suis désolée par rapport à cette confusion, s'agit-il d’une erreur au niveau de l’application Amazon ou bien sur le site? Veuillez nous envoyer le lien vers la page s'il vous plaît? ^FT",693893,693894.0,"@285446 bonjour, je suis désolée par rapport à cette confusion, s'agit-il d’une erreur au niveau de l’application amazon ou bien sur le site? veuillez nous envoyer le lien vers la page s'il vous plaît? ^ft",praise,auto
627832,AmazonHelp,False,Wed Nov 22 16:41:31 +0000 2017,@268692 Thank you for confirming. I have searched for Fitbit health tracker on our website for you and here: https://t.co/yFIYgpiqkR is the list I found.  Kindly check. Hope it helps! ^RI,627833,627830.0,@268692 thank you for confirming. i have searched for fitbit health tracker on our website for you and here:  is the list i found.  kindly check. hope it helps! ^ri,praise,auto
89222,AmazonHelp,False,Thu Nov 30 14:46:34 +0000 2017,@135295 Bien 😇 ^SB,,89223.0,@135295 bien 😇 ^sb,praise,auto
262554,AmazonHelp,False,Wed Oct 04 17:54:26 +0000 2017,@178543 Great! Please let us know if you need any additional help. We'd like to be updated on the outcome of your e-mail! ^KJ,262553,262555.0,@178543 great! please let us know if you need any additional help. we'd like to be updated on the outcome of your e-mail! ^kj,praise,auto
627832,AmazonHelp,False,Wed Nov 22 16:41:31 +0000 2017,@268692 Thank you for confirming. I have searched for Fitbit health tracker on our website for you and here: https://t.co/yFIYgpiqkR is the list I found.  Kindly check. Hope it helps! ^RI,627833,627830.0,@268692 thank you for confirming. i have searched for fitbit health tracker on our website for you and here:  is the list i found.  kindly check. hope it helps! ^ri,praise,auto
627832,AmazonHelp,False,Wed Nov 22 16:41:31 +0000 2017,@268692 Thank you for confirming. I have searched for Fitbit health tracker on our website for you and here: https://t.co/yFIYgpiqkR is the list I found.  Kindly check. Hope it helps! ^RI,627833,627830.0,@268692 thank you for confirming. i have searched for fitbit health tracker on our website for you and here:  is the list i found.  kindly check. hope it helps! ^ri,praise,auto
319152,AmazonHelp,False,Sat Oct 07 12:31:35 +0000 2017,@192121 Thank you for keeping us posted. We'll get back to you soon. ^SK,319153,319150.0,@192121 thank you for keeping us posted. we'll get back to you soon. ^sk,praise,auto
2033170,AmazonHelp,False,Wed Nov 08 08:28:00 +0000 2017,"@438024 I'll second this Kimberli, great show!! ^GA",,2033171.0,"@438024 i'll second this kimberli, great show!! ^ga",praise,auto
909502,AmazonHelp,False,Sat Oct 21 05:52:00 +0000 2017,@336033 That's great! ^KM,,909503.0,@336033 that's great! ^km,praise,auto
89222,AmazonHelp,False,Thu Nov 30 14:46:34 +0000 2017,@135295 Bien 😇 ^SB,,89223.0,@135295 bien 😇 ^sb,praise,auto
627832,AmazonHelp,False,Wed Nov 22 16:41:31 +0000 2017,@268692 Thank you for confirming. I have searched for Fitbit health tracker on our website for you and here: https://t.co/yFIYgpiqkR is the list I found.  Kindly check. Hope it helps! ^RI,627833,627830.0,@268692 thank you for confirming. i have searched for fitbit health tracker on our website for you and here:  is the list i found.  kindly check. hope it helps! ^ri,praise,auto
909502,AmazonHelp,False,Sat Oct 21 05:52:00 +0000 2017,@336033 That's great! ^KM,,909503.0,@336033 that's great! ^km,praise,auto
909502,AmazonHelp,False,Sat Oct 21 05:52:00 +0000 2017,@336033 That's great! ^KM,,909503.0,@336033 that's great! ^km,praise,auto
89222,AmazonHelp,False,Thu Nov 30 14:46:34 +0000 2017,@135295 Bien 😇 ^SB,,89223.0,@135295 bien 😇 ^sb,praise,auto
2033170,AmazonHelp,False,Wed Nov 08 08:28:00 +0000 2017,"@438024 I'll second this Kimberli, great show!! ^GA",,2033171.0,"@438024 i'll second this kimberli, great show!! ^ga",praise,auto
2148137,AmazonHelp,False,Thu Oct 19 10:31:00 +0000 2017,"@631388 Bien que la majorité des colis sont livrés dans les délais, il peut arriver que, certains colis soient retardés. J'en suis désolée.",,2148135.0,"@631388 bien que la majorité des colis sont livrés dans les délais, il peut arriver que, certains colis soient retardés. j'en suis désolée.",praise,auto
718392,AmazonHelp,False,Sat Nov 25 08:40:28 +0000 2017,"@292002 What are you planning to read this weekend? Also, Thank you indeed for keeping us inspired to do such great work. ^PS",,718390.0,"@292002 what are you planning to read this weekend? also, thank you indeed for keeping us inspired to do such great work. ^ps",praise,auto
494982,AmazonHelp,False,Fri Dec 01 17:45:32 +0000 2017,"@233040 Thank you very much for your concern regarding out packaging, Courtney! We're always looking to improve our processes and we depend on customer's like you to provide that feedback, so please use this link to help us out! https://t.co/lSVN3kb44b ^JD",,494983.0,"@233040 thank you very much for your concern regarding out packaging, courtney! we're always looking to improve our processes and we depend on customer's like you to provide that feedback, so please use this link to help us out!  ^jd",praise,auto
718392,AmazonHelp,False,Sat Nov 25 08:40:28 +0000 2017,"@292002 What are you planning to read this weekend? Also, Thank you indeed for keeping us inspired to do such great work. ^PS",,718390.0,"@292002 what are you planning to read this weekend? also, thank you indeed for keeping us inspired to do such great work. ^ps",praise,auto
693892,AmazonHelp,False,Thu Nov 23 15:01:33 +0000 2017,"@285446 Bonjour, je suis désolée par rapport à cette confusion, s'agit-il d’une erreur au niveau de l’application Amazon ou bien sur le site? Veuillez nous envoyer le lien vers la page s'il vous plaît? ^FT",693893,693894.0,"@285446 bonjour, je suis désolée par rapport à cette confusion, s'agit-il d’une erreur au niveau de l’application amazon ou bien sur le site? veuillez nous envoyer le lien vers la page s'il vous plaît? ^ft",praise,auto
262554,AmazonHelp,False,Wed Oct 04 17:54:26 +0000 2017,@178543 Great! Please let us know if you need any additional help. We'd like to be updated on the outcome of your e-mail! ^KJ,262553,262555.0,@178543 great! please let us know if you need any additional help. we'd like to be updated on the outcome of your e-mail! ^kj,praise,auto
494982,AmazonHelp,False,Fri Dec 01 17:45:32 +0000 2017,"@233040 Thank you very much for your concern regarding out packaging, Courtney! We're always looking to improve our processes and we depend on customer's like you to provide that feedback, so please use this link to help us out! https://t.co/lSVN3kb44b ^JD",,494983.0,"@233040 thank you very much for your concern regarding out packaging, courtney! we're always looking to improve our processes and we depend on customer's like you to provide that feedback, so please use this link to help us out!  ^jd",praise,auto
693892,AmazonHelp,False,Thu Nov 23 15:01:33 +0000 2017,"@285446 Bonjour, je suis désolée par rapport à cette confusion, s'agit-il d’une erreur au niveau de l’application Amazon ou bien sur le site? Veuillez nous envoyer le lien vers la page s'il vous plaît? ^FT",693893,693894.0,"@285446 bonjour, je suis désolée par rapport à cette confusion, s'agit-il d’une erreur au niveau de l’application amazon ou bien sur le site? veuillez nous envoyer le lien vers la page s'il vous plaît? ^ft",praise,auto
627832,AmazonHelp,False,Wed Nov 22 16:41:31 +0000 2017,@268692 Thank you for confirming. I have searched for Fitbit health tracker on our website for you and here: https://t.co/yFIYgpiqkR is the list I found.  Kindly check. Hope it helps! ^RI,627833,627830.0,@268692 thank you for confirming. i have searched for fitbit health tracker on our website for you and here:  is the list i found.  kindly check. hope it helps! ^ri,praise,auto
262554,AmazonHelp,False,Wed Oct 04 17:54:26 +0000 2017,@178543 Great! Please let us know if you need any additional help. We'd like to be updated on the outcome of your e-mail! ^KJ,262553,262555.0,@178543 great! please let us know if you need any additional help. we'd like to be updated on the outcome of your e-mail! ^kj,praise,auto
382613,AmazonHelp,False,Mon Oct 09 10:36:22 +0000 2017,"@206703 Bonjour, oui bien sûr. Vous pouvez initier la conversation en DM 
",,,"@206703 bonjour, oui bien sûr. vous pouvez initier la conversation en dm 
",praise,auto
89222,AmazonHelp,False,Thu Nov 30 14:46:34 +0000 2017,@135295 Bien 😇 ^SB,,89223.0,@135295 bien 😇 ^sb,praise,auto
2526230,AmazonHelp,False,Thu Nov 16 04:04:00 +0000 2017,"@719312 Oh no! Sorry about that, Mark! Thank you for bringing this to our attention. ^BE",,2526231.0,"@719312 oh no! sorry about that, mark! thank you for bringing this to our attention. ^be",praise,auto
179065,AmazonHelp,False,Wed Oct 04 10:14:34 +0000 2017,@158227 The deal on the product is we have a No cost EMI option available for you. ^HN,,179066.0,@158227 the deal on the product is we have a no cost emi option available for you. ^hn,product_query,auto
2151962,AmazonHelp,False,Sun Nov 26 13:59:00 +0000 2017,@632376 The product you are referring to is available on our website. You can check it from here: https://t.co/rWPF1Sd3Pp. Keep us posted for further concerns. ^GD,2151963,2151960.0,@632376 the product you are referring to is available on our website. you can check it from here:  keep us posted for further concerns. ^gd,product_query,auto
1057943,AmazonHelp,False,Sat Oct 14 21:29:30 +0000 2017,"@369790 Hola, ¿el producto que has comprado es vendido y enviado por Amazon o por un vendedor externo? ^LG",1057944,1057945.0,"@369790 hola, ¿el producto que has comprado es vendido y enviado por amazon o por un vendedor externo? ^lg",product_query,auto
179065,AmazonHelp,False,Wed Oct 04 10:14:34 +0000 2017,@158227 The deal on the product is we have a No cost EMI option available for you. ^HN,,179066.0,@158227 the deal on the product is we have a no cost emi option available for you. ^hn,product_query,auto
181183,AmazonHelp,False,Sat Nov 25 01:20:55 +0000 2017,"@158545 Hola, lamentamos las molestias ocasionadas. Los productos, ¿son vendidos y enviados por Amazon o por un vendedor externo que utliza nuestra plataforma? ^LC",181182,181184.0,"@158545 hola, lamentamos las molestias ocasionadas. los productos, ¿son vendidos y enviados por amazon o por un vendedor externo que utliza nuestra plataforma? ^lc",product_query,auto
1057943,AmazonHelp,False,Sat Oct 14 21:29:30 +0000 2017,"@369790 Hola, ¿el producto que has comprado es vendido y enviado por Amazon o por un vendedor externo? ^LG",1057944,1057945.0,"@369790 hola, ¿el producto que has comprado es vendido y enviado por amazon o por un vendedor externo? ^lg",product_query,auto
1057943,AmazonHelp,False,Sat Oct 14 21:29:30 +0000 2017,"@369790 Hola, ¿el producto que has comprado es vendido y enviado por Amazon o por un vendedor externo? ^LG",1057944,1057945.0,"@369790 hola, ¿el producto que has comprado es vendido y enviado por amazon o por un vendedor externo? ^lg",product_query,auto
179065,AmazonHelp,False,Wed Oct 04 10:14:34 +0000 2017,@158227 The deal on the product is we have a No cost EMI option available for you. ^HN,,179066.0,@158227 the deal on the product is we have a no cost emi option available for you. ^hn,product_query,auto
504978,AmazonHelp,False,Fri Dec 01 20:51:00 +0000 2017,"@229192 Maravilhoso, Eveline 💖 Já você sabe qual livro vai ler no seu novo Kindle?
",,,"@229192 maravilhoso, eveline 💖 já você sabe qual livro vai ler no seu novo kindle?
",product_query,auto
181183,AmazonHelp,False,Sat Nov 25 01:20:55 +0000 2017,"@158545 Hola, lamentamos las molestias ocasionadas. Los productos, ¿son vendidos y enviados por Amazon o por un vendedor externo que utliza nuestra plataforma? ^LC",181182,181184.0,"@158545 hola, lamentamos las molestias ocasionadas. los productos, ¿son vendidos y enviados por amazon o por un vendedor externo que utliza nuestra plataforma? ^lc",product_query,auto
179065,AmazonHelp,False,Wed Oct 04 10:14:34 +0000 2017,@158227 The deal on the product is we have a No cost EMI option available for you. ^HN,,179066.0,@158227 the deal on the product is we have a no cost emi option available for you. ^hn,product_query,auto
181183,AmazonHelp,False,Sat Nov 25 01:20:55 +0000 2017,"@158545 Hola, lamentamos las molestias ocasionadas. Los productos, ¿son vendidos y enviados por Amazon o por un vendedor externo que utliza nuestra plataforma? ^LC",181182,181184.0,"@158545 hola, lamentamos las molestias ocasionadas. los productos, ¿son vendidos y enviados por amazon o por un vendedor externo que utliza nuestra plataforma? ^lc",product_query,auto
181183,AmazonHelp,False,Sat Nov 25 01:20:55 +0000 2017,"@158545 Hola, lamentamos las molestias ocasionadas. Los productos, ¿son vendidos y enviados por Amazon o por un vendedor externo que utliza nuestra plataforma? ^LC",181182,181184.0,"@158545 hola, lamentamos las molestias ocasionadas. los productos, ¿son vendidos y enviados por amazon o por un vendedor externo que utliza nuestra plataforma? ^lc",product_query,auto
1057943,AmazonHelp,False,Sat Oct 14 21:29:30 +0000 2017,"@369790 Hola, ¿el producto que has comprado es vendido y enviado por Amazon o por un vendedor externo? ^LG",1057944,1057945.0,"@369790 hola, ¿el producto que has comprado es vendido y enviado por amazon o por un vendedor externo? ^lg",product_query,auto
2151962,AmazonHelp,False,Sun Nov 26 13:59:00 +0000 2017,@632376 The product you are referring to is available on our website. You can check it from here: https://t.co/rWPF1Sd3Pp. Keep us posted for further concerns. ^GD,2151963,2151960.0,@632376 the product you are referring to is available on our website. you can check it from here:  keep us posted for further concerns. ^gd,product_query,auto
181183,AmazonHelp,False,Sat Nov 25 01:20:55 +0000 2017,"@158545 Hola, lamentamos las molestias ocasionadas. Los productos, ¿son vendidos y enviados por Amazon o por un vendedor externo que utliza nuestra plataforma? ^LC",181182,181184.0,"@158545 hola, lamentamos las molestias ocasionadas. los productos, ¿son vendidos y enviados por amazon o por un vendedor externo que utliza nuestra plataforma? ^lc",product_query,auto
2297736,AmazonHelp,False,Sun Nov 12 14:06:54 +0000 2017,"@667017 Pricing and offers are decision of the sellers. The constantly changing marketplace and our efforts to offer you the lowest price, may result in fluctuations in our prices over time. Kindly refer: https://t.co/Uzuktn87Iu for more information. ^MO",,2297737.0,"@667017 pricing and offers are decision of the sellers. the constantly changing marketplace and our efforts to offer you the lowest price, may result in fluctuations in our prices over time. kindly refer:  for more information. ^mo",product_query,auto
1057943,AmazonHelp,False,Sat Oct 14 21:29:30 +0000 2017,"@369790 Hola, ¿el producto que has comprado es vendido y enviado por Amazon o por un vendedor externo? ^LG",1057944,1057945.0,"@369790 hola, ¿el producto que has comprado es vendido y enviado por amazon o por un vendedor externo? ^lg",product_query,auto
504978,AmazonHelp,False,Fri Dec 01 20:51:00 +0000 2017,"@229192 Maravilhoso, Eveline 💖 Já você sabe qual livro vai ler no seu novo Kindle?
",,,"@229192 maravilhoso, eveline 💖 já você sabe qual livro vai ler no seu novo kindle?
",product_query,auto
2151962,AmazonHelp,False,Sun Nov 26 13:59:00 +0000 2017,@632376 The product you are referring to is available on our website. You can check it from here: https://t.co/rWPF1Sd3Pp. Keep us posted for further concerns. ^GD,2151963,2151960.0,@632376 the product you are referring to is available on our website. you can check it from here:  keep us posted for further concerns. ^gd,product_query,auto
2297736,AmazonHelp,False,Sun Nov 12 14:06:54 +0000 2017,"@667017 Pricing and offers are decision of the sellers. The constantly changing marketplace and our efforts to offer you the lowest price, may result in fluctuations in our prices over time. Kindly refer: https://t.co/Uzuktn87Iu for more information. ^MO",,2297737.0,"@667017 pricing and offers are decision of the sellers. the constantly changing marketplace and our efforts to offer you the lowest price, may result in fluctuations in our prices over time. kindly refer:  for more information. ^mo",product_query,auto
2297736,AmazonHelp,False,Sun Nov 12 14:06:54 +0000 2017,"@667017 Pricing and offers are decision of the sellers. The constantly changing marketplace and our efforts to offer you the lowest price, may result in fluctuations in our prices over time. Kindly refer: https://t.co/Uzuktn87Iu for more information. ^MO",,2297737.0,"@667017 pricing and offers are decision of the sellers. the constantly changing marketplace and our efforts to offer you the lowest price, may result in fluctuations in our prices over time. kindly refer:  for more information. ^mo",product_query,auto
504978,AmazonHelp,False,Fri Dec 01 20:51:00 +0000 2017,"@229192 Maravilhoso, Eveline 💖 Já você sabe qual livro vai ler no seu novo Kindle?
",,,"@229192 maravilhoso, eveline 💖 já você sabe qual livro vai ler no seu novo kindle?
",product_query,auto
2151962,AmazonHelp,False,Sun Nov 26 13:59:00 +0000 2017,@632376 The product you are referring to is available on our website. You can check it from here: https://t.co/rWPF1Sd3Pp. Keep us posted for further concerns. ^GD,2151963,2151960.0,@632376 the product you are referring to is available on our website. you can check it from here:  keep us posted for further concerns. ^gd,product_query,auto
1057943,AmazonHelp,False,Sat Oct 14 21:29:30 +0000 2017,"@369790 Hola, ¿el producto que has comprado es vendido y enviado por Amazon o por un vendedor externo? ^LG",1057944,1057945.0,"@369790 hola, ¿el producto que has comprado es vendido y enviado por amazon o por un vendedor externo? ^lg",product_query,auto
828327,AmazonHelp,False,Fri Oct 13 03:06:31 +0000 2017,"""@317330 about a lower price"""" link in the Product Details section of any product page. 2/2 ^SH""","828328,828329",828330.0,"""@317330 about a lower price"""" link in the product details section of any product page. 2/2 ^sh""",product_query,auto
2151962,AmazonHelp,False,Sun Nov 26 13:59:00 +0000 2017,@632376 The product you are referring to is available on our website. You can check it from here: https://t.co/rWPF1Sd3Pp. Keep us posted for further concerns. ^GD,2151963,2151960.0,@632376 the product you are referring to is available on our website. you can check it from here:  keep us posted for further concerns. ^gd,product_query,auto
504978,AmazonHelp,False,Fri Dec 01 20:51:00 +0000 2017,"@229192 Maravilhoso, Eveline 💖 Já você sabe qual livro vai ler no seu novo Kindle?
",,,"@229192 maravilhoso, eveline 💖 já você sabe qual livro vai ler no seu novo kindle?
",product_query,auto
2297736,AmazonHelp,False,Sun Nov 12 14:06:54 +0000 2017,"@667017 Pricing and offers are decision of the sellers. The constantly changing marketplace and our efforts to offer you the lowest price, may result in fluctuations in our prices over time. Kindly refer: https://t.co/Uzuktn87Iu for more information. ^MO",,2297737.0,"@667017 pricing and offers are decision of the sellers. the constantly changing marketplace and our efforts to offer you the lowest price, may result in fluctuations in our prices over time. kindly refer:  for more information. ^mo",product_query,auto
1057943,AmazonHelp,False,Sat Oct 14 21:29:30 +0000 2017,"@369790 Hola, ¿el producto que has comprado es vendido y enviado por Amazon o por un vendedor externo? ^LG",1057944,1057945.0,"@369790 hola, ¿el producto que has comprado es vendido y enviado por amazon o por un vendedor externo? ^lg",product_query,auto
2151962,AmazonHelp,False,Sun Nov 26 13:59:00 +0000 2017,@632376 The product you are referring to is available on our website. You can check it from here: https://t.co/rWPF1Sd3Pp. Keep us posted for further concerns. ^GD,2151963,2151960.0,@632376 the product you are referring to is available on our website. you can check it from here:  keep us posted for further concerns. ^gd,product_query,auto
828327,AmazonHelp,False,Fri Oct 13 03:06:31 +0000 2017,"""@317330 about a lower price"""" link in the Product Details section of any product page. 2/2 ^SH""","828328,828329",828330.0,"""@317330 about a lower price"""" link in the product details section of any product page. 2/2 ^sh""",product_query,auto
828327,AmazonHelp,False,Fri Oct 13 03:06:31 +0000 2017,"""@317330 about a lower price"""" link in the Product Details section of any product page. 2/2 ^SH""","828328,828329",828330.0,"""@317330 about a lower price"""" link in the product details section of any product page. 2/2 ^sh""",product_query,auto
181183,AmazonHelp,False,Sat Nov 25 01:20:55 +0000 2017,"@158545 Hola, lamentamos las molestias ocasionadas. Los productos, ¿son vendidos y enviados por Amazon o por un vendedor externo que utliza nuestra plataforma? ^LC",181182,181184.0,"@158545 hola, lamentamos las molestias ocasionadas. los productos, ¿son vendidos y enviados por amazon o por un vendedor externo que utliza nuestra plataforma? ^lc",product_query,auto
181183,AmazonHelp,False,Sat Nov 25 01:20:55 +0000 2017,"@158545 Hola, lamentamos las molestias ocasionadas. Los productos, ¿son vendidos y enviados por Amazon o por un vendedor externo que utliza nuestra plataforma? ^LC",181182,181184.0,"@158545 hola, lamentamos las molestias ocasionadas. los productos, ¿son vendidos y enviados por amazon o por un vendedor externo que utliza nuestra plataforma? ^lc",product_query,auto
179065,AmazonHelp,False,Wed Oct 04 10:14:34 +0000 2017,@158227 The deal on the product is we have a No cost EMI option available for you. ^HN,,179066.0,@158227 the deal on the product is we have a no cost emi option available for you. ^hn,product_query,auto
504978,AmazonHelp,False,Fri Dec 01 20:51:00 +0000 2017,"@229192 Maravilhoso, Eveline 💖 Já você sabe qual livro vai ler no seu novo Kindle?
",,,"@229192 maravilhoso, eveline 💖 já você sabe qual livro vai ler no seu novo kindle?
",product_query,auto
2151962,AmazonHelp,False,Sun Nov 26 13:59:00 +0000 2017,@632376 The product you are referring to is available on our website. You can check it from here: https://t.co/rWPF1Sd3Pp. Keep us posted for further concerns. ^GD,2151963,2151960.0,@632376 the product you are referring to is available on our website. you can check it from here:  keep us posted for further concerns. ^gd,product_query,auto
2151962,AmazonHelp,False,Sun Nov 26 13:59:00 +0000 2017,@632376 The product you are referring to is available on our website. You can check it from here: https://t.co/rWPF1Sd3Pp. Keep us posted for further concerns. ^GD,2151963,2151960.0,@632376 the product you are referring to is available on our website. you can check it from here:  keep us posted for further concerns. ^gd,product_query,auto
179065,AmazonHelp,False,Wed Oct 04 10:14:34 +0000 2017,@158227 The deal on the product is we have a No cost EMI option available for you. ^HN,,179066.0,@158227 the deal on the product is we have a no cost emi option available for you. ^hn,product_query,auto
2297736,AmazonHelp,False,Sun Nov 12 14:06:54 +0000 2017,"@667017 Pricing and offers are decision of the sellers. The constantly changing marketplace and our efforts to offer you the lowest price, may result in fluctuations in our prices over time. Kindly refer: https://t.co/Uzuktn87Iu for more information. ^MO",,2297737.0,"@667017 pricing and offers are decision of the sellers. the constantly changing marketplace and our efforts to offer you the lowest price, may result in fluctuations in our prices over time. kindly refer:  for more information. ^mo",product_query,auto
2297736,AmazonHelp,False,Sun Nov 12 14:06:54 +0000 2017,"@667017 Pricing and offers are decision of the sellers. The constantly changing marketplace and our efforts to offer you the lowest price, may result in fluctuations in our prices over time. Kindly refer: https://t.co/Uzuktn87Iu for more information. ^MO",,2297737.0,"@667017 pricing and offers are decision of the sellers. the constantly changing marketplace and our efforts to offer you the lowest price, may result in fluctuations in our prices over time. kindly refer:  for more information. ^mo",product_query,auto
179065,AmazonHelp,False,Wed Oct 04 10:14:34 +0000 2017,@158227 The deal on the product is we have a No cost EMI option available for you. ^HN,,179066.0,@158227 the deal on the product is we have a no cost emi option available for you. ^hn,product_query,auto
2297736,AmazonHelp,False,Sun Nov 12 14:06:54 +0000 2017,"@667017 Pricing and offers are decision of the sellers. The constantly changing marketplace and our efforts to offer you the lowest price, may result in fluctuations in our prices over time. Kindly refer: https://t.co/Uzuktn87Iu for more information. ^MO",,2297737.0,"@667017 pricing and offers are decision of the sellers. the constantly changing marketplace and our efforts to offer you the lowest price, may result in fluctuations in our prices over time. kindly refer:  for more information. ^mo",product_query,auto
181183,AmazonHelp,False,Sat Nov 25 01:20:55 +0000 2017,"@158545 Hola, lamentamos las molestias ocasionadas. Los productos, ¿son vendidos y enviados por Amazon o por un vendedor externo que utliza nuestra plataforma? ^LC",181182,181184.0,"@158545 hola, lamentamos las molestias ocasionadas. los productos, ¿son vendidos y enviados por amazon o por un vendedor externo que utliza nuestra plataforma? ^lc",product_query,auto
2151962,AmazonHelp,False,Sun Nov 26 13:59:00 +0000 2017,@632376 The product you are referring to is available on our website. You can check it from here: https://t.co/rWPF1Sd3Pp. Keep us posted for further concerns. ^GD,2151963,2151960.0,@632376 the product you are referring to is available on our website. you can check it from here:  keep us posted for further concerns. ^gd,product_query,auto
179065,AmazonHelp,False,Wed Oct 04 10:14:34 +0000 2017,@158227 The deal on the product is we have a No cost EMI option available for you. ^HN,,179066.0,@158227 the deal on the product is we have a no cost emi option available for you. ^hn,product_query,auto
2151962,AmazonHelp,False,Sun Nov 26 13:59:00 +0000 2017,@632376 The product you are referring to is available on our website. You can check it from here: https://t.co/rWPF1Sd3Pp. Keep us posted for further concerns. ^GD,2151963,2151960.0,@632376 the product you are referring to is available on our website. you can check it from here:  keep us posted for further concerns. ^gd,product_query,auto
828327,AmazonHelp,False,Fri Oct 13 03:06:31 +0000 2017,"""@317330 about a lower price"""" link in the Product Details section of any product page. 2/2 ^SH""","828328,828329",828330.0,"""@317330 about a lower price"""" link in the product details section of any product page. 2/2 ^sh""",product_query,auto
181183,AmazonHelp,False,Sat Nov 25 01:20:55 +0000 2017,"@158545 Hola, lamentamos las molestias ocasionadas. Los productos, ¿son vendidos y enviados por Amazon o por un vendedor externo que utliza nuestra plataforma? ^LC",181182,181184.0,"@158545 hola, lamentamos las molestias ocasionadas. los productos, ¿son vendidos y enviados por amazon o por un vendedor externo que utliza nuestra plataforma? ^lc",product_query,auto
1057943,AmazonHelp,False,Sat Oct 14 21:29:30 +0000 2017,"@369790 Hola, ¿el producto que has comprado es vendido y enviado por Amazon o por un vendedor externo? ^LG",1057944,1057945.0,"@369790 hola, ¿el producto que has comprado es vendido y enviado por amazon o por un vendedor externo? ^lg",product_query,auto
181183,AmazonHelp,False,Sat Nov 25 01:20:55 +0000 2017,"@158545 Hola, lamentamos las molestias ocasionadas. Los productos, ¿son vendidos y enviados por Amazon o por un vendedor externo que utliza nuestra plataforma? ^LC",181182,181184.0,"@158545 hola, lamentamos las molestias ocasionadas. los productos, ¿son vendidos y enviados por amazon o por un vendedor externo que utliza nuestra plataforma? ^lc",product_query,auto
179065,AmazonHelp,False,Wed Oct 04 10:14:34 +0000 2017,@158227 The deal on the product is we have a No cost EMI option available for you. ^HN,,179066.0,@158227 the deal on the product is we have a no cost emi option available for you. ^hn,product_query,auto
1057943,AmazonHelp,False,Sat Oct 14 21:29:30 +0000 2017,"@369790 Hola, ¿el producto que has comprado es vendido y enviado por Amazon o por un vendedor externo? ^LG",1057944,1057945.0,"@369790 hola, ¿el producto que has comprado es vendido y enviado por amazon o por un vendedor externo? ^lg",product_query,auto
828327,AmazonHelp,False,Fri Oct 13 03:06:31 +0000 2017,"""@317330 about a lower price"""" link in the Product Details section of any product page. 2/2 ^SH""","828328,828329",828330.0,"""@317330 about a lower price"""" link in the product details section of any product page. 2/2 ^sh""",product_query,auto
179065,AmazonHelp,False,Wed Oct 04 10:14:34 +0000 2017,@158227 The deal on the product is we have a No cost EMI option available for you. ^HN,,179066.0,@158227 the deal on the product is we have a no cost emi option available for you. ^hn,product_query,auto
504978,AmazonHelp,False,Fri Dec 01 20:51:00 +0000 2017,"@229192 Maravilhoso, Eveline 💖 Já você sabe qual livro vai ler no seu novo Kindle?
",,,"@229192 maravilhoso, eveline 💖 já você sabe qual livro vai ler no seu novo kindle?
",product_query,auto
2151962,AmazonHelp,False,Sun Nov 26 13:59:00 +0000 2017,@632376 The product you are referring to is available on our website. You can check it from here: https://t.co/rWPF1Sd3Pp. Keep us posted for further concerns. ^GD,2151963,2151960.0,@632376 the product you are referring to is available on our website. you can check it from here:  keep us posted for further concerns. ^gd,product_query,auto
828327,AmazonHelp,False,Fri Oct 13 03:06:31 +0000 2017,"""@317330 about a lower price"""" link in the Product Details section of any product page. 2/2 ^SH""","828328,828329",828330.0,"""@317330 about a lower price"""" link in the product details section of any product page. 2/2 ^sh""",product_query,auto
2151962,AmazonHelp,False,Sun Nov 26 13:59:00 +0000 2017,@632376 The product you are referring to is available on our website. You can check it from here: https://t.co/rWPF1Sd3Pp. Keep us posted for further concerns. ^GD,2151963,2151960.0,@632376 the product you are referring to is available on our website. you can check it from here:  keep us posted for further concerns. ^gd,product_query,auto
2297736,AmazonHelp,False,Sun Nov 12 14:06:54 +0000 2017,"@667017 Pricing and offers are decision of the sellers. The constantly changing marketplace and our efforts to offer you the lowest price, may result in fluctuations in our prices over time. Kindly refer: https://t.co/Uzuktn87Iu for more information. ^MO",,2297737.0,"@667017 pricing and offers are decision of the sellers. the constantly changing marketplace and our efforts to offer you the lowest price, may result in fluctuations in our prices over time. kindly refer:  for more information. ^mo",product_query,auto
504978,AmazonHelp,False,Fri Dec 01 20:51:00 +0000 2017,"@229192 Maravilhoso, Eveline 💖 Já você sabe qual livro vai ler no seu novo Kindle?
",,,"@229192 maravilhoso, eveline 💖 já você sabe qual livro vai ler no seu novo kindle?
",product_query,auto
504978,AmazonHelp,False,Fri Dec 01 20:51:00 +0000 2017,"@229192 Maravilhoso, Eveline 💖 Já você sabe qual livro vai ler no seu novo Kindle?
",,,"@229192 maravilhoso, eveline 💖 já você sabe qual livro vai ler no seu novo kindle?
",product_query,auto
828327,AmazonHelp,False,Fri Oct 13 03:06:31 +0000 2017,"""@317330 about a lower price"""" link in the Product Details section of any product page. 2/2 ^SH""","828328,828329",828330.0,"""@317330 about a lower price"""" link in the product details section of any product page. 2/2 ^sh""",product_query,auto
504978,AmazonHelp,False,Fri Dec 01 20:51:00 +0000 2017,"@229192 Maravilhoso, Eveline 💖 Já você sabe qual livro vai ler no seu novo Kindle?
",,,"@229192 maravilhoso, eveline 💖 já você sabe qual livro vai ler no seu novo kindle?
",product_query,auto
1057943,AmazonHelp,False,Sat Oct 14 21:29:30 +0000 2017,"@369790 Hola, ¿el producto que has comprado es vendido y enviado por Amazon o por un vendedor externo? ^LG",1057944,1057945.0,"@369790 hola, ¿el producto que has comprado es vendido y enviado por amazon o por un vendedor externo? ^lg",product_query,auto
504978,AmazonHelp,False,Fri Dec 01 20:51:00 +0000 2017,"@229192 Maravilhoso, Eveline 💖 Já você sabe qual livro vai ler no seu novo Kindle?
",,,"@229192 maravilhoso, eveline 💖 já você sabe qual livro vai ler no seu novo kindle?
",product_query,auto
2151962,AmazonHelp,False,Sun Nov 26 13:59:00 +0000 2017,@632376 The product you are referring to is available on our website. You can check it from here: https://t.co/rWPF1Sd3Pp. Keep us posted for further concerns. ^GD,2151963,2151960.0,@632376 the product you are referring to is available on our website. you can check it from here:  keep us posted for further concerns. ^gd,product_query,auto
2151962,AmazonHelp,False,Sun Nov 26 13:59:00 +0000 2017,@632376 The product you are referring to is available on our website. You can check it from here: https://t.co/rWPF1Sd3Pp. Keep us posted for further concerns. ^GD,2151963,2151960.0,@632376 the product you are referring to is available on our website. you can check it from here:  keep us posted for further concerns. ^gd,product_query,auto
179065,AmazonHelp,False,Wed Oct 04 10:14:34 +0000 2017,@158227 The deal on the product is we have a No cost EMI option available for you. ^HN,,179066.0,@158227 the deal on the product is we have a no cost emi option available for you. ^hn,product_query,auto
2151962,AmazonHelp,False,Sun Nov 26 13:59:00 +0000 2017,@632376 The product you are referring to is available on our website. You can check it from here: https://t.co/rWPF1Sd3Pp. Keep us posted for further concerns. ^GD,2151963,2151960.0,@632376 the product you are referring to is available on our website. you can check it from here:  keep us posted for further concerns. ^gd,product_query,auto
179065,AmazonHelp,False,Wed Oct 04 10:14:34 +0000 2017,@158227 The deal on the product is we have a No cost EMI option available for you. ^HN,,179066.0,@158227 the deal on the product is we have a no cost emi option available for you. ^hn,product_query,auto
2151962,AmazonHelp,False,Sun Nov 26 13:59:00 +0000 2017,@632376 The product you are referring to is available on our website. You can check it from here: https://t.co/rWPF1Sd3Pp. Keep us posted for further concerns. ^GD,2151963,2151960.0,@632376 the product you are referring to is available on our website. you can check it from here:  keep us posted for further concerns. ^gd,product_query,auto
1057943,AmazonHelp,False,Sat Oct 14 21:29:30 +0000 2017,"@369790 Hola, ¿el producto que has comprado es vendido y enviado por Amazon o por un vendedor externo? ^LG",1057944,1057945.0,"@369790 hola, ¿el producto que has comprado es vendido y enviado por amazon o por un vendedor externo? ^lg",product_query,auto
179065,AmazonHelp,False,Wed Oct 04 10:14:34 +0000 2017,@158227 The deal on the product is we have a No cost EMI option available for you. ^HN,,179066.0,@158227 the deal on the product is we have a no cost emi option available for you. ^hn,product_query,auto
181183,AmazonHelp,False,Sat Nov 25 01:20:55 +0000 2017,"@158545 Hola, lamentamos las molestias ocasionadas. Los productos, ¿son vendidos y enviados por Amazon o por un vendedor externo que utliza nuestra plataforma? ^LC",181182,181184.0,"@158545 hola, lamentamos las molestias ocasionadas. los productos, ¿son vendidos y enviados por amazon o por un vendedor externo que utliza nuestra plataforma? ^lc",product_query,auto
2297736,AmazonHelp,False,Sun Nov 12 14:06:54 +0000 2017,"@667017 Pricing and offers are decision of the sellers. The constantly changing marketplace and our efforts to offer you the lowest price, may result in fluctuations in our prices over time. Kindly refer: https://t.co/Uzuktn87Iu for more information. ^MO",,2297737.0,"@667017 pricing and offers are decision of the sellers. the constantly changing marketplace and our efforts to offer you the lowest price, may result in fluctuations in our prices over time. kindly refer:  for more information. ^mo",product_query,auto
828327,AmazonHelp,False,Fri Oct 13 03:06:31 +0000 2017,"""@317330 about a lower price"""" link in the Product Details section of any product page. 2/2 ^SH""","828328,828329",828330.0,"""@317330 about a lower price"""" link in the product details section of any product page. 2/2 ^sh""",product_query,auto
2151962,AmazonHelp,False,Sun Nov 26 13:59:00 +0000 2017,@632376 The product you are referring to is available on our website. You can check it from here: https://t.co/rWPF1Sd3Pp. Keep us posted for further concerns. ^GD,2151963,2151960.0,@632376 the product you are referring to is available on our website. you can check it from here:  keep us posted for further concerns. ^gd,product_query,auto
504978,AmazonHelp,False,Fri Dec 01 20:51:00 +0000 2017,"@229192 Maravilhoso, Eveline 💖 Já você sabe qual livro vai ler no seu novo Kindle?
",,,"@229192 maravilhoso, eveline 💖 já você sabe qual livro vai ler no seu novo kindle?
",product_query,auto
2151962,AmazonHelp,False,Sun Nov 26 13:59:00 +0000 2017,@632376 The product you are referring to is available on our website. You can check it from here: https://t.co/rWPF1Sd3Pp. Keep us posted for further concerns. ^GD,2151963,2151960.0,@632376 the product you are referring to is available on our website. you can check it from here:  keep us posted for further concerns. ^gd,product_query,auto
504978,AmazonHelp,False,Fri Dec 01 20:51:00 +0000 2017,"@229192 Maravilhoso, Eveline 💖 Já você sabe qual livro vai ler no seu novo Kindle?
",,,"@229192 maravilhoso, eveline 💖 já você sabe qual livro vai ler no seu novo kindle?
",product_query,auto
2297736,AmazonHelp,False,Sun Nov 12 14:06:54 +0000 2017,"@667017 Pricing and offers are decision of the sellers. The constantly changing marketplace and our efforts to offer you the lowest price, may result in fluctuations in our prices over time. Kindly refer: https://t.co/Uzuktn87Iu for more information. ^MO",,2297737.0,"@667017 pricing and offers are decision of the sellers. the constantly changing marketplace and our efforts to offer you the lowest price, may result in fluctuations in our prices over time. kindly refer:  for more information. ^mo",product_query,auto
2297736,AmazonHelp,False,Sun Nov 12 14:06:54 +0000 2017,"@667017 Pricing and offers are decision of the sellers. The constantly changing marketplace and our efforts to offer you the lowest price, may result in fluctuations in our prices over time. Kindly refer: https://t.co/Uzuktn87Iu for more information. ^MO",,2297737.0,"@667017 pricing and offers are decision of the sellers. the constantly changing marketplace and our efforts to offer you the lowest price, may result in fluctuations in our prices over time. kindly refer:  for more information. ^mo",product_query,auto
2297736,AmazonHelp,False,Sun Nov 12 14:06:54 +0000 2017,"@667017 Pricing and offers are decision of the sellers. The constantly changing marketplace and our efforts to offer you the lowest price, may result in fluctuations in our prices over time. Kindly refer: https://t.co/Uzuktn87Iu for more information. ^MO",,2297737.0,"@667017 pricing and offers are decision of the sellers. the constantly changing marketplace and our efforts to offer you the lowest price, may result in fluctuations in our prices over time. kindly refer:  for more information. ^mo",product_query,auto
504978,AmazonHelp,False,Fri Dec 01 20:51:00 +0000 2017,"@229192 Maravilhoso, Eveline 💖 Já você sabe qual livro vai ler no seu novo Kindle?
",,,"@229192 maravilhoso, eveline 💖 já você sabe qual livro vai ler no seu novo kindle?
",product_query,auto
2151962,AmazonHelp,False,Sun Nov 26 13:59:00 +0000 2017,@632376 The product you are referring to is available on our website. You can check it from here: https://t.co/rWPF1Sd3Pp. Keep us posted for further concerns. ^GD,2151963,2151960.0,@632376 the product you are referring to is available on our website. you can check it from here:  keep us posted for further concerns. ^gd,product_query,auto
2297736,AmazonHelp,False,Sun Nov 12 14:06:54 +0000 2017,"@667017 Pricing and offers are decision of the sellers. The constantly changing marketplace and our efforts to offer you the lowest price, may result in fluctuations in our prices over time. Kindly refer: https://t.co/Uzuktn87Iu for more information. ^MO",,2297737.0,"@667017 pricing and offers are decision of the sellers. the constantly changing marketplace and our efforts to offer you the lowest price, may result in fluctuations in our prices over time. kindly refer:  for more information. ^mo",product_query,auto
1057943,AmazonHelp,False,Sat Oct 14 21:29:30 +0000 2017,"@369790 Hola, ¿el producto que has comprado es vendido y enviado por Amazon o por un vendedor externo? ^LG",1057944,1057945.0,"@369790 hola, ¿el producto que has comprado es vendido y enviado por amazon o por un vendedor externo? ^lg",product_query,auto
179065,AmazonHelp,False,Wed Oct 04 10:14:34 +0000 2017,@158227 The deal on the product is we have a No cost EMI option available for you. ^HN,,179066.0,@158227 the deal on the product is we have a no cost emi option available for you. ^hn,product_query,auto
504978,AmazonHelp,False,Fri Dec 01 20:51:00 +0000 2017,"@229192 Maravilhoso, Eveline 💖 Já você sabe qual livro vai ler no seu novo Kindle?
",,,"@229192 maravilhoso, eveline 💖 já você sabe qual livro vai ler no seu novo kindle?
",product_query,auto
504978,AmazonHelp,False,Fri Dec 01 20:51:00 +0000 2017,"@229192 Maravilhoso, Eveline 💖 Já você sabe qual livro vai ler no seu novo Kindle?
",,,"@229192 maravilhoso, eveline 💖 já você sabe qual livro vai ler no seu novo kindle?
",product_query,auto
2151962,AmazonHelp,False,Sun Nov 26 13:59:00 +0000 2017,@632376 The product you are referring to is available on our website. You can check it from here: https://t.co/rWPF1Sd3Pp. Keep us posted for further concerns. ^GD,2151963,2151960.0,@632376 the product you are referring to is available on our website. you can check it from here:  keep us posted for further concerns. ^gd,product_query,auto
504978,AmazonHelp,False,Fri Dec 01 20:51:00 +0000 2017,"@229192 Maravilhoso, Eveline 💖 Já você sabe qual livro vai ler no seu novo Kindle?
",,,"@229192 maravilhoso, eveline 💖 já você sabe qual livro vai ler no seu novo kindle?
",product_query,auto
504978,AmazonHelp,False,Fri Dec 01 20:51:00 +0000 2017,"@229192 Maravilhoso, Eveline 💖 Já você sabe qual livro vai ler no seu novo Kindle?
",,,"@229192 maravilhoso, eveline 💖 já você sabe qual livro vai ler no seu novo kindle?
",product_query,auto
2297736,AmazonHelp,False,Sun Nov 12 14:06:54 +0000 2017,"@667017 Pricing and offers are decision of the sellers. The constantly changing marketplace and our efforts to offer you the lowest price, may result in fluctuations in our prices over time. Kindly refer: https://t.co/Uzuktn87Iu for more information. ^MO",,2297737.0,"@667017 pricing and offers are decision of the sellers. the constantly changing marketplace and our efforts to offer you the lowest price, may result in fluctuations in our prices over time. kindly refer:  for more information. ^mo",product_query,auto
2151962,AmazonHelp,False,Sun Nov 26 13:59:00 +0000 2017,@632376 The product you are referring to is available on our website. You can check it from here: https://t.co/rWPF1Sd3Pp. Keep us posted for further concerns. ^GD,2151963,2151960.0,@632376 the product you are referring to is available on our website. you can check it from here:  keep us posted for further concerns. ^gd,product_query,auto
2297736,AmazonHelp,False,Sun Nov 12 14:06:54 +0000 2017,"@667017 Pricing and offers are decision of the sellers. The constantly changing marketplace and our efforts to offer you the lowest price, may result in fluctuations in our prices over time. Kindly refer: https://t.co/Uzuktn87Iu for more information. ^MO",,2297737.0,"@667017 pricing and offers are decision of the sellers. the constantly changing marketplace and our efforts to offer you the lowest price, may result in fluctuations in our prices over time. kindly refer:  for more information. ^mo",product_query,auto
179065,AmazonHelp,False,Wed Oct 04 10:14:34 +0000 2017,@158227 The deal on the product is we have a No cost EMI option available for you. ^HN,,179066.0,@158227 the deal on the product is we have a no cost emi option available for you. ^hn,product_query,auto
179065,AmazonHelp,False,Wed Oct 04 10:14:34 +0000 2017,@158227 The deal on the product is we have a No cost EMI option available for you. ^HN,,179066.0,@158227 the deal on the product is we have a no cost emi option available for you. ^hn,product_query,auto
2297736,AmazonHelp,False,Sun Nov 12 14:06:54 +0000 2017,"@667017 Pricing and offers are decision of the sellers. The constantly changing marketplace and our efforts to offer you the lowest price, may result in fluctuations in our prices over time. Kindly refer: https://t.co/Uzuktn87Iu for more information. ^MO",,2297737.0,"@667017 pricing and offers are decision of the sellers. the constantly changing marketplace and our efforts to offer you the lowest price, may result in fluctuations in our prices over time. kindly refer:  for more information. ^mo",product_query,auto
179065,AmazonHelp,False,Wed Oct 04 10:14:34 +0000 2017,@158227 The deal on the product is we have a No cost EMI option available for you. ^HN,,179066.0,@158227 the deal on the product is we have a no cost emi option available for you. ^hn,product_query,auto
2151962,AmazonHelp,False,Sun Nov 26 13:59:00 +0000 2017,@632376 The product you are referring to is available on our website. You can check it from here: https://t.co/rWPF1Sd3Pp. Keep us posted for further concerns. ^GD,2151963,2151960.0,@632376 the product you are referring to is available on our website. you can check it from here:  keep us posted for further concerns. ^gd,product_query,auto
828327,AmazonHelp,False,Fri Oct 13 03:06:31 +0000 2017,"""@317330 about a lower price"""" link in the Product Details section of any product page. 2/2 ^SH""","828328,828329",828330.0,"""@317330 about a lower price"""" link in the product details section of any product page. 2/2 ^sh""",product_query,auto
2297736,AmazonHelp,False,Sun Nov 12 14:06:54 +0000 2017,"@667017 Pricing and offers are decision of the sellers. The constantly changing marketplace and our efforts to offer you the lowest price, may result in fluctuations in our prices over time. Kindly refer: https://t.co/Uzuktn87Iu for more information. ^MO",,2297737.0,"@667017 pricing and offers are decision of the sellers. the constantly changing marketplace and our efforts to offer you the lowest price, may result in fluctuations in our prices over time. kindly refer:  for more information. ^mo",product_query,auto
1057943,AmazonHelp,False,Sat Oct 14 21:29:30 +0000 2017,"@369790 Hola, ¿el producto que has comprado es vendido y enviado por Amazon o por un vendedor externo? ^LG",1057944,1057945.0,"@369790 hola, ¿el producto que has comprado es vendido y enviado por amazon o por un vendedor externo? ^lg",product_query,auto
1057943,AmazonHelp,False,Sat Oct 14 21:29:30 +0000 2017,"@369790 Hola, ¿el producto que has comprado es vendido y enviado por Amazon o por un vendedor externo? ^LG",1057944,1057945.0,"@369790 hola, ¿el producto que has comprado es vendido y enviado por amazon o por un vendedor externo? ^lg",product_query,auto
504978,AmazonHelp,False,Fri Dec 01 20:51:00 +0000 2017,"@229192 Maravilhoso, Eveline 💖 Já você sabe qual livro vai ler no seu novo Kindle?
",,,"@229192 maravilhoso, eveline 💖 já você sabe qual livro vai ler no seu novo kindle?
",product_query,auto
179065,AmazonHelp,False,Wed Oct 04 10:14:34 +0000 2017,@158227 The deal on the product is we have a No cost EMI option available for you. ^HN,,179066.0,@158227 the deal on the product is we have a no cost emi option available for you. ^hn,product_query,auto
1057943,AmazonHelp,False,Sat Oct 14 21:29:30 +0000 2017,"@369790 Hola, ¿el producto que has comprado es vendido y enviado por Amazon o por un vendedor externo? ^LG",1057944,1057945.0,"@369790 hola, ¿el producto que has comprado es vendido y enviado por amazon o por un vendedor externo? ^lg",product_query,auto
504978,AmazonHelp,False,Fri Dec 01 20:51:00 +0000 2017,"@229192 Maravilhoso, Eveline 💖 Já você sabe qual livro vai ler no seu novo Kindle?
",,,"@229192 maravilhoso, eveline 💖 já você sabe qual livro vai ler no seu novo kindle?
",product_query,auto
828327,AmazonHelp,False,Fri Oct 13 03:06:31 +0000 2017,"""@317330 about a lower price"""" link in the Product Details section of any product page. 2/2 ^SH""","828328,828329",828330.0,"""@317330 about a lower price"""" link in the product details section of any product page. 2/2 ^sh""",product_query,auto
2151962,AmazonHelp,False,Sun Nov 26 13:59:00 +0000 2017,@632376 The product you are referring to is available on our website. You can check it from here: https://t.co/rWPF1Sd3Pp. Keep us posted for further concerns. ^GD,2151963,2151960.0,@632376 the product you are referring to is available on our website. you can check it from here:  keep us posted for further concerns. ^gd,product_query,auto
2151962,AmazonHelp,False,Sun Nov 26 13:59:00 +0000 2017,@632376 The product you are referring to is available on our website. You can check it from here: https://t.co/rWPF1Sd3Pp. Keep us posted for further concerns. ^GD,2151963,2151960.0,@632376 the product you are referring to is available on our website. you can check it from here:  keep us posted for further concerns. ^gd,product_query,auto
2151962,AmazonHelp,False,Sun Nov 26 13:59:00 +0000 2017,@632376 The product you are referring to is available on our website. You can check it from here: https://t.co/rWPF1Sd3Pp. Keep us posted for further concerns. ^GD,2151963,2151960.0,@632376 the product you are referring to is available on our website. you can check it from here:  keep us posted for further concerns. ^gd,product_query,auto
1057943,AmazonHelp,False,Sat Oct 14 21:29:30 +0000 2017,"@369790 Hola, ¿el producto que has comprado es vendido y enviado por Amazon o por un vendedor externo? ^LG",1057944,1057945.0,"@369790 hola, ¿el producto que has comprado es vendido y enviado por amazon o por un vendedor externo? ^lg",product_query,auto
828327,AmazonHelp,False,Fri Oct 13 03:06:31 +0000 2017,"""@317330 about a lower price"""" link in the Product Details section of any product page. 2/2 ^SH""","828328,828329",828330.0,"""@317330 about a lower price"""" link in the product details section of any product page. 2/2 ^sh""",product_query,auto
1057943,AmazonHelp,False,Sat Oct 14 21:29:30 +0000 2017,"@369790 Hola, ¿el producto que has comprado es vendido y enviado por Amazon o por un vendedor externo? ^LG",1057944,1057945.0,"@369790 hola, ¿el producto que has comprado es vendido y enviado por amazon o por un vendedor externo? ^lg",product_query,auto
179065,AmazonHelp,False,Wed Oct 04 10:14:34 +0000 2017,@158227 The deal on the product is we have a No cost EMI option available for you. ^HN,,179066.0,@158227 the deal on the product is we have a no cost emi option available for you. ^hn,product_query,auto
1057943,AmazonHelp,False,Sat Oct 14 21:29:30 +0000 2017,"@369790 Hola, ¿el producto que has comprado es vendido y enviado por Amazon o por un vendedor externo? ^LG",1057944,1057945.0,"@369790 hola, ¿el producto que has comprado es vendido y enviado por amazon o por un vendedor externo? ^lg",product_query,auto
828327,AmazonHelp,False,Fri Oct 13 03:06:31 +0000 2017,"""@317330 about a lower price"""" link in the Product Details section of any product page. 2/2 ^SH""","828328,828329",828330.0,"""@317330 about a lower price"""" link in the product details section of any product page. 2/2 ^sh""",product_query,auto
828327,AmazonHelp,False,Fri Oct 13 03:06:31 +0000 2017,"""@317330 about a lower price"""" link in the Product Details section of any product page. 2/2 ^SH""","828328,828329",828330.0,"""@317330 about a lower price"""" link in the product details section of any product page. 2/2 ^sh""",product_query,auto
179065,AmazonHelp,False,Wed Oct 04 10:14:34 +0000 2017,@158227 The deal on the product is we have a No cost EMI option available for you. ^HN,,179066.0,@158227 the deal on the product is we have a no cost emi option available for you. ^hn,product_query,auto
828327,AmazonHelp,False,Fri Oct 13 03:06:31 +0000 2017,"""@317330 about a lower price"""" link in the Product Details section of any product page. 2/2 ^SH""","828328,828329",828330.0,"""@317330 about a lower price"""" link in the product details section of any product page. 2/2 ^sh""",product_query,auto
828327,AmazonHelp,False,Fri Oct 13 03:06:31 +0000 2017,"""@317330 about a lower price"""" link in the Product Details section of any product page. 2/2 ^SH""","828328,828329",828330.0,"""@317330 about a lower price"""" link in the product details section of any product page. 2/2 ^sh""",product_query,auto
2151962,AmazonHelp,False,Sun Nov 26 13:59:00 +0000 2017,@632376 The product you are referring to is available on our website. You can check it from here: https://t.co/rWPF1Sd3Pp. Keep us posted for further concerns. ^GD,2151963,2151960.0,@632376 the product you are referring to is available on our website. you can check it from here:  keep us posted for further concerns. ^gd,product_query,auto
179065,AmazonHelp,False,Wed Oct 04 10:14:34 +0000 2017,@158227 The deal on the product is we have a No cost EMI option available for you. ^HN,,179066.0,@158227 the deal on the product is we have a no cost emi option available for you. ^hn,product_query,auto
181183,AmazonHelp,False,Sat Nov 25 01:20:55 +0000 2017,"@158545 Hola, lamentamos las molestias ocasionadas. Los productos, ¿son vendidos y enviados por Amazon o por un vendedor externo que utliza nuestra plataforma? ^LC",181182,181184.0,"@158545 hola, lamentamos las molestias ocasionadas. los productos, ¿son vendidos y enviados por amazon o por un vendedor externo que utliza nuestra plataforma? ^lc",product_query,auto
181183,AmazonHelp,False,Sat Nov 25 01:20:55 +0000 2017,"@158545 Hola, lamentamos las molestias ocasionadas. Los productos, ¿son vendidos y enviados por Amazon o por un vendedor externo que utliza nuestra plataforma? ^LC",181182,181184.0,"@158545 hola, lamentamos las molestias ocasionadas. los productos, ¿son vendidos y enviados por amazon o por un vendedor externo que utliza nuestra plataforma? ^lc",product_query,auto
828327,AmazonHelp,False,Fri Oct 13 03:06:31 +0000 2017,"""@317330 about a lower price"""" link in the Product Details section of any product page. 2/2 ^SH""","828328,828329",828330.0,"""@317330 about a lower price"""" link in the product details section of any product page. 2/2 ^sh""",product_query,auto
181183,AmazonHelp,False,Sat Nov 25 01:20:55 +0000 2017,"@158545 Hola, lamentamos las molestias ocasionadas. Los productos, ¿son vendidos y enviados por Amazon o por un vendedor externo que utliza nuestra plataforma? ^LC",181182,181184.0,"@158545 hola, lamentamos las molestias ocasionadas. los productos, ¿son vendidos y enviados por amazon o por un vendedor externo que utliza nuestra plataforma? ^lc",product_query,auto
181183,AmazonHelp,False,Sat Nov 25 01:20:55 +0000 2017,"@158545 Hola, lamentamos las molestias ocasionadas. Los productos, ¿son vendidos y enviados por Amazon o por un vendedor externo que utliza nuestra plataforma? ^LC",181182,181184.0,"@158545 hola, lamentamos las molestias ocasionadas. los productos, ¿son vendidos y enviados por amazon o por un vendedor externo que utliza nuestra plataforma? ^lc",product_query,auto
828327,AmazonHelp,False,Fri Oct 13 03:06:31 +0000 2017,"""@317330 about a lower price"""" link in the Product Details section of any product page. 2/2 ^SH""","828328,828329",828330.0,"""@317330 about a lower price"""" link in the product details section of any product page. 2/2 ^sh""",product_query,auto
181183,AmazonHelp,False,Sat Nov 25 01:20:55 +0000 2017,"@158545 Hola, lamentamos las molestias ocasionadas. Los productos, ¿son vendidos y enviados por Amazon o por un vendedor externo que utliza nuestra plataforma? ^LC",181182,181184.0,"@158545 hola, lamentamos las molestias ocasionadas. los productos, ¿son vendidos y enviados por amazon o por un vendedor externo que utliza nuestra plataforma? ^lc",product_query,auto
1057943,AmazonHelp,False,Sat Oct 14 21:29:30 +0000 2017,"@369790 Hola, ¿el producto que has comprado es vendido y enviado por Amazon o por un vendedor externo? ^LG",1057944,1057945.0,"@369790 hola, ¿el producto que has comprado es vendido y enviado por amazon o por un vendedor externo? ^lg",product_query,auto
504978,AmazonHelp,False,Fri Dec 01 20:51:00 +0000 2017,"@229192 Maravilhoso, Eveline 💖 Já você sabe qual livro vai ler no seu novo Kindle?
",,,"@229192 maravilhoso, eveline 💖 já você sabe qual livro vai ler no seu novo kindle?
",product_query,auto
179065,AmazonHelp,False,Wed Oct 04 10:14:34 +0000 2017,@158227 The deal on the product is we have a No cost EMI option available for you. ^HN,,179066.0,@158227 the deal on the product is we have a no cost emi option available for you. ^hn,product_query,auto
504978,AmazonHelp,False,Fri Dec 01 20:51:00 +0000 2017,"@229192 Maravilhoso, Eveline 💖 Já você sabe qual livro vai ler no seu novo Kindle?
",,,"@229192 maravilhoso, eveline 💖 já você sabe qual livro vai ler no seu novo kindle?
",product_query,auto
828327,AmazonHelp,False,Fri Oct 13 03:06:31 +0000 2017,"""@317330 about a lower price"""" link in the Product Details section of any product page. 2/2 ^SH""","828328,828329",828330.0,"""@317330 about a lower price"""" link in the product details section of any product page. 2/2 ^sh""",product_query,auto
2151962,AmazonHelp,False,Sun Nov 26 13:59:00 +0000 2017,@632376 The product you are referring to is available on our website. You can check it from here: https://t.co/rWPF1Sd3Pp. Keep us posted for further concerns. ^GD,2151963,2151960.0,@632376 the product you are referring to is available on our website. you can check it from here:  keep us posted for further concerns. ^gd,product_query,auto
179065,AmazonHelp,False,Wed Oct 04 10:14:34 +0000 2017,@158227 The deal on the product is we have a No cost EMI option available for you. ^HN,,179066.0,@158227 the deal on the product is we have a no cost emi option available for you. ^hn,product_query,auto
828327,AmazonHelp,False,Fri Oct 13 03:06:31 +0000 2017,"""@317330 about a lower price"""" link in the Product Details section of any product page. 2/2 ^SH""","828328,828329",828330.0,"""@317330 about a lower price"""" link in the product details section of any product page. 2/2 ^sh""",product_query,auto
2151962,AmazonHelp,False,Sun Nov 26 13:59:00 +0000 2017,@632376 The product you are referring to is available on our website. You can check it from here: https://t.co/rWPF1Sd3Pp. Keep us posted for further concerns. ^GD,2151963,2151960.0,@632376 the product you are referring to is available on our website. you can check it from here:  keep us posted for further concerns. ^gd,product_query,auto
504978,AmazonHelp,False,Fri Dec 01 20:51:00 +0000 2017,"@229192 Maravilhoso, Eveline 💖 Já você sabe qual livro vai ler no seu novo Kindle?
",,,"@229192 maravilhoso, eveline 💖 já você sabe qual livro vai ler no seu novo kindle?
",product_query,auto
828327,AmazonHelp,False,Fri Oct 13 03:06:31 +0000 2017,"""@317330 about a lower price"""" link in the Product Details section of any product page. 2/2 ^SH""","828328,828329",828330.0,"""@317330 about a lower price"""" link in the product details section of any product page. 2/2 ^sh""",product_query,auto
179065,AmazonHelp,False,Wed Oct 04 10:14:34 +0000 2017,@158227 The deal on the product is we have a No cost EMI option available for you. ^HN,,179066.0,@158227 the deal on the product is we have a no cost emi option available for you. ^hn,product_query,auto
179065,AmazonHelp,False,Wed Oct 04 10:14:34 +0000 2017,@158227 The deal on the product is we have a No cost EMI option available for you. ^HN,,179066.0,@158227 the deal on the product is we have a no cost emi option available for you. ^hn,product_query,auto
2297736,AmazonHelp,False,Sun Nov 12 14:06:54 +0000 2017,"@667017 Pricing and offers are decision of the sellers. The constantly changing marketplace and our efforts to offer you the lowest price, may result in fluctuations in our prices over time. Kindly refer: https://t.co/Uzuktn87Iu for more information. ^MO",,2297737.0,"@667017 pricing and offers are decision of the sellers. the constantly changing marketplace and our efforts to offer you the lowest price, may result in fluctuations in our prices over time. kindly refer:  for more information. ^mo",product_query,auto
1057943,AmazonHelp,False,Sat Oct 14 21:29:30 +0000 2017,"@369790 Hola, ¿el producto que has comprado es vendido y enviado por Amazon o por un vendedor externo? ^LG",1057944,1057945.0,"@369790 hola, ¿el producto que has comprado es vendido y enviado por amazon o por un vendedor externo? ^lg",product_query,auto
181183,AmazonHelp,False,Sat Nov 25 01:20:55 +0000 2017,"@158545 Hola, lamentamos las molestias ocasionadas. Los productos, ¿son vendidos y enviados por Amazon o por un vendedor externo que utliza nuestra plataforma? ^LC",181182,181184.0,"@158545 hola, lamentamos las molestias ocasionadas. los productos, ¿son vendidos y enviados por amazon o por un vendedor externo que utliza nuestra plataforma? ^lc",product_query,auto
2151962,AmazonHelp,False,Sun Nov 26 13:59:00 +0000 2017,@632376 The product you are referring to is available on our website. You can check it from here: https://t.co/rWPF1Sd3Pp. Keep us posted for further concerns. ^GD,2151963,2151960.0,@632376 the product you are referring to is available on our website. you can check it from here:  keep us posted for further concerns. ^gd,product_query,auto
2297736,AmazonHelp,False,Sun Nov 12 14:06:54 +0000 2017,"@667017 Pricing and offers are decision of the sellers. The constantly changing marketplace and our efforts to offer you the lowest price, may result in fluctuations in our prices over time. Kindly refer: https://t.co/Uzuktn87Iu for more information. ^MO",,2297737.0,"@667017 pricing and offers are decision of the sellers. the constantly changing marketplace and our efforts to offer you the lowest price, may result in fluctuations in our prices over time. kindly refer:  for more information. ^mo",product_query,auto
181183,AmazonHelp,False,Sat Nov 25 01:20:55 +0000 2017,"@158545 Hola, lamentamos las molestias ocasionadas. Los productos, ¿son vendidos y enviados por Amazon o por un vendedor externo que utliza nuestra plataforma? ^LC",181182,181184.0,"@158545 hola, lamentamos las molestias ocasionadas. los productos, ¿son vendidos y enviados por amazon o por un vendedor externo que utliza nuestra plataforma? ^lc",product_query,auto
181183,AmazonHelp,False,Sat Nov 25 01:20:55 +0000 2017,"@158545 Hola, lamentamos las molestias ocasionadas. Los productos, ¿son vendidos y enviados por Amazon o por un vendedor externo que utliza nuestra plataforma? ^LC",181182,181184.0,"@158545 hola, lamentamos las molestias ocasionadas. los productos, ¿son vendidos y enviados por amazon o por un vendedor externo que utliza nuestra plataforma? ^lc",product_query,auto
828327,AmazonHelp,False,Fri Oct 13 03:06:31 +0000 2017,"""@317330 about a lower price"""" link in the Product Details section of any product page. 2/2 ^SH""","828328,828329",828330.0,"""@317330 about a lower price"""" link in the product details section of any product page. 2/2 ^sh""",product_query,auto
181183,AmazonHelp,False,Sat Nov 25 01:20:55 +0000 2017,"@158545 Hola, lamentamos las molestias ocasionadas. Los productos, ¿son vendidos y enviados por Amazon o por un vendedor externo que utliza nuestra plataforma? ^LC",181182,181184.0,"@158545 hola, lamentamos las molestias ocasionadas. los productos, ¿son vendidos y enviados por amazon o por un vendedor externo que utliza nuestra plataforma? ^lc",product_query,auto
1057943,AmazonHelp,False,Sat Oct 14 21:29:30 +0000 2017,"@369790 Hola, ¿el producto que has comprado es vendido y enviado por Amazon o por un vendedor externo? ^LG",1057944,1057945.0,"@369790 hola, ¿el producto que has comprado es vendido y enviado por amazon o por un vendedor externo? ^lg",product_query,auto
179065,AmazonHelp,False,Wed Oct 04 10:14:34 +0000 2017,@158227 The deal on the product is we have a No cost EMI option available for you. ^HN,,179066.0,@158227 the deal on the product is we have a no cost emi option available for you. ^hn,product_query,auto
2297736,AmazonHelp,False,Sun Nov 12 14:06:54 +0000 2017,"@667017 Pricing and offers are decision of the sellers. The constantly changing marketplace and our efforts to offer you the lowest price, may result in fluctuations in our prices over time. Kindly refer: https://t.co/Uzuktn87Iu for more information. ^MO",,2297737.0,"@667017 pricing and offers are decision of the sellers. the constantly changing marketplace and our efforts to offer you the lowest price, may result in fluctuations in our prices over time. kindly refer:  for more information. ^mo",product_query,auto
181183,AmazonHelp,False,Sat Nov 25 01:20:55 +0000 2017,"@158545 Hola, lamentamos las molestias ocasionadas. Los productos, ¿son vendidos y enviados por Amazon o por un vendedor externo que utliza nuestra plataforma? ^LC",181182,181184.0,"@158545 hola, lamentamos las molestias ocasionadas. los productos, ¿son vendidos y enviados por amazon o por un vendedor externo que utliza nuestra plataforma? ^lc",product_query,auto
828327,AmazonHelp,False,Fri Oct 13 03:06:31 +0000 2017,"""@317330 about a lower price"""" link in the Product Details section of any product page. 2/2 ^SH""","828328,828329",828330.0,"""@317330 about a lower price"""" link in the product details section of any product page. 2/2 ^sh""",product_query,auto
1057943,AmazonHelp,False,Sat Oct 14 21:29:30 +0000 2017,"@369790 Hola, ¿el producto que has comprado es vendido y enviado por Amazon o por un vendedor externo? ^LG",1057944,1057945.0,"@369790 hola, ¿el producto que has comprado es vendido y enviado por amazon o por un vendedor externo? ^lg",product_query,auto
504978,AmazonHelp,False,Fri Dec 01 20:51:00 +0000 2017,"@229192 Maravilhoso, Eveline 💖 Já você sabe qual livro vai ler no seu novo Kindle?
",,,"@229192 maravilhoso, eveline 💖 já você sabe qual livro vai ler no seu novo kindle?
",product_query,auto
179065,AmazonHelp,False,Wed Oct 04 10:14:34 +0000 2017,@158227 The deal on the product is we have a No cost EMI option available for you. ^HN,,179066.0,@158227 the deal on the product is we have a no cost emi option available for you. ^hn,product_query,auto
179065,AmazonHelp,False,Wed Oct 04 10:14:34 +0000 2017,@158227 The deal on the product is we have a No cost EMI option available for you. ^HN,,179066.0,@158227 the deal on the product is we have a no cost emi option available for you. ^hn,product_query,auto
2297736,AmazonHelp,False,Sun Nov 12 14:06:54 +0000 2017,"@667017 Pricing and offers are decision of the sellers. The constantly changing marketplace and our efforts to offer you the lowest price, may result in fluctuations in our prices over time. Kindly refer: https://t.co/Uzuktn87Iu for more information. ^MO",,2297737.0,"@667017 pricing and offers are decision of the sellers. the constantly changing marketplace and our efforts to offer you the lowest price, may result in fluctuations in our prices over time. kindly refer:  for more information. ^mo",product_query,auto
179065,AmazonHelp,False,Wed Oct 04 10:14:34 +0000 2017,@158227 The deal on the product is we have a No cost EMI option available for you. ^HN,,179066.0,@158227 the deal on the product is we have a no cost emi option available for you. ^hn,product_query,auto
812095,AmazonHelp,False,Thu Oct 12 20:09:33 +0000 2017,"@313516 If you decide you'd prefer to return it, please see https://t.co/b5EhYdEI15. Thank you for letting us know what happened! ^PF",,812093.0,"@313516 if you decide you'd prefer to return it, please see  thank you for letting us know what happened! ^pf",return_refund,auto
770494,AmazonHelp,False,Wed Oct 11 23:33:26 +0000 2017,"@303996 I'm so sorry about this delayed order, Eryka! Have you viewed avail refund/replacement options here: https://t.co/9CaEwW3P1G? ^SD",,770495.0,"@303996 i'm so sorry about this delayed order, eryka! have you viewed avail refund/replacement options here:  ^sd",return_refund,auto
2287504,AmazonHelp,False,Sun Nov 12 02:43:00 +0000 2017,@664617 I'm sorry your received the wrong item. Let's explore your return or replacement options here: https://t.co/YcJZKUgE8j ^GG,,2287505.0,@664617 i'm sorry your received the wrong item. let's explore your return or replacement options here:  ^gg,return_refund,auto
913842,AmazonHelp,False,Fri Oct 20 12:56:33 +0000 2017,@120039 a refund to the original payment method. Appreciate your understanding. ^VN (2/2),,913841.0,@120039 a refund to the original payment method. appreciate your understanding. ^vn (2/2),return_refund,auto
685742,AmazonHelp,False,Tue Nov 21 14:47:36 +0000 2017,@283696 It's never our intention to keep you waiting. We're working on it to make sure the refund is processed at the earliest. ^SU,,685741.0,@283696 it's never our intention to keep you waiting. we're working on it to make sure the refund is processed at the earliest. ^su,return_refund,auto
812095,AmazonHelp,False,Thu Oct 12 20:09:33 +0000 2017,"@313516 If you decide you'd prefer to return it, please see https://t.co/b5EhYdEI15. Thank you for letting us know what happened! ^PF",,812093.0,"@313516 if you decide you'd prefer to return it, please see  thank you for letting us know what happened! ^pf",return_refund,auto
44926,AmazonHelp,False,Wed Nov 22 21:13:34 +0000 2017,"@125940 Thanks for reaching out, Tim- I'm sorry for any trouble! We'd like to look into this with you. What was the reason for the return? Let us know! ^BL",44927,44928.0,"@125940 thanks for reaching out, tim- i'm sorry for any trouble! we'd like to look into this with you. what was the reason for the return? let us know! ^bl",return_refund,auto
129699,AmazonHelp,False,Fri Nov 24 06:00:28 +0000 2017,@145240 That's strange. Let me help you out here with the refund. Kindly fill in your details here https://t.co/irLIhy2V9k and we'll reach out to you for assistance. ^VM,,129700.0,@145240 that's strange. let me help you out here with the refund. kindly fill in your details here  and we'll reach out to you for assistance. ^vm,return_refund,auto
812095,AmazonHelp,False,Thu Oct 12 20:09:33 +0000 2017,"@313516 If you decide you'd prefer to return it, please see https://t.co/b5EhYdEI15. Thank you for letting us know what happened! ^PF",,812093.0,"@313516 if you decide you'd prefer to return it, please see  thank you for letting us know what happened! ^pf",return_refund,auto
2287504,AmazonHelp,False,Sun Nov 12 02:43:00 +0000 2017,@664617 I'm sorry your received the wrong item. Let's explore your return or replacement options here: https://t.co/YcJZKUgE8j ^GG,,2287505.0,@664617 i'm sorry your received the wrong item. let's explore your return or replacement options here:  ^gg,return_refund,auto
2287504,AmazonHelp,False,Sun Nov 12 02:43:00 +0000 2017,@664617 I'm sorry your received the wrong item. Let's explore your return or replacement options here: https://t.co/YcJZKUgE8j ^GG,,2287505.0,@664617 i'm sorry your received the wrong item. let's explore your return or replacement options here:  ^gg,return_refund,auto
913842,AmazonHelp,False,Fri Oct 20 12:56:33 +0000 2017,@120039 a refund to the original payment method. Appreciate your understanding. ^VN (2/2),,913841.0,@120039 a refund to the original payment method. appreciate your understanding. ^vn (2/2),return_refund,auto
685742,AmazonHelp,False,Tue Nov 21 14:47:36 +0000 2017,@283696 It's never our intention to keep you waiting. We're working on it to make sure the refund is processed at the earliest. ^SU,,685741.0,@283696 it's never our intention to keep you waiting. we're working on it to make sure the refund is processed at the earliest. ^su,return_refund,auto
770494,AmazonHelp,False,Wed Oct 11 23:33:26 +0000 2017,"@303996 I'm so sorry about this delayed order, Eryka! Have you viewed avail refund/replacement options here: https://t.co/9CaEwW3P1G? ^SD",,770495.0,"@303996 i'm so sorry about this delayed order, eryka! have you viewed avail refund/replacement options here:  ^sd",return_refund,auto
913842,AmazonHelp,False,Fri Oct 20 12:56:33 +0000 2017,@120039 a refund to the original payment method. Appreciate your understanding. ^VN (2/2),,913841.0,@120039 a refund to the original payment method. appreciate your understanding. ^vn (2/2),return_refund,auto
913842,AmazonHelp,False,Fri Oct 20 12:56:33 +0000 2017,@120039 a refund to the original payment method. Appreciate your understanding. ^VN (2/2),,913841.0,@120039 a refund to the original payment method. appreciate your understanding. ^vn (2/2),return_refund,auto
129699,AmazonHelp,False,Fri Nov 24 06:00:28 +0000 2017,@145240 That's strange. Let me help you out here with the refund. Kindly fill in your details here https://t.co/irLIhy2V9k and we'll reach out to you for assistance. ^VM,,129700.0,@145240 that's strange. let me help you out here with the refund. kindly fill in your details here  and we'll reach out to you for assistance. ^vm,return_refund,auto
962167,AmazonHelp,False,Sat Oct 21 22:14:00 +0000 2017,@139735 I'm so sorry to see this! Please feel free to check return/replacement options here: https://t.co/X6ZLmy8AKt ^BG,,962168.0,@139735 i'm so sorry to see this! please feel free to check return/replacement options here:  ^bg,return_refund,auto
685742,AmazonHelp,False,Tue Nov 21 14:47:36 +0000 2017,@283696 It's never our intention to keep you waiting. We're working on it to make sure the refund is processed at the earliest. ^SU,,685741.0,@283696 it's never our intention to keep you waiting. we're working on it to make sure the refund is processed at the earliest. ^su,return_refund,auto
797537,AmazonHelp,False,Thu Oct 12 15:00:23 +0000 2017,"@310142 I understand you're concerned regarding the refund. As mentioned in the email, kindly contact the bank customer service 1/2^AP",1019226,797535.0,"@310142 i understand you're concerned regarding the refund. as mentioned in the email, kindly contact the bank customer service 1/2^ap",return_refund,auto
913842,AmazonHelp,False,Fri Oct 20 12:56:33 +0000 2017,@120039 a refund to the original payment method. Appreciate your understanding. ^VN (2/2),,913841.0,@120039 a refund to the original payment method. appreciate your understanding. ^vn (2/2),return_refund,auto
962167,AmazonHelp,False,Sat Oct 21 22:14:00 +0000 2017,@139735 I'm so sorry to see this! Please feel free to check return/replacement options here: https://t.co/X6ZLmy8AKt ^BG,,962168.0,@139735 i'm so sorry to see this! please feel free to check return/replacement options here:  ^bg,return_refund,auto
797537,AmazonHelp,False,Thu Oct 12 15:00:23 +0000 2017,"@310142 I understand you're concerned regarding the refund. As mentioned in the email, kindly contact the bank customer service 1/2^AP",1019226,797535.0,"@310142 i understand you're concerned regarding the refund. as mentioned in the email, kindly contact the bank customer service 1/2^ap",return_refund,auto
685742,AmazonHelp,False,Tue Nov 21 14:47:36 +0000 2017,@283696 It's never our intention to keep you waiting. We're working on it to make sure the refund is processed at the earliest. ^SU,,685741.0,@283696 it's never our intention to keep you waiting. we're working on it to make sure the refund is processed at the earliest. ^su,return_refund,auto
704356,AmazonHelp,False,Thu Nov 23 19:06:30 +0000 2017,@288313 I'm sorry to hear this happened! This is not the level of service we wish to provide. Let's look at refund/return options here: https://t.co/67Bcf44WUM ^TR,,704357.0,@288313 i'm sorry to hear this happened! this is not the level of service we wish to provide. let's look at refund/return options here:  ^tr,return_refund,auto
44926,AmazonHelp,False,Wed Nov 22 21:13:34 +0000 2017,"@125940 Thanks for reaching out, Tim- I'm sorry for any trouble! We'd like to look into this with you. What was the reason for the return? Let us know! ^BL",44927,44928.0,"@125940 thanks for reaching out, tim- i'm sorry for any trouble! we'd like to look into this with you. what was the reason for the return? let us know! ^bl",return_refund,auto
962167,AmazonHelp,False,Sat Oct 21 22:14:00 +0000 2017,@139735 I'm so sorry to see this! Please feel free to check return/replacement options here: https://t.co/X6ZLmy8AKt ^BG,,962168.0,@139735 i'm so sorry to see this! please feel free to check return/replacement options here:  ^bg,return_refund,auto
292838,AmazonHelp,False,Fri Oct 06 16:54:07 +0000 2017,"@125734 Hi there! Normally new games do come wrapped. If you want a return, we can help you out here: https://t.co/mOUYw7mWBf ^JD",,292839.0,"@125734 hi there! normally new games do come wrapped. if you want a return, we can help you out here:  ^jd",return_refund,auto
704356,AmazonHelp,False,Thu Nov 23 19:06:30 +0000 2017,@288313 I'm sorry to hear this happened! This is not the level of service we wish to provide. Let's look at refund/return options here: https://t.co/67Bcf44WUM ^TR,,704357.0,@288313 i'm sorry to hear this happened! this is not the level of service we wish to provide. let's look at refund/return options here:  ^tr,return_refund,auto
2287504,AmazonHelp,False,Sun Nov 12 02:43:00 +0000 2017,@664617 I'm sorry your received the wrong item. Let's explore your return or replacement options here: https://t.co/YcJZKUgE8j ^GG,,2287505.0,@664617 i'm sorry your received the wrong item. let's explore your return or replacement options here:  ^gg,return_refund,auto
2287504,AmazonHelp,False,Sun Nov 12 02:43:00 +0000 2017,@664617 I'm sorry your received the wrong item. Let's explore your return or replacement options here: https://t.co/YcJZKUgE8j ^GG,,2287505.0,@664617 i'm sorry your received the wrong item. let's explore your return or replacement options here:  ^gg,return_refund,auto
44926,AmazonHelp,False,Wed Nov 22 21:13:34 +0000 2017,"@125940 Thanks for reaching out, Tim- I'm sorry for any trouble! We'd like to look into this with you. What was the reason for the return? Let us know! ^BL",44927,44928.0,"@125940 thanks for reaching out, tim- i'm sorry for any trouble! we'd like to look into this with you. what was the reason for the return? let us know! ^bl",return_refund,auto
129699,AmazonHelp,False,Fri Nov 24 06:00:28 +0000 2017,@145240 That's strange. Let me help you out here with the refund. Kindly fill in your details here https://t.co/irLIhy2V9k and we'll reach out to you for assistance. ^VM,,129700.0,@145240 that's strange. let me help you out here with the refund. kindly fill in your details here  and we'll reach out to you for assistance. ^vm,return_refund,auto
812095,AmazonHelp,False,Thu Oct 12 20:09:33 +0000 2017,"@313516 If you decide you'd prefer to return it, please see https://t.co/b5EhYdEI15. Thank you for letting us know what happened! ^PF",,812093.0,"@313516 if you decide you'd prefer to return it, please see  thank you for letting us know what happened! ^pf",return_refund,auto
770494,AmazonHelp,False,Wed Oct 11 23:33:26 +0000 2017,"@303996 I'm so sorry about this delayed order, Eryka! Have you viewed avail refund/replacement options here: https://t.co/9CaEwW3P1G? ^SD",,770495.0,"@303996 i'm so sorry about this delayed order, eryka! have you viewed avail refund/replacement options here:  ^sd",return_refund,auto
292838,AmazonHelp,False,Fri Oct 06 16:54:07 +0000 2017,"@125734 Hi there! Normally new games do come wrapped. If you want a return, we can help you out here: https://t.co/mOUYw7mWBf ^JD",,292839.0,"@125734 hi there! normally new games do come wrapped. if you want a return, we can help you out here:  ^jd",return_refund,auto
129699,AmazonHelp,False,Fri Nov 24 06:00:28 +0000 2017,@145240 That's strange. Let me help you out here with the refund. Kindly fill in your details here https://t.co/irLIhy2V9k and we'll reach out to you for assistance. ^VM,,129700.0,@145240 that's strange. let me help you out here with the refund. kindly fill in your details here  and we'll reach out to you for assistance. ^vm,return_refund,auto
685742,AmazonHelp,False,Tue Nov 21 14:47:36 +0000 2017,@283696 It's never our intention to keep you waiting. We're working on it to make sure the refund is processed at the earliest. ^SU,,685741.0,@283696 it's never our intention to keep you waiting. we're working on it to make sure the refund is processed at the earliest. ^su,return_refund,auto
129699,AmazonHelp,False,Fri Nov 24 06:00:28 +0000 2017,@145240 That's strange. Let me help you out here with the refund. Kindly fill in your details here https://t.co/irLIhy2V9k and we'll reach out to you for assistance. ^VM,,129700.0,@145240 that's strange. let me help you out here with the refund. kindly fill in your details here  and we'll reach out to you for assistance. ^vm,return_refund,auto
812095,AmazonHelp,False,Thu Oct 12 20:09:33 +0000 2017,"@313516 If you decide you'd prefer to return it, please see https://t.co/b5EhYdEI15. Thank you for letting us know what happened! ^PF",,812093.0,"@313516 if you decide you'd prefer to return it, please see  thank you for letting us know what happened! ^pf",return_refund,auto
685742,AmazonHelp,False,Tue Nov 21 14:47:36 +0000 2017,@283696 It's never our intention to keep you waiting. We're working on it to make sure the refund is processed at the earliest. ^SU,,685741.0,@283696 it's never our intention to keep you waiting. we're working on it to make sure the refund is processed at the earliest. ^su,return_refund,auto
292838,AmazonHelp,False,Fri Oct 06 16:54:07 +0000 2017,"@125734 Hi there! Normally new games do come wrapped. If you want a return, we can help you out here: https://t.co/mOUYw7mWBf ^JD",,292839.0,"@125734 hi there! normally new games do come wrapped. if you want a return, we can help you out here:  ^jd",return_refund,auto
812095,AmazonHelp,False,Thu Oct 12 20:09:33 +0000 2017,"@313516 If you decide you'd prefer to return it, please see https://t.co/b5EhYdEI15. Thank you for letting us know what happened! ^PF",,812093.0,"@313516 if you decide you'd prefer to return it, please see  thank you for letting us know what happened! ^pf",return_refund,auto
797537,AmazonHelp,False,Thu Oct 12 15:00:23 +0000 2017,"@310142 I understand you're concerned regarding the refund. As mentioned in the email, kindly contact the bank customer service 1/2^AP",1019226,797535.0,"@310142 i understand you're concerned regarding the refund. as mentioned in the email, kindly contact the bank customer service 1/2^ap",return_refund,auto
770494,AmazonHelp,False,Wed Oct 11 23:33:26 +0000 2017,"@303996 I'm so sorry about this delayed order, Eryka! Have you viewed avail refund/replacement options here: https://t.co/9CaEwW3P1G? ^SD",,770495.0,"@303996 i'm so sorry about this delayed order, eryka! have you viewed avail refund/replacement options here:  ^sd",return_refund,auto
292838,AmazonHelp,False,Fri Oct 06 16:54:07 +0000 2017,"@125734 Hi there! Normally new games do come wrapped. If you want a return, we can help you out here: https://t.co/mOUYw7mWBf ^JD",,292839.0,"@125734 hi there! normally new games do come wrapped. if you want a return, we can help you out here:  ^jd",return_refund,auto
797537,AmazonHelp,False,Thu Oct 12 15:00:23 +0000 2017,"@310142 I understand you're concerned regarding the refund. As mentioned in the email, kindly contact the bank customer service 1/2^AP",1019226,797535.0,"@310142 i understand you're concerned regarding the refund. as mentioned in the email, kindly contact the bank customer service 1/2^ap",return_refund,auto
44926,AmazonHelp,False,Wed Nov 22 21:13:34 +0000 2017,"@125940 Thanks for reaching out, Tim- I'm sorry for any trouble! We'd like to look into this with you. What was the reason for the return? Let us know! ^BL",44927,44928.0,"@125940 thanks for reaching out, tim- i'm sorry for any trouble! we'd like to look into this with you. what was the reason for the return? let us know! ^bl",return_refund,auto
292838,AmazonHelp,False,Fri Oct 06 16:54:07 +0000 2017,"@125734 Hi there! Normally new games do come wrapped. If you want a return, we can help you out here: https://t.co/mOUYw7mWBf ^JD",,292839.0,"@125734 hi there! normally new games do come wrapped. if you want a return, we can help you out here:  ^jd",return_refund,auto
44926,AmazonHelp,False,Wed Nov 22 21:13:34 +0000 2017,"@125940 Thanks for reaching out, Tim- I'm sorry for any trouble! We'd like to look into this with you. What was the reason for the return? Let us know! ^BL",44927,44928.0,"@125940 thanks for reaching out, tim- i'm sorry for any trouble! we'd like to look into this with you. what was the reason for the return? let us know! ^bl",return_refund,auto
685742,AmazonHelp,False,Tue Nov 21 14:47:36 +0000 2017,@283696 It's never our intention to keep you waiting. We're working on it to make sure the refund is processed at the earliest. ^SU,,685741.0,@283696 it's never our intention to keep you waiting. we're working on it to make sure the refund is processed at the earliest. ^su,return_refund,auto
797537,AmazonHelp,False,Thu Oct 12 15:00:23 +0000 2017,"@310142 I understand you're concerned regarding the refund. As mentioned in the email, kindly contact the bank customer service 1/2^AP",1019226,797535.0,"@310142 i understand you're concerned regarding the refund. as mentioned in the email, kindly contact the bank customer service 1/2^ap",return_refund,auto
770494,AmazonHelp,False,Wed Oct 11 23:33:26 +0000 2017,"@303996 I'm so sorry about this delayed order, Eryka! Have you viewed avail refund/replacement options here: https://t.co/9CaEwW3P1G? ^SD",,770495.0,"@303996 i'm so sorry about this delayed order, eryka! have you viewed avail refund/replacement options here:  ^sd",return_refund,auto
812095,AmazonHelp,False,Thu Oct 12 20:09:33 +0000 2017,"@313516 If you decide you'd prefer to return it, please see https://t.co/b5EhYdEI15. Thank you for letting us know what happened! ^PF",,812093.0,"@313516 if you decide you'd prefer to return it, please see  thank you for letting us know what happened! ^pf",return_refund,auto
913842,AmazonHelp,False,Fri Oct 20 12:56:33 +0000 2017,@120039 a refund to the original payment method. Appreciate your understanding. ^VN (2/2),,913841.0,@120039 a refund to the original payment method. appreciate your understanding. ^vn (2/2),return_refund,auto
129699,AmazonHelp,False,Fri Nov 24 06:00:28 +0000 2017,@145240 That's strange. Let me help you out here with the refund. Kindly fill in your details here https://t.co/irLIhy2V9k and we'll reach out to you for assistance. ^VM,,129700.0,@145240 that's strange. let me help you out here with the refund. kindly fill in your details here  and we'll reach out to you for assistance. ^vm,return_refund,auto
704356,AmazonHelp,False,Thu Nov 23 19:06:30 +0000 2017,@288313 I'm sorry to hear this happened! This is not the level of service we wish to provide. Let's look at refund/return options here: https://t.co/67Bcf44WUM ^TR,,704357.0,@288313 i'm sorry to hear this happened! this is not the level of service we wish to provide. let's look at refund/return options here:  ^tr,return_refund,auto
770494,AmazonHelp,False,Wed Oct 11 23:33:26 +0000 2017,"@303996 I'm so sorry about this delayed order, Eryka! Have you viewed avail refund/replacement options here: https://t.co/9CaEwW3P1G? ^SD",,770495.0,"@303996 i'm so sorry about this delayed order, eryka! have you viewed avail refund/replacement options here:  ^sd",return_refund,auto
797537,AmazonHelp,False,Thu Oct 12 15:00:23 +0000 2017,"@310142 I understand you're concerned regarding the refund. As mentioned in the email, kindly contact the bank customer service 1/2^AP",1019226,797535.0,"@310142 i understand you're concerned regarding the refund. as mentioned in the email, kindly contact the bank customer service 1/2^ap",return_refund,auto
913842,AmazonHelp,False,Fri Oct 20 12:56:33 +0000 2017,@120039 a refund to the original payment method. Appreciate your understanding. ^VN (2/2),,913841.0,@120039 a refund to the original payment method. appreciate your understanding. ^vn (2/2),return_refund,auto
770494,AmazonHelp,False,Wed Oct 11 23:33:26 +0000 2017,"@303996 I'm so sorry about this delayed order, Eryka! Have you viewed avail refund/replacement options here: https://t.co/9CaEwW3P1G? ^SD",,770495.0,"@303996 i'm so sorry about this delayed order, eryka! have you viewed avail refund/replacement options here:  ^sd",return_refund,auto
797537,AmazonHelp,False,Thu Oct 12 15:00:23 +0000 2017,"@310142 I understand you're concerned regarding the refund. As mentioned in the email, kindly contact the bank customer service 1/2^AP",1019226,797535.0,"@310142 i understand you're concerned regarding the refund. as mentioned in the email, kindly contact the bank customer service 1/2^ap",return_refund,auto
962167,AmazonHelp,False,Sat Oct 21 22:14:00 +0000 2017,@139735 I'm so sorry to see this! Please feel free to check return/replacement options here: https://t.co/X6ZLmy8AKt ^BG,,962168.0,@139735 i'm so sorry to see this! please feel free to check return/replacement options here:  ^bg,return_refund,auto
962167,AmazonHelp,False,Sat Oct 21 22:14:00 +0000 2017,@139735 I'm so sorry to see this! Please feel free to check return/replacement options here: https://t.co/X6ZLmy8AKt ^BG,,962168.0,@139735 i'm so sorry to see this! please feel free to check return/replacement options here:  ^bg,return_refund,auto
44926,AmazonHelp,False,Wed Nov 22 21:13:34 +0000 2017,"@125940 Thanks for reaching out, Tim- I'm sorry for any trouble! We'd like to look into this with you. What was the reason for the return? Let us know! ^BL",44927,44928.0,"@125940 thanks for reaching out, tim- i'm sorry for any trouble! we'd like to look into this with you. what was the reason for the return? let us know! ^bl",return_refund,auto
770494,AmazonHelp,False,Wed Oct 11 23:33:26 +0000 2017,"@303996 I'm so sorry about this delayed order, Eryka! Have you viewed avail refund/replacement options here: https://t.co/9CaEwW3P1G? ^SD",,770495.0,"@303996 i'm so sorry about this delayed order, eryka! have you viewed avail refund/replacement options here:  ^sd",return_refund,auto
962167,AmazonHelp,False,Sat Oct 21 22:14:00 +0000 2017,@139735 I'm so sorry to see this! Please feel free to check return/replacement options here: https://t.co/X6ZLmy8AKt ^BG,,962168.0,@139735 i'm so sorry to see this! please feel free to check return/replacement options here:  ^bg,return_refund,auto
797537,AmazonHelp,False,Thu Oct 12 15:00:23 +0000 2017,"@310142 I understand you're concerned regarding the refund. As mentioned in the email, kindly contact the bank customer service 1/2^AP",1019226,797535.0,"@310142 i understand you're concerned regarding the refund. as mentioned in the email, kindly contact the bank customer service 1/2^ap",return_refund,auto
44926,AmazonHelp,False,Wed Nov 22 21:13:34 +0000 2017,"@125940 Thanks for reaching out, Tim- I'm sorry for any trouble! We'd like to look into this with you. What was the reason for the return? Let us know! ^BL",44927,44928.0,"@125940 thanks for reaching out, tim- i'm sorry for any trouble! we'd like to look into this with you. what was the reason for the return? let us know! ^bl",return_refund,auto
797537,AmazonHelp,False,Thu Oct 12 15:00:23 +0000 2017,"@310142 I understand you're concerned regarding the refund. As mentioned in the email, kindly contact the bank customer service 1/2^AP",1019226,797535.0,"@310142 i understand you're concerned regarding the refund. as mentioned in the email, kindly contact the bank customer service 1/2^ap",return_refund,auto
44926,AmazonHelp,False,Wed Nov 22 21:13:34 +0000 2017,"@125940 Thanks for reaching out, Tim- I'm sorry for any trouble! We'd like to look into this with you. What was the reason for the return? Let us know! ^BL",44927,44928.0,"@125940 thanks for reaching out, tim- i'm sorry for any trouble! we'd like to look into this with you. what was the reason for the return? let us know! ^bl",return_refund,auto
770494,AmazonHelp,False,Wed Oct 11 23:33:26 +0000 2017,"@303996 I'm so sorry about this delayed order, Eryka! Have you viewed avail refund/replacement options here: https://t.co/9CaEwW3P1G? ^SD",,770495.0,"@303996 i'm so sorry about this delayed order, eryka! have you viewed avail refund/replacement options here:  ^sd",return_refund,auto
913842,AmazonHelp,False,Fri Oct 20 12:56:33 +0000 2017,@120039 a refund to the original payment method. Appreciate your understanding. ^VN (2/2),,913841.0,@120039 a refund to the original payment method. appreciate your understanding. ^vn (2/2),return_refund,auto
812095,AmazonHelp,False,Thu Oct 12 20:09:33 +0000 2017,"@313516 If you decide you'd prefer to return it, please see https://t.co/b5EhYdEI15. Thank you for letting us know what happened! ^PF",,812093.0,"@313516 if you decide you'd prefer to return it, please see  thank you for letting us know what happened! ^pf",return_refund,auto
292838,AmazonHelp,False,Fri Oct 06 16:54:07 +0000 2017,"@125734 Hi there! Normally new games do come wrapped. If you want a return, we can help you out here: https://t.co/mOUYw7mWBf ^JD",,292839.0,"@125734 hi there! normally new games do come wrapped. if you want a return, we can help you out here:  ^jd",return_refund,auto
913842,AmazonHelp,False,Fri Oct 20 12:56:33 +0000 2017,@120039 a refund to the original payment method. Appreciate your understanding. ^VN (2/2),,913841.0,@120039 a refund to the original payment method. appreciate your understanding. ^vn (2/2),return_refund,auto
685742,AmazonHelp,False,Tue Nov 21 14:47:36 +0000 2017,@283696 It's never our intention to keep you waiting. We're working on it to make sure the refund is processed at the earliest. ^SU,,685741.0,@283696 it's never our intention to keep you waiting. we're working on it to make sure the refund is processed at the earliest. ^su,return_refund,auto
797537,AmazonHelp,False,Thu Oct 12 15:00:23 +0000 2017,"@310142 I understand you're concerned regarding the refund. As mentioned in the email, kindly contact the bank customer service 1/2^AP",1019226,797535.0,"@310142 i understand you're concerned regarding the refund. as mentioned in the email, kindly contact the bank customer service 1/2^ap",return_refund,auto
685742,AmazonHelp,False,Tue Nov 21 14:47:36 +0000 2017,@283696 It's never our intention to keep you waiting. We're working on it to make sure the refund is processed at the earliest. ^SU,,685741.0,@283696 it's never our intention to keep you waiting. we're working on it to make sure the refund is processed at the earliest. ^su,return_refund,auto
913842,AmazonHelp,False,Fri Oct 20 12:56:33 +0000 2017,@120039 a refund to the original payment method. Appreciate your understanding. ^VN (2/2),,913841.0,@120039 a refund to the original payment method. appreciate your understanding. ^vn (2/2),return_refund,auto
44926,AmazonHelp,False,Wed Nov 22 21:13:34 +0000 2017,"@125940 Thanks for reaching out, Tim- I'm sorry for any trouble! We'd like to look into this with you. What was the reason for the return? Let us know! ^BL",44927,44928.0,"@125940 thanks for reaching out, tim- i'm sorry for any trouble! we'd like to look into this with you. what was the reason for the return? let us know! ^bl",return_refund,auto
292838,AmazonHelp,False,Fri Oct 06 16:54:07 +0000 2017,"@125734 Hi there! Normally new games do come wrapped. If you want a return, we can help you out here: https://t.co/mOUYw7mWBf ^JD",,292839.0,"@125734 hi there! normally new games do come wrapped. if you want a return, we can help you out here:  ^jd",return_refund,auto
292838,AmazonHelp,False,Fri Oct 06 16:54:07 +0000 2017,"@125734 Hi there! Normally new games do come wrapped. If you want a return, we can help you out here: https://t.co/mOUYw7mWBf ^JD",,292839.0,"@125734 hi there! normally new games do come wrapped. if you want a return, we can help you out here:  ^jd",return_refund,auto
704356,AmazonHelp,False,Thu Nov 23 19:06:30 +0000 2017,@288313 I'm sorry to hear this happened! This is not the level of service we wish to provide. Let's look at refund/return options here: https://t.co/67Bcf44WUM ^TR,,704357.0,@288313 i'm sorry to hear this happened! this is not the level of service we wish to provide. let's look at refund/return options here:  ^tr,return_refund,auto
292838,AmazonHelp,False,Fri Oct 06 16:54:07 +0000 2017,"@125734 Hi there! Normally new games do come wrapped. If you want a return, we can help you out here: https://t.co/mOUYw7mWBf ^JD",,292839.0,"@125734 hi there! normally new games do come wrapped. if you want a return, we can help you out here:  ^jd",return_refund,auto
812095,AmazonHelp,False,Thu Oct 12 20:09:33 +0000 2017,"@313516 If you decide you'd prefer to return it, please see https://t.co/b5EhYdEI15. Thank you for letting us know what happened! ^PF",,812093.0,"@313516 if you decide you'd prefer to return it, please see  thank you for letting us know what happened! ^pf",return_refund,auto
292838,AmazonHelp,False,Fri Oct 06 16:54:07 +0000 2017,"@125734 Hi there! Normally new games do come wrapped. If you want a return, we can help you out here: https://t.co/mOUYw7mWBf ^JD",,292839.0,"@125734 hi there! normally new games do come wrapped. if you want a return, we can help you out here:  ^jd",return_refund,auto
913842,AmazonHelp,False,Fri Oct 20 12:56:33 +0000 2017,@120039 a refund to the original payment method. Appreciate your understanding. ^VN (2/2),,913841.0,@120039 a refund to the original payment method. appreciate your understanding. ^vn (2/2),return_refund,auto
704356,AmazonHelp,False,Thu Nov 23 19:06:30 +0000 2017,@288313 I'm sorry to hear this happened! This is not the level of service we wish to provide. Let's look at refund/return options here: https://t.co/67Bcf44WUM ^TR,,704357.0,@288313 i'm sorry to hear this happened! this is not the level of service we wish to provide. let's look at refund/return options here:  ^tr,return_refund,auto
913842,AmazonHelp,False,Fri Oct 20 12:56:33 +0000 2017,@120039 a refund to the original payment method. Appreciate your understanding. ^VN (2/2),,913841.0,@120039 a refund to the original payment method. appreciate your understanding. ^vn (2/2),return_refund,auto
913842,AmazonHelp,False,Fri Oct 20 12:56:33 +0000 2017,@120039 a refund to the original payment method. Appreciate your understanding. ^VN (2/2),,913841.0,@120039 a refund to the original payment method. appreciate your understanding. ^vn (2/2),return_refund,auto
2287504,AmazonHelp,False,Sun Nov 12 02:43:00 +0000 2017,@664617 I'm sorry your received the wrong item. Let's explore your return or replacement options here: https://t.co/YcJZKUgE8j ^GG,,2287505.0,@664617 i'm sorry your received the wrong item. let's explore your return or replacement options here:  ^gg,return_refund,auto
129699,AmazonHelp,False,Fri Nov 24 06:00:28 +0000 2017,@145240 That's strange. Let me help you out here with the refund. Kindly fill in your details here https://t.co/irLIhy2V9k and we'll reach out to you for assistance. ^VM,,129700.0,@145240 that's strange. let me help you out here with the refund. kindly fill in your details here  and we'll reach out to you for assistance. ^vm,return_refund,auto
704356,AmazonHelp,False,Thu Nov 23 19:06:30 +0000 2017,@288313 I'm sorry to hear this happened! This is not the level of service we wish to provide. Let's look at refund/return options here: https://t.co/67Bcf44WUM ^TR,,704357.0,@288313 i'm sorry to hear this happened! this is not the level of service we wish to provide. let's look at refund/return options here:  ^tr,return_refund,auto
913842,AmazonHelp,False,Fri Oct 20 12:56:33 +0000 2017,@120039 a refund to the original payment method. Appreciate your understanding. ^VN (2/2),,913841.0,@120039 a refund to the original payment method. appreciate your understanding. ^vn (2/2),return_refund,auto
129699,AmazonHelp,False,Fri Nov 24 06:00:28 +0000 2017,@145240 That's strange. Let me help you out here with the refund. Kindly fill in your details here https://t.co/irLIhy2V9k and we'll reach out to you for assistance. ^VM,,129700.0,@145240 that's strange. let me help you out here with the refund. kindly fill in your details here  and we'll reach out to you for assistance. ^vm,return_refund,auto
129699,AmazonHelp,False,Fri Nov 24 06:00:28 +0000 2017,@145240 That's strange. Let me help you out here with the refund. Kindly fill in your details here https://t.co/irLIhy2V9k and we'll reach out to you for assistance. ^VM,,129700.0,@145240 that's strange. let me help you out here with the refund. kindly fill in your details here  and we'll reach out to you for assistance. ^vm,return_refund,auto
704356,AmazonHelp,False,Thu Nov 23 19:06:30 +0000 2017,@288313 I'm sorry to hear this happened! This is not the level of service we wish to provide. Let's look at refund/return options here: https://t.co/67Bcf44WUM ^TR,,704357.0,@288313 i'm sorry to hear this happened! this is not the level of service we wish to provide. let's look at refund/return options here:  ^tr,return_refund,auto
2287504,AmazonHelp,False,Sun Nov 12 02:43:00 +0000 2017,@664617 I'm sorry your received the wrong item. Let's explore your return or replacement options here: https://t.co/YcJZKUgE8j ^GG,,2287505.0,@664617 i'm sorry your received the wrong item. let's explore your return or replacement options here:  ^gg,return_refund,auto
685742,AmazonHelp,False,Tue Nov 21 14:47:36 +0000 2017,@283696 It's never our intention to keep you waiting. We're working on it to make sure the refund is processed at the earliest. ^SU,,685741.0,@283696 it's never our intention to keep you waiting. we're working on it to make sure the refund is processed at the earliest. ^su,return_refund,auto
44926,AmazonHelp,False,Wed Nov 22 21:13:34 +0000 2017,"@125940 Thanks for reaching out, Tim- I'm sorry for any trouble! We'd like to look into this with you. What was the reason for the return? Let us know! ^BL",44927,44928.0,"@125940 thanks for reaching out, tim- i'm sorry for any trouble! we'd like to look into this with you. what was the reason for the return? let us know! ^bl",return_refund,auto
812095,AmazonHelp,False,Thu Oct 12 20:09:33 +0000 2017,"@313516 If you decide you'd prefer to return it, please see https://t.co/b5EhYdEI15. Thank you for letting us know what happened! ^PF",,812093.0,"@313516 if you decide you'd prefer to return it, please see  thank you for letting us know what happened! ^pf",return_refund,auto
44926,AmazonHelp,False,Wed Nov 22 21:13:34 +0000 2017,"@125940 Thanks for reaching out, Tim- I'm sorry for any trouble! We'd like to look into this with you. What was the reason for the return? Let us know! ^BL",44927,44928.0,"@125940 thanks for reaching out, tim- i'm sorry for any trouble! we'd like to look into this with you. what was the reason for the return? let us know! ^bl",return_refund,auto
292838,AmazonHelp,False,Fri Oct 06 16:54:07 +0000 2017,"@125734 Hi there! Normally new games do come wrapped. If you want a return, we can help you out here: https://t.co/mOUYw7mWBf ^JD",,292839.0,"@125734 hi there! normally new games do come wrapped. if you want a return, we can help you out here:  ^jd",return_refund,auto
812095,AmazonHelp,False,Thu Oct 12 20:09:33 +0000 2017,"@313516 If you decide you'd prefer to return it, please see https://t.co/b5EhYdEI15. Thank you for letting us know what happened! ^PF",,812093.0,"@313516 if you decide you'd prefer to return it, please see  thank you for letting us know what happened! ^pf",return_refund,auto
292838,AmazonHelp,False,Fri Oct 06 16:54:07 +0000 2017,"@125734 Hi there! Normally new games do come wrapped. If you want a return, we can help you out here: https://t.co/mOUYw7mWBf ^JD",,292839.0,"@125734 hi there! normally new games do come wrapped. if you want a return, we can help you out here:  ^jd",return_refund,auto
913842,AmazonHelp,False,Fri Oct 20 12:56:33 +0000 2017,@120039 a refund to the original payment method. Appreciate your understanding. ^VN (2/2),,913841.0,@120039 a refund to the original payment method. appreciate your understanding. ^vn (2/2),return_refund,auto
797537,AmazonHelp,False,Thu Oct 12 15:00:23 +0000 2017,"@310142 I understand you're concerned regarding the refund. As mentioned in the email, kindly contact the bank customer service 1/2^AP",1019226,797535.0,"@310142 i understand you're concerned regarding the refund. as mentioned in the email, kindly contact the bank customer service 1/2^ap",return_refund,auto
704356,AmazonHelp,False,Thu Nov 23 19:06:30 +0000 2017,@288313 I'm sorry to hear this happened! This is not the level of service we wish to provide. Let's look at refund/return options here: https://t.co/67Bcf44WUM ^TR,,704357.0,@288313 i'm sorry to hear this happened! this is not the level of service we wish to provide. let's look at refund/return options here:  ^tr,return_refund,auto
812095,AmazonHelp,False,Thu Oct 12 20:09:33 +0000 2017,"@313516 If you decide you'd prefer to return it, please see https://t.co/b5EhYdEI15. Thank you for letting us know what happened! ^PF",,812093.0,"@313516 if you decide you'd prefer to return it, please see  thank you for letting us know what happened! ^pf",return_refund,auto
812095,AmazonHelp,False,Thu Oct 12 20:09:33 +0000 2017,"@313516 If you decide you'd prefer to return it, please see https://t.co/b5EhYdEI15. Thank you for letting us know what happened! ^PF",,812093.0,"@313516 if you decide you'd prefer to return it, please see  thank you for letting us know what happened! ^pf",return_refund,auto
913842,AmazonHelp,False,Fri Oct 20 12:56:33 +0000 2017,@120039 a refund to the original payment method. Appreciate your understanding. ^VN (2/2),,913841.0,@120039 a refund to the original payment method. appreciate your understanding. ^vn (2/2),return_refund,auto
685742,AmazonHelp,False,Tue Nov 21 14:47:36 +0000 2017,@283696 It's never our intention to keep you waiting. We're working on it to make sure the refund is processed at the earliest. ^SU,,685741.0,@283696 it's never our intention to keep you waiting. we're working on it to make sure the refund is processed at the earliest. ^su,return_refund,auto
129699,AmazonHelp,False,Fri Nov 24 06:00:28 +0000 2017,@145240 That's strange. Let me help you out here with the refund. Kindly fill in your details here https://t.co/irLIhy2V9k and we'll reach out to you for assistance. ^VM,,129700.0,@145240 that's strange. let me help you out here with the refund. kindly fill in your details here  and we'll reach out to you for assistance. ^vm,return_refund,auto
913842,AmazonHelp,False,Fri Oct 20 12:56:33 +0000 2017,@120039 a refund to the original payment method. Appreciate your understanding. ^VN (2/2),,913841.0,@120039 a refund to the original payment method. appreciate your understanding. ^vn (2/2),return_refund,auto
962167,AmazonHelp,False,Sat Oct 21 22:14:00 +0000 2017,@139735 I'm so sorry to see this! Please feel free to check return/replacement options here: https://t.co/X6ZLmy8AKt ^BG,,962168.0,@139735 i'm so sorry to see this! please feel free to check return/replacement options here:  ^bg,return_refund,auto
2287504,AmazonHelp,False,Sun Nov 12 02:43:00 +0000 2017,@664617 I'm sorry your received the wrong item. Let's explore your return or replacement options here: https://t.co/YcJZKUgE8j ^GG,,2287505.0,@664617 i'm sorry your received the wrong item. let's explore your return or replacement options here:  ^gg,return_refund,auto
129699,AmazonHelp,False,Fri Nov 24 06:00:28 +0000 2017,@145240 That's strange. Let me help you out here with the refund. Kindly fill in your details here https://t.co/irLIhy2V9k and we'll reach out to you for assistance. ^VM,,129700.0,@145240 that's strange. let me help you out here with the refund. kindly fill in your details here  and we'll reach out to you for assistance. ^vm,return_refund,auto
704356,AmazonHelp,False,Thu Nov 23 19:06:30 +0000 2017,@288313 I'm sorry to hear this happened! This is not the level of service we wish to provide. Let's look at refund/return options here: https://t.co/67Bcf44WUM ^TR,,704357.0,@288313 i'm sorry to hear this happened! this is not the level of service we wish to provide. let's look at refund/return options here:  ^tr,return_refund,auto
129699,AmazonHelp,False,Fri Nov 24 06:00:28 +0000 2017,@145240 That's strange. Let me help you out here with the refund. Kindly fill in your details here https://t.co/irLIhy2V9k and we'll reach out to you for assistance. ^VM,,129700.0,@145240 that's strange. let me help you out here with the refund. kindly fill in your details here  and we'll reach out to you for assistance. ^vm,return_refund,auto
685742,AmazonHelp,False,Tue Nov 21 14:47:36 +0000 2017,@283696 It's never our intention to keep you waiting. We're working on it to make sure the refund is processed at the earliest. ^SU,,685741.0,@283696 it's never our intention to keep you waiting. we're working on it to make sure the refund is processed at the earliest. ^su,return_refund,auto
129699,AmazonHelp,False,Fri Nov 24 06:00:28 +0000 2017,@145240 That's strange. Let me help you out here with the refund. Kindly fill in your details here https://t.co/irLIhy2V9k and we'll reach out to you for assistance. ^VM,,129700.0,@145240 that's strange. let me help you out here with the refund. kindly fill in your details here  and we'll reach out to you for assistance. ^vm,return_refund,auto
704356,AmazonHelp,False,Thu Nov 23 19:06:30 +0000 2017,@288313 I'm sorry to hear this happened! This is not the level of service we wish to provide. Let's look at refund/return options here: https://t.co/67Bcf44WUM ^TR,,704357.0,@288313 i'm sorry to hear this happened! this is not the level of service we wish to provide. let's look at refund/return options here:  ^tr,return_refund,auto
685742,AmazonHelp,False,Tue Nov 21 14:47:36 +0000 2017,@283696 It's never our intention to keep you waiting. We're working on it to make sure the refund is processed at the earliest. ^SU,,685741.0,@283696 it's never our intention to keep you waiting. we're working on it to make sure the refund is processed at the earliest. ^su,return_refund,auto
44926,AmazonHelp,False,Wed Nov 22 21:13:34 +0000 2017,"@125940 Thanks for reaching out, Tim- I'm sorry for any trouble! We'd like to look into this with you. What was the reason for the return? Let us know! ^BL",44927,44928.0,"@125940 thanks for reaching out, tim- i'm sorry for any trouble! we'd like to look into this with you. what was the reason for the return? let us know! ^bl",return_refund,auto
812095,AmazonHelp,False,Thu Oct 12 20:09:33 +0000 2017,"@313516 If you decide you'd prefer to return it, please see https://t.co/b5EhYdEI15. Thank you for letting us know what happened! ^PF",,812093.0,"@313516 if you decide you'd prefer to return it, please see  thank you for letting us know what happened! ^pf",return_refund,auto
812095,AmazonHelp,False,Thu Oct 12 20:09:33 +0000 2017,"@313516 If you decide you'd prefer to return it, please see https://t.co/b5EhYdEI15. Thank you for letting us know what happened! ^PF",,812093.0,"@313516 if you decide you'd prefer to return it, please see  thank you for letting us know what happened! ^pf",return_refund,auto
2287504,AmazonHelp,False,Sun Nov 12 02:43:00 +0000 2017,@664617 I'm sorry your received the wrong item. Let's explore your return or replacement options here: https://t.co/YcJZKUgE8j ^GG,,2287505.0,@664617 i'm sorry your received the wrong item. let's explore your return or replacement options here:  ^gg,return_refund,auto
292838,AmazonHelp,False,Fri Oct 06 16:54:07 +0000 2017,"@125734 Hi there! Normally new games do come wrapped. If you want a return, we can help you out here: https://t.co/mOUYw7mWBf ^JD",,292839.0,"@125734 hi there! normally new games do come wrapped. if you want a return, we can help you out here:  ^jd",return_refund,auto
44926,AmazonHelp,False,Wed Nov 22 21:13:34 +0000 2017,"@125940 Thanks for reaching out, Tim- I'm sorry for any trouble! We'd like to look into this with you. What was the reason for the return? Let us know! ^BL",44927,44928.0,"@125940 thanks for reaching out, tim- i'm sorry for any trouble! we'd like to look into this with you. what was the reason for the return? let us know! ^bl",return_refund,auto
44926,AmazonHelp,False,Wed Nov 22 21:13:34 +0000 2017,"@125940 Thanks for reaching out, Tim- I'm sorry for any trouble! We'd like to look into this with you. What was the reason for the return? Let us know! ^BL",44927,44928.0,"@125940 thanks for reaching out, tim- i'm sorry for any trouble! we'd like to look into this with you. what was the reason for the return? let us know! ^bl",return_refund,auto
129699,AmazonHelp,False,Fri Nov 24 06:00:28 +0000 2017,@145240 That's strange. Let me help you out here with the refund. Kindly fill in your details here https://t.co/irLIhy2V9k and we'll reach out to you for assistance. ^VM,,129700.0,@145240 that's strange. let me help you out here with the refund. kindly fill in your details here  and we'll reach out to you for assistance. ^vm,return_refund,auto
812095,AmazonHelp,False,Thu Oct 12 20:09:33 +0000 2017,"@313516 If you decide you'd prefer to return it, please see https://t.co/b5EhYdEI15. Thank you for letting us know what happened! ^PF",,812093.0,"@313516 if you decide you'd prefer to return it, please see  thank you for letting us know what happened! ^pf",return_refund,auto
704356,AmazonHelp,False,Thu Nov 23 19:06:30 +0000 2017,@288313 I'm sorry to hear this happened! This is not the level of service we wish to provide. Let's look at refund/return options here: https://t.co/67Bcf44WUM ^TR,,704357.0,@288313 i'm sorry to hear this happened! this is not the level of service we wish to provide. let's look at refund/return options here:  ^tr,return_refund,auto
770494,AmazonHelp,False,Wed Oct 11 23:33:26 +0000 2017,"@303996 I'm so sorry about this delayed order, Eryka! Have you viewed avail refund/replacement options here: https://t.co/9CaEwW3P1G? ^SD",,770495.0,"@303996 i'm so sorry about this delayed order, eryka! have you viewed avail refund/replacement options here:  ^sd",return_refund,auto
770494,AmazonHelp,False,Wed Oct 11 23:33:26 +0000 2017,"@303996 I'm so sorry about this delayed order, Eryka! Have you viewed avail refund/replacement options here: https://t.co/9CaEwW3P1G? ^SD",,770495.0,"@303996 i'm so sorry about this delayed order, eryka! have you viewed avail refund/replacement options here:  ^sd",return_refund,auto
685742,AmazonHelp,False,Tue Nov 21 14:47:36 +0000 2017,@283696 It's never our intention to keep you waiting. We're working on it to make sure the refund is processed at the earliest. ^SU,,685741.0,@283696 it's never our intention to keep you waiting. we're working on it to make sure the refund is processed at the earliest. ^su,return_refund,auto
812095,AmazonHelp,False,Thu Oct 12 20:09:33 +0000 2017,"@313516 If you decide you'd prefer to return it, please see https://t.co/b5EhYdEI15. Thank you for letting us know what happened! ^PF",,812093.0,"@313516 if you decide you'd prefer to return it, please see  thank you for letting us know what happened! ^pf",return_refund,auto
812095,AmazonHelp,False,Thu Oct 12 20:09:33 +0000 2017,"@313516 If you decide you'd prefer to return it, please see https://t.co/b5EhYdEI15. Thank you for letting us know what happened! ^PF",,812093.0,"@313516 if you decide you'd prefer to return it, please see  thank you for letting us know what happened! ^pf",return_refund,auto
2287504,AmazonHelp,False,Sun Nov 12 02:43:00 +0000 2017,@664617 I'm sorry your received the wrong item. Let's explore your return or replacement options here: https://t.co/YcJZKUgE8j ^GG,,2287505.0,@664617 i'm sorry your received the wrong item. let's explore your return or replacement options here:  ^gg,return_refund,auto
770494,AmazonHelp,False,Wed Oct 11 23:33:26 +0000 2017,"@303996 I'm so sorry about this delayed order, Eryka! Have you viewed avail refund/replacement options here: https://t.co/9CaEwW3P1G? ^SD",,770495.0,"@303996 i'm so sorry about this delayed order, eryka! have you viewed avail refund/replacement options here:  ^sd",return_refund,auto
812095,AmazonHelp,False,Thu Oct 12 20:09:33 +0000 2017,"@313516 If you decide you'd prefer to return it, please see https://t.co/b5EhYdEI15. Thank you for letting us know what happened! ^PF",,812093.0,"@313516 if you decide you'd prefer to return it, please see  thank you for letting us know what happened! ^pf",return_refund,auto
2287504,AmazonHelp,False,Sun Nov 12 02:43:00 +0000 2017,@664617 I'm sorry your received the wrong item. Let's explore your return or replacement options here: https://t.co/YcJZKUgE8j ^GG,,2287505.0,@664617 i'm sorry your received the wrong item. let's explore your return or replacement options here:  ^gg,return_refund,auto
129699,AmazonHelp,False,Fri Nov 24 06:00:28 +0000 2017,@145240 That's strange. Let me help you out here with the refund. Kindly fill in your details here https://t.co/irLIhy2V9k and we'll reach out to you for assistance. ^VM,,129700.0,@145240 that's strange. let me help you out here with the refund. kindly fill in your details here  and we'll reach out to you for assistance. ^vm,return_refund,auto
962167,AmazonHelp,False,Sat Oct 21 22:14:00 +0000 2017,@139735 I'm so sorry to see this! Please feel free to check return/replacement options here: https://t.co/X6ZLmy8AKt ^BG,,962168.0,@139735 i'm so sorry to see this! please feel free to check return/replacement options here:  ^bg,return_refund,auto
797537,AmazonHelp,False,Thu Oct 12 15:00:23 +0000 2017,"@310142 I understand you're concerned regarding the refund. As mentioned in the email, kindly contact the bank customer service 1/2^AP",1019226,797535.0,"@310142 i understand you're concerned regarding the refund. as mentioned in the email, kindly contact the bank customer service 1/2^ap",return_refund,auto
44926,AmazonHelp,False,Wed Nov 22 21:13:34 +0000 2017,"@125940 Thanks for reaching out, Tim- I'm sorry for any trouble! We'd like to look into this with you. What was the reason for the return? Let us know! ^BL",44927,44928.0,"@125940 thanks for reaching out, tim- i'm sorry for any trouble! we'd like to look into this with you. what was the reason for the return? let us know! ^bl",return_refund,auto
292838,AmazonHelp,False,Fri Oct 06 16:54:07 +0000 2017,"@125734 Hi there! Normally new games do come wrapped. If you want a return, we can help you out here: https://t.co/mOUYw7mWBf ^JD",,292839.0,"@125734 hi there! normally new games do come wrapped. if you want a return, we can help you out here:  ^jd",return_refund,auto
685742,AmazonHelp,False,Tue Nov 21 14:47:36 +0000 2017,@283696 It's never our intention to keep you waiting. We're working on it to make sure the refund is processed at the earliest. ^SU,,685741.0,@283696 it's never our intention to keep you waiting. we're working on it to make sure the refund is processed at the earliest. ^su,return_refund,auto
962167,AmazonHelp,False,Sat Oct 21 22:14:00 +0000 2017,@139735 I'm so sorry to see this! Please feel free to check return/replacement options here: https://t.co/X6ZLmy8AKt ^BG,,962168.0,@139735 i'm so sorry to see this! please feel free to check return/replacement options here:  ^bg,return_refund,auto
770494,AmazonHelp,False,Wed Oct 11 23:33:26 +0000 2017,"@303996 I'm so sorry about this delayed order, Eryka! Have you viewed avail refund/replacement options here: https://t.co/9CaEwW3P1G? ^SD",,770495.0,"@303996 i'm so sorry about this delayed order, eryka! have you viewed avail refund/replacement options here:  ^sd",return_refund,auto
2287504,AmazonHelp,False,Sun Nov 12 02:43:00 +0000 2017,@664617 I'm sorry your received the wrong item. Let's explore your return or replacement options here: https://t.co/YcJZKUgE8j ^GG,,2287505.0,@664617 i'm sorry your received the wrong item. let's explore your return or replacement options here:  ^gg,return_refund,auto
44926,AmazonHelp,False,Wed Nov 22 21:13:34 +0000 2017,"@125940 Thanks for reaching out, Tim- I'm sorry for any trouble! We'd like to look into this with you. What was the reason for the return? Let us know! ^BL",44927,44928.0,"@125940 thanks for reaching out, tim- i'm sorry for any trouble! we'd like to look into this with you. what was the reason for the return? let us know! ^bl",return_refund,auto
812095,AmazonHelp,False,Thu Oct 12 20:09:33 +0000 2017,"@313516 If you decide you'd prefer to return it, please see https://t.co/b5EhYdEI15. Thank you for letting us know what happened! ^PF",,812093.0,"@313516 if you decide you'd prefer to return it, please see  thank you for letting us know what happened! ^pf",return_refund,auto
292838,AmazonHelp,False,Fri Oct 06 16:54:07 +0000 2017,"@125734 Hi there! Normally new games do come wrapped. If you want a return, we can help you out here: https://t.co/mOUYw7mWBf ^JD",,292839.0,"@125734 hi there! normally new games do come wrapped. if you want a return, we can help you out here:  ^jd",return_refund,auto
812095,AmazonHelp,False,Thu Oct 12 20:09:33 +0000 2017,"@313516 If you decide you'd prefer to return it, please see https://t.co/b5EhYdEI15. Thank you for letting us know what happened! ^PF",,812093.0,"@313516 if you decide you'd prefer to return it, please see  thank you for letting us know what happened! ^pf",return_refund,auto
704356,AmazonHelp,False,Thu Nov 23 19:06:30 +0000 2017,@288313 I'm sorry to hear this happened! This is not the level of service we wish to provide. Let's look at refund/return options here: https://t.co/67Bcf44WUM ^TR,,704357.0,@288313 i'm sorry to hear this happened! this is not the level of service we wish to provide. let's look at refund/return options here:  ^tr,return_refund,auto
704356,AmazonHelp,False,Thu Nov 23 19:06:30 +0000 2017,@288313 I'm sorry to hear this happened! This is not the level of service we wish to provide. Let's look at refund/return options here: https://t.co/67Bcf44WUM ^TR,,704357.0,@288313 i'm sorry to hear this happened! this is not the level of service we wish to provide. let's look at refund/return options here:  ^tr,return_refund,auto
292838,AmazonHelp,False,Fri Oct 06 16:54:07 +0000 2017,"@125734 Hi there! Normally new games do come wrapped. If you want a return, we can help you out here: https://t.co/mOUYw7mWBf ^JD",,292839.0,"@125734 hi there! normally new games do come wrapped. if you want a return, we can help you out here:  ^jd",return_refund,auto
2287504,AmazonHelp,False,Sun Nov 12 02:43:00 +0000 2017,@664617 I'm sorry your received the wrong item. Let's explore your return or replacement options here: https://t.co/YcJZKUgE8j ^GG,,2287505.0,@664617 i'm sorry your received the wrong item. let's explore your return or replacement options here:  ^gg,return_refund,auto
292838,AmazonHelp,False,Fri Oct 06 16:54:07 +0000 2017,"@125734 Hi there! Normally new games do come wrapped. If you want a return, we can help you out here: https://t.co/mOUYw7mWBf ^JD",,292839.0,"@125734 hi there! normally new games do come wrapped. if you want a return, we can help you out here:  ^jd",return_refund,auto
770494,AmazonHelp,False,Wed Oct 11 23:33:26 +0000 2017,"@303996 I'm so sorry about this delayed order, Eryka! Have you viewed avail refund/replacement options here: https://t.co/9CaEwW3P1G? ^SD",,770495.0,"@303996 i'm so sorry about this delayed order, eryka! have you viewed avail refund/replacement options here:  ^sd",return_refund,auto
292838,AmazonHelp,False,Fri Oct 06 16:54:07 +0000 2017,"@125734 Hi there! Normally new games do come wrapped. If you want a return, we can help you out here: https://t.co/mOUYw7mWBf ^JD",,292839.0,"@125734 hi there! normally new games do come wrapped. if you want a return, we can help you out here:  ^jd",return_refund,auto
129699,AmazonHelp,False,Fri Nov 24 06:00:28 +0000 2017,@145240 That's strange. Let me help you out here with the refund. Kindly fill in your details here https://t.co/irLIhy2V9k and we'll reach out to you for assistance. ^VM,,129700.0,@145240 that's strange. let me help you out here with the refund. kindly fill in your details here  and we'll reach out to you for assistance. ^vm,return_refund,auto
812095,AmazonHelp,False,Thu Oct 12 20:09:33 +0000 2017,"@313516 If you decide you'd prefer to return it, please see https://t.co/b5EhYdEI15. Thank you for letting us know what happened! ^PF",,812093.0,"@313516 if you decide you'd prefer to return it, please see  thank you for letting us know what happened! ^pf",return_refund,auto
962167,AmazonHelp,False,Sat Oct 21 22:14:00 +0000 2017,@139735 I'm so sorry to see this! Please feel free to check return/replacement options here: https://t.co/X6ZLmy8AKt ^BG,,962168.0,@139735 i'm so sorry to see this! please feel free to check return/replacement options here:  ^bg,return_refund,auto
913842,AmazonHelp,False,Fri Oct 20 12:56:33 +0000 2017,@120039 a refund to the original payment method. Appreciate your understanding. ^VN (2/2),,913841.0,@120039 a refund to the original payment method. appreciate your understanding. ^vn (2/2),return_refund,auto
